experiment,config,variant,accuracy,beta,barrier,margin,status,heavy_status,success,wall_clock,steps,convex_solves,geometry_queries,feasibility_calls,time_problem_build,time_geometry,time_feasibility,time_solve,surface_triangles,tetrahedra,num_velocities
spiral,bm0.0001-acc0.001-beta0.01,spiral,0.001,0.01,0.0001,0.0001,heavy-only,ok,yes,,1562,8011,4175,8011,,,,,10080,54792,6
spiral,bm0.0001-acc0.001-beta0.1,spiral,0.001,0.1,0.0001,0.0001,heavy-only,ok,yes,,1678,8621,4497,8621,,,,,10080,54792,6
spiral,bm0.0001-acc0.001-beta1,spiral,0.001,1.0,0.0001,0.0001,heavy-only,ok,yes,,1610,8488,4365,8488,,,,,10080,54792,6
spiral,bm0.0001-acc0.01-beta0.01,spiral,0.01,0.01,0.0001,0.0001,heavy-only,ok,yes,,601,3122,1580,3122,,,,,10080,54792,6
spiral,bm0.0001-acc0.01-beta0.1,spiral,0.01,0.1,0.0001,0.0001,heavy-only,ok,yes,,624,3341,1676,3341,,,,,10080,54792,6
spiral,bm0.0001-acc0.01-beta1,spiral,0.01,1.0,0.0001,0.0001,heavy-only,ok,yes,,602,2969,1494,2969,,,,,10080,54792,6
spiral,bm0.0001-acc0.1-beta0.01,spiral,0.1,0.01,0.0001,0.0001,heavy-only,ok,NO(stuck),,166,718,368,718,,,,,10080,54792,6
spiral,bm0.0001-acc0.1-beta0.1,spiral,0.1,0.1,0.0001,0.0001,heavy-only,ok,NO(stuck),,175,760,386,760,,,,,10080,54792,6
spiral,bm0.0001-acc0.1-beta1,spiral,0.1,1.0,0.0001,0.0001,heavy-only,ok,NO(stuck),,298,1347,618,1347,,,,,10080,54792,6
spiral,bm1e-05-acc0.001-beta0.01,spiral,0.001,0.01,1e-05,1e-05,heavy-only,ok,yes,,2049,10471,4613,10471,,,,,10080,54792,6
spiral,bm1e-05-acc0.001-beta0.1,spiral,0.001,0.1,1e-05,1e-05,heavy-only,ok,yes,,1932,9839,4371,9839,,,,,10080,54792,6
spiral,bm1e-05-acc0.001-beta1,spiral,0.001,1.0,1e-05,1e-05,heavy-only,ok,yes,,2231,11215,4953,11215,,,,,10080,54792,6
spiral,bm1e-05-acc0.01-beta0.01,spiral,0.01,0.01,1e-05,1e-05,heavy-only,ok,yes,,1758,9795,3966,9795,,,,,10080,54792,6
spiral,bm1e-05-acc0.01-beta0.1,spiral,0.01,0.1,1e-05,1e-05,heavy-only,ok,yes,,1896,10615,4246,10615,,,,,10080,54792,6
spiral,bm1e-05-acc0.01-beta1,spiral,0.01,1.0,1e-05,1e-05,heavy-only,ok,yes,,1997,11030,4354,11030,,,,,10080,54792,6
spiral,bm1e-05-acc0.1-beta0.01,spiral,0.1,0.01,1e-05,1e-05,heavy-only,ok,yes,,1765,10352,4071,10352,,,,,10080,54792,6
spiral,bm1e-05-acc0.1-beta0.1,spiral,0.1,0.1,1e-05,1e-05,heavy-only,ok,yes,,1919,11188,4374,11188,,,,,10080,54792,6
spiral,bm1e-05-acc0.1-beta1,spiral,0.1,1.0,1e-05,1e-05,heavy-only,ok,yes,,1873,10623,4094,10623,,,,,10080,54792,6
spiral,bm2e-05-acc0.001-beta0.01,spiral,0.001,0.01,2e-05,2e-05,heavy-only,ok,yes,,1388,6805,3202,6805,,,,,10080,54792,6
spiral,bm2e-05-acc0.001-beta0.1,spiral,0.001,0.1,2e-05,2e-05,heavy-only,ok,yes,,1596,7903,3674,7903,,,,,10080,54792,6
spiral,bm2e-05-acc0.001-beta1,spiral,0.001,1.0,2e-05,2e-05,heavy-only,ok,yes,,1607,7774,3629,7774,,,,,10080,54792,6
spiral,bm2e-05-acc0.01-beta0.01,spiral,0.01,0.01,2e-05,2e-05,heavy-only,ok,yes,,1293,7166,2971,7166,,,,,10080,54792,6
spiral,bm2e-05-acc0.01-beta0.1,spiral,0.01,0.1,2e-05,2e-05,heavy-only,ok,yes,,1266,7445,3109,7445,,,,,10080,54792,6
spiral,bm2e-05-acc0.01-beta1,spiral,0.01,1.0,2e-05,2e-05,heavy-only,ok,yes,,1395,7794,3203,7794,,,,,10080,54792,6
spiral,bm2e-05-acc0.1-beta0.01,spiral,0.1,0.01,2e-05,2e-05,heavy-only,ok,yes,,912,5124,2044,5124,,,,,10080,54792,6
spiral,bm2e-05-acc0.1-beta0.1,spiral,0.1,0.1,2e-05,2e-05,heavy-only,ok,yes,,918,4911,1947,4911,,,,,10080,54792,6
spiral,bm2e-05-acc0.1-beta1,spiral,0.1,1.0,2e-05,2e-05,heavy-only,ok,yes,,1115,6164,2407,6164,,,,,10080,54792,6
spiral,bm5e-05-acc0.001-beta0.01,spiral,0.001,0.01,5e-05,5e-05,heavy-only,ok,yes,,997,4805,2424,4805,,,,,10080,54792,6
spiral,bm5e-05-acc0.001-beta0.1,spiral,0.001,0.1,5e-05,5e-05,heavy-only,ok,yes,,1037,4846,2443,4846,,,,,10080,54792,6
spiral,bm5e-05-acc0.001-beta1,spiral,0.001,1.0,5e-05,5e-05,heavy-only,ok,yes,,1065,4940,2527,4940,,,,,10080,54792,6
spiral,bm5e-05-acc0.01-beta0.01,spiral,0.01,0.01,5e-05,5e-05,heavy-only,ok,yes,,671,3684,1577,3684,,,,,10080,54792,6
spiral,bm5e-05-acc0.01-beta0.1,spiral,0.01,0.1,5e-05,5e-05,heavy-only,ok,yes,,684,3704,1586,3704,,,,,10080,54792,6
spiral,bm5e-05-acc0.01-beta1,spiral,0.01,1.0,5e-05,5e-05,heavy-only,ok,yes,,733,3802,1617,3802,,,,,10080,54792,6
spiral,bm5e-05-acc0.1-beta0.01,spiral,0.1,0.01,5e-05,5e-05,heavy-only,ok,yes,,699,4118,1655,4118,,,,,10080,54792,6
spiral,bm5e-05-acc0.1-beta0.1,spiral,0.1,0.1,5e-05,5e-05,heavy-only,ok,yes,,664,3911,1597,3911,,,,,10080,54792,6
spiral,bm5e-05-acc0.1-beta1,spiral,0.1,1.0,5e-05,5e-05,heavy-only,ok,yes,,809,4677,1902,4677,,,,,10080,54792,6
