full_step	0	0.010000000000000002	3	0	0	0	194073461.6709284	166668658.48267555	0.11577903724524674	0.05381655237184214	62
half_step_1	0	0.005000000000000001	3	0	0	0	206554876.94968614	205755755.6219993	0.11577903724524674	0.05381655237184214	62
half_step_2	0.005000000000000001	0.005000000000000001	3	0	0	0	206554876.94968614	168664704.48853013	0.11465239188765253	0.05501639280577619	64
full_step	0.010000000000000002	0.03483849846784992	7	3	3	0.42857142857142855	206554876.94968614	29493779.141821187	0.1135127190706342	0.05247102693150961	62
full_step	0.010000000000000002	0.027554336274733037	7	3	3	0.42857142857142855	206554876.94968614	40403003.75242202	0.1135127190706342	0.05247102693150961	62
half_step_1	0.010000000000000002	0.013777168137366519	3	10	7	3.3333333333333335	206554876.94968614	100145599.39341854	0.1135127190706342	0.05247102693150961	62
half_step_2	0.023777168137366522	0.013777168137366519	3	9	9	3	206554876.94968614	81368272.11844717	0.1119940037932281	0.05252665324537569	63
full_step	0.037554336274733036	0.04061011372366351	8	12	4	1.5	206554876.94968614	20641539.611513905	0.11000488701365185	0.042618056870588394	64
full_step	0.037554336274733036	0.005536651749780641	4	11	11	2.75	206554876.94968614	93549777.31499732	0.11000488701365185	0.042618056870588394	64
half_step_1	0.037554336274733036	0.0027683258748903206	5	12	12	2.4	206554876.94968614	72121870.6289478	0.11000488701365185	0.042618056870588394	64
half_step_2	0.04032266214962336	0.0027683258748903206	5	8	8	1.6	206554876.94968614	55511696.219061166	0.10891292203397995	0.049846975498083215	62
full_step	0.04309098802451368	0.02753763102829867	10	11	8	1.1	1196010962.2522206	79633969.9035068	0.10779638970523564	-0.06308248387832292	122
full_step	0.04309098802451368	0.01078404923458997	17	45	10	2.6470588235294117	1196010962.2522206	60116936.00773811	0.10779638970523564	-0.06308248387832292	122
half_step_1	0.04309098802451368	0.005392024617294985	15	56	14	3.7333333333333334	1196010962.2522206	71142575.13339029	0.10779638970523564	-0.06308248387832292	122
half_step_2	0.04848301264180867	0.005392024617294985	5	13	9	2.6	1196010962.2522206	87372096.88630491	0.1058763284396278	-0.0784582330018228	144
full_step	0.05387503725910365	0.03772959896089069	13	25	6	1.9230769230769231	1196010962.2522206	138648519.64832202	0.3094626738359878	-0.09324810762451266	251
full_step	0.05387503725910365	0.03424191318707564	12	17	6	1.4166666666666667	1196010962.2522206	138344233.63243395	0.3094626738359878	-0.09324810762451266	251
half_step_1	0.05387503725910365	0.01712095659353782	12	38	8	3.1666666666666665	1196010962.2522206	122826892.60089122	0.3094626738359878	-0.09324810762451266	251
half_step_2	0.07099599385264146	0.01712095659353782	5	27	19	5.4	1196010962.2522206	27082619.79071997	0.29684607327245516	-0.09297944893666552	257
full_step	0.08811695044617929	0.03424191318707564	5	15	7	3	1196010962.2522206	43610244.574815646	0.17752109635088686	-0.11388052921622986	307
full_step	0.08811695044617929	0.004484844518120727	5	7	4	1.4	1196010962.2522206	7271161.551315502	0.17752109635088686	-0.11388052921622986	307
half_step_1	0.08811695044617929	0.0022424222590603634	6	13	5	2.1666666666666665	1196010962.2522206	34740864.01833402	0.17752109635088686	-0.11388052921622986	307
half_step_2	0.09035937270523965	0.0022424222590603634	5	11	8	2.2	1196010962.2522206	10650417.543290103	0.09774192032824658	-0.12395894401001004	304
full_step	0.09260179496430002	0.020275930336486458	10	3	3	0.3	4148284348.4834805	522044332.79069996	0.580082176730059	-0.13069618243916933	516
full_step	0.09260179496430002	0.00613872114953841	13	28	10	2.1538461538461537	4148284348.4834805	662885309.3916042	0.580082176730059	-0.13069618243916933	516
half_step_1	0.09260179496430002	0.003069360574769205	11	20	7	1.8181818181818181	4148284348.4834805	599145270.8767703	0.580082176730059	-0.13069618243916933	516
half_step_2	0.09567115553906923	0.003069360574769205	7	16	7	2.2857142857142856	4148284348.4834805	115018902.86530164	0.5608314363998872	-0.13518806760883156	494
full_step	0.09874051611383843	0.01926967998785989	11	10	4	0.9090909090909091	4148284348.4834805	61923853.72617946	0.7787908570841537	-0.13673882402755227	640
full_step	0.09874051611383843	0.011671481539468785	12	12	5	1	4148284348.4834805	74324685.9471601	0.7787908570841537	-0.13673882402755227	640
half_step_1	0.09874051611383843	0.005835740769734392	9	21	6	2.3333333333333335	4148284348.4834805	78285769.35418776	0.7787908570841537	-0.13673882402755227	640
half_step_2	0.10457625688357282	0.005835740769734392	9	33	12	3.6666666666666665	4148284348.4834805	15683216.364166552	0.624424864121039	-0.1344467544729825	597
full_step	0.11041199765330721	0.011671481539468785	11	24	10	2.1818181818181817	4148284348.4834805	111669089.83730684	1.5710987725219496	-0.12485919574258052	705
half_step_1	0.11041199765330721	0.005835740769734392	12	26	7	2.1666666666666665	4148284348.4834805	114497467.74569349	1.5710987725219496	-0.12485919574258052	705
half_step_2	0.1162477384230416	0.005835740769734392	8	11	4	1.375	4148284348.4834805	20475579.68200312	1.4981994683008608	-0.12522419825112008	685
full_step	0.122083479192776	0.019566253011028226	7	8	4	1.1428571428571428	4148284348.4834805	35894065.54315152	1.213753427496762	-0.13822624500495095	597
full_step	0.122083479192776	0.011576709732149514	7	8	4	1.1428571428571428	4148284348.4834805	17026188.0459427	1.213753427496762	-0.13822624500495095	597
half_step_1	0.122083479192776	0.005788354866074757	7	16	6	2.2857142857142856	4148284348.4834805	7516541.334087288	1.213753427496762	-0.13822624500495095	597
half_step_2	0.12787183405885075	0.005788354866074757	8	40	9	5	4148284348.4834805	27702633.8732969	0.8542974131833247	-0.13953636434583408	517
full_step	0.1336601889249255	0.022797668430209132	13	33	8	2.5384615384615383	4148284348.4834805	88953767.96769686	1.4606076605474243	-0.11141517653171762	623
full_step	0.1336601889249255	0.008304032627845464	11	16	5	1.4545454545454546	4148284348.4834805	213050714.4584174	1.4606076605474243	-0.11141517653171762	623
half_step_1	0.1336601889249255	0.004152016313922732	12	30	4	2.5	4148284348.4834805	272533042.12336403	1.4606076605474243	-0.11141517653171762	623
half_step_2	0.13781220523884824	0.004152016313922732	14	35	8	2.5	4148284348.4834805	226955477.14654824	1.4093593277712628	-0.1280882485513932	851
full_step	0.1336601889249255	0.006817064873776154	14	27	5	1.9285714285714286	4148284348.4834805	237236054.40561113	1.4606076605474243	-0.11141517653171762	623
half_step_1	0.1336601889249255	0.003408532436888077	7	7	4	1	4148284348.4834805	280697311.2564504	1.4606076605474243	-0.11141517653171762	623
half_step_2	0.13706872136181358	0.003408532436888077	11	34	10	3.090909090909091	4148284348.4834805	172543038.53953546	1.4091125799180872	-0.12880060114145064	824
full_step	0.1336601889249255	0.006080685568675578	13	30	7	2.3076923076923075	4148284348.4834805	248439136.08799133	1.4606076605474243	-0.11141517653171762	623
half_step_1	0.1336601889249255	0.003040342784337789	7	7	4	1	4148284348.4834805	286005624.80782044	1.4606076605474243	-0.11141517653171762	623
half_step_2	0.1367005317092633	0.003040342784337789	9	17	6	1.8888888888888888	4148284348.4834805	47325936.067777045	1.4095995269485329	-0.12502859018671747	760
full_step	0.1397408744936011	0.006080685568675578	8	41	12	5.125	4148284348.4834805	38010765.33803963	1.264849989144075	-0.12994853914297452	694
full_step	0.1397408744936011	0.003441810895967757	9	38	10	4.222222222222222	4148284348.4834805	27706908.142787125	1.264849989144075	-0.12994853914297452	694
half_step_1	0.1397408744936011	0.0017209054479838785	10	38	12	3.8	4148284348.4834805	34524854.99100952	1.264849989144075	-0.12994853914297452	694
half_step_2	0.14146177994158496	0.0017209054479838785	8	26	6	3.25	4148284348.4834805	25905580.24915192	1.1573299419367942	-0.13149035343340648	651
full_step	0.14318268538956885	0.005520595106665995	14	25	7	1.7857142857142858	4148284348.4834805	188829381.9494083	1.6822887754859295	-0.03425902961214102	867
half_step_1	0.14318268538956885	0.0027602975533329976	10	36	8	3.6	4148284348.4834805	189471749.89415532	1.6822887754859295	-0.03425902961214102	867
half_step_2	0.14594298294290184	0.0027602975533329976	11	40	8	3.6363636363636362	4148284348.4834805	15392921.151152464	1.5846969695584079	-0.05749617283382246	847
full_step	0.14870328049623485	0.006753751176507392	6	11	5	1.8333333333333333	4148284348.4834805	5469851.884129814	1.3771058095506987	-0.07307425810908579	850
full_step	0.14870328049623485	0.004518256294122516	5	4	4	0.8	4148284348.4834805	5848637.169015823	1.3771058095506987	-0.07307425810908579	850
half_step_1	0.14870328049623485	0.002259128147061258	8	17	8	2.125	4148284348.4834805	11469923.834534004	1.3771058095506987	-0.07307425810908579	850
half_step_2	0.1509624086432961	0.002259128147061258	7	20	10	2.857142857142857	4148284348.4834805	6274005.359608472	1.179583554984589	-0.08999179201644823	825
full_step	0.15322153679035738	0.007557482180458462	12	8	4	0.6666666666666666	9327644934.100645	2421972382.584248	1.5568545372866112	-0.029484135395743807	1022
half_step_1	0.15322153679035738	0.003778741090229231	15	46	7	3.066666666666667	9327644934.100645	1768466953.9971738	1.5568545372866112	-0.029484135395743807	1022
half_step_2	0.15700027788058663	0.003778741090229231	12	52	12	4.333333333333333	9327644934.100645	249375819.8634088	1.437215956085744	-0.059131289608539535	1092
full_step	0.16077901897081584	0.014055669130677387	21	55	9	2.619047619047619	9327644934.100645	783182526.0408977	1.143282053727468	-0.03922899227410661	1244
half_step_1	0.16077901897081584	0.0070278345653386936	13	11	6	0.8461538461538461	9327644934.100645	731609183.8333297	1.143282053727468	-0.03922899227410661	1244
half_step_2	0.16780685353615454	0.0070278345653386936	13	53	9	4.076923076923077	9327644934.100645	96046500.3926654	0.8115750547070206	-0.09957589847996123	1151
full_step	0.17483468810149322	0.014055669130677387	11	28	6	2.5454545454545454	9327644934.100645	47742714.34939774	0.3435137756790638	-0.1448268108654146	943
half_step_1	0.17483468810149322	0.0070278345653386936	6	14	6	2.3333333333333335	9327644934.100645	75929480.68536127	0.3435137756790638	-0.1448268108654146	943
half_step_2	0.18186252266683192	0.0070278345653386936	8	24	7	3	9327644934.100645	81850757.83577083	0.0674982142907723	-0.16045284851984476	795
full_step	0.1888903572321706	0.017373842117717392	14	40	12	2.857142857142857	9327644934.100645	37647787.567429475	0.04499277096726928	-0.16289514539881467	776
full_step	0.1888903572321706	0.012638052703299115	13	40	8	3.076923076923077	9327644934.100645	34297948.97528677	0.04499277096726928	-0.16289514539881467	776
half_step_1	0.1888903572321706	0.006319026351649558	15	53	9	3.533333333333333	9327644934.100645	44777729.17191847	0.04499277096726928	-0.16289514539881467	776
half_step_2	0.19520938358382015	0.006319026351649558	16	58	8	3.625	9327644934.100645	84096356.97671624	0.20597106916355834	-0.16534738042024524	774
full_step	0.20152840993546972	0.012638052703299115	16	29	7	1.8125	9327644934.100645	974801231.4406719	0.8461410192175052	-0.14705770503053	866
full_step	0.20152840993546972	0.001728759036304587	22	85	11	3.8636363636363638	9327644934.100645	1079511358.6260688	0.8461410192175052	-0.14705770503053	866
half_step_1	0.20152840993546972	0.0008643795181522935	17	75	12	4.411764705882353	9327644934.100645	794314898.6356164	0.8461410192175052	-0.14705770503053	866
half_step_2	0.20239278945362202	0.0008643795181522935	17	50	8	2.9411764705882355	9327644934.100645	985668517.9857574	0.7966321773487763	-0.0768707299969399	1160
full_step	0.20325716897177432	0.0020876527009181483	12	54	14	4.5	9327644934.100645	124458331.69794728	0.7069192735487562	-0.08815900158912895	1164
half_step_1	0.20325716897177432	0.0010438263504590742	7	30	12	4.285714285714286	9327644934.100645	107997630.74219576	0.7069192735487562	-0.08815900158912895	1164
half_step_2	0.2043009953222334	0.0010438263504590742	11	44	10	4	9327644934.100645	68761727.775221	0.5749545262033919	-0.1020711965605719	1084
full_step	0.20534482167269247	0.006886934906693633	15	60	8	4	9327644934.100645	31049907.896350592	0.43673360747642853	-0.11548187963537584	1033
half_step_1	0.20534482167269247	0.0034434674533468167	14	69	10	4.928571428571429	9327644934.100645	38956164.848622374	0.43673360747642853	-0.11548187963537584	1033
half_step_2	0.20878828912603928	0.0034434674533468167	11	38	9	3.4545454545454546	9327644934.100645	6060334.362254809	0.09070205934747566	-0.16194334774008803	768
full_step	0.2122317565793861	0.011988521465717425	8	17	6	2.125	9327644934.100645	22293763.501838114	0.01096792934463764	-0.1721450236089346	474
full_step	0.2122317565793861	0.001801774303648587	4	17	6	4.25	9327644934.100645	3459688.266140997	0.01096792934463764	-0.1721450236089346	474
half_step_1	0.2122317565793861	0.0009008871518242935	6	26	8	4.333333333333333	9327644934.100645	4414208.289001043	0.01096792934463764	-0.1721450236089346	474
half_step_2	0.21313264373121038	0.0009008871518242935	10	22	7	2.2	9327644934.100645	42690993.49490934	0.324159900890602	-0.1662150584690396	519
full_step	0.2122317565793861	0.0015350173992732573	4	16	6	4	9327644934.100645	3353768.094002585	0.01096792934463764	-0.1721450236089346	474
half_step_1	0.2122317565793861	0.0007675086996366287	5	19	8	3.8	9327644934.100645	4255947.87469883	0.01096792934463764	-0.1721450236089346	474
half_step_2	0.21299926527902271	0.0007675086996366287	15	36	8	2.4	9327644934.100645	8735823.054909255	0.11896315727958573	-0.1702104286082849	504
full_step	0.2122317565793861	0.0013495164410525357	4	19	6	4.75	9327644934.100645	3239548.1502140714	0.01096792934463764	-0.1721450236089346	474
half_step_1	0.2122317565793861	0.0006747582205262678	4	12	6	3	9327644934.100645	3716377.225762076	0.01096792934463764	-0.1721450236089346	474
half_step_2	0.21290651479991235	0.0006747582205262678	12	28	9	2.3333333333333335	9327644934.100645	1064300.8358024117	0.005696055791815979	-0.1701784132168928	477
full_step	0.2122317565793861	0.001057723179541223	7	30	11	4.285714285714286	9327644934.100645	3768674.0969927344	0.01096792934463764	-0.1721450236089346	474
half_step_1	0.2122317565793861	0.0005288615897706115	5	21	9	4.2	9327644934.100645	2791313.755462277	0.01096792934463764	-0.1721450236089346	474
half_step_2	0.2127606181691567	0.0005288615897706115	4	15	9	3.75	9327644934.100645	1345057.2765451872	0.006446982386535183	-0.17183070141208304	474
full_step	0.21328947975892731	0.005288615897706115	11	12	4	1.0909090909090908	9327644934.100645	61175831.644211076	0.5658175730887054	-0.15886353919555152	515
full_step	0.21328947975892731	0.0038736765513714745	14	29	7	2.0714285714285716	9327644934.100645	61836621.366076924	0.5658175730887054	-0.15886353919555152	515
half_step_1	0.21328947975892731	0.0019368382756857372	12	28	9	2.3333333333333335	9327644934.100645	57960793.58058479	0.5658175730887054	-0.15886353919555152	515
half_step_2	0.21522631803461306	0.0019368382756857372	13	34	8	2.6153846153846154	9327644934.100645	191396251.80847895	0.4872460653839701	-0.15113820162703595	687
full_step	0.21328947975892731	0.0024196053097787443	15	39	8	2.6	9327644934.100645	57931575.10423263	0.5658175730887054	-0.15886353919555152	515
half_step_1	0.21328947975892731	0.0012098026548893722	15	50	10	3.3333333333333335	9327644934.100645	56625632.92124	0.5658175730887054	-0.15886353919555152	515
half_step_2	0.2144992824138167	0.0012098026548893722	17	58	10	3.411764705882353	9327644934.100645	36858079.299073726	0.512950192270968	-0.15794073062840505	655
full_step	0.21570908506870606	0.0029066800312489193	11	16	5	1.4545454545454546	9327644934.100645	20824230.875609983	0.4059426083240263	-0.16225315503840226	727
half_step_1	0.21570908506870606	0.0014533400156244596	16	52	9	3.25	9327644934.100645	30205250.073522415	0.4059426083240263	-0.16225315503840226	727
half_step_2	0.21716242508433053	0.0014533400156244596	10	12	6	1.2	9327644934.100645	9476577.383397544	0.24662277152239032	-0.16690730573630744	833
full_step	0.21861576509995498	0.0029066800312489193	19	56	7	2.9473684210526314	59034008580.17116	29367759000.348488	1.9324078864838476	0.0680641784045014	1429
half_step_1	0.21861576509995498	0.0014533400156244596	18	68	11	3.7777777777777777	59034008580.17116	27427184672.059586	1.9324078864838476	0.0680641784045014	1429
half_step_2	0.22006910511557945	0.0014533400156244596	21	91	10	4.333333333333333	59034008580.17116	2851645144.334883	1.8775010622781565	0.004039218305372989	1805
full_step	0.21861576509995498	0.002386773921385013	18	63	8	3.5	59034008580.17116	28943597705.08021	1.9324078864838476	0.0680641784045014	1429
half_step_1	0.21861576509995498	0.0011933869606925065	17	73	9	4.294117647058823	59034008580.17116	26611296127.881752	1.9324078864838476	0.0680641784045014	1429
half_step_2	0.2198091520606475	0.0011933869606925065	14	66	11	4.714285714285714	59034008580.17116	3046553899.87595	1.8814642768002123	0.028661046092297335	1630
full_step	0.22100253902133998	0.002386773921385013	20	52	11	2.6	59034008580.17116	1098780063.3002484	1.7772271308113439	0.007174732858733807	1819
half_step_1	0.22100253902133998	0.0011933869606925065	18	68	9	3.7777777777777777	59034008580.17116	1557879480.0529342	1.7772271308113439	0.007174732858733807	1819
half_step_2	0.2221959259820325	0.0011933869606925065	11	45	11	4.090909090909091	59034008580.17116	708012535.7678671	1.6568122454329348	-0.013838366606828873	1726
full_step	0.223389312942725	0.002386773921385013	20	64	11	3.2	59034008580.17116	6142221323.127799	1.5187385856728426	-0.030168941230465134	2478
half_step_1	0.223389312942725	0.0011933869606925065	16	54	9	3.375	59034008580.17116	5985179074.430855	1.5187385856728426	-0.030168941230465134	2478
half_step_2	0.2245826999034175	0.0011933869606925065	13	50	10	3.8461538461538463	59034008580.17116	1534572764.0905578	1.399133344396013	-0.03837436210721932	2279
full_step	0.22577608686411	0.0036700122092901246	9	17	8	1.8888888888888888	59034008580.17116	329613138.9480605	1.2904503098605247	-0.06383785181112785	2109
half_step_1	0.22577608686411	0.0018350061046450623	9	19	5	2.111111111111111	59034008580.17116	472957618.68705964	1.2904503098605247	-0.06383785181112785	2109
half_step_2	0.22761109296875506	0.0018350061046450623	6	16	7	2.6666666666666665	59034008580.17116	405402370.59094745	1.1178292596137993	-0.08894994217796924	1657
full_step	0.2294460990734001	0.009351198566103657	8	11	4	1.375	59034008580.17116	360644101.3517243	0.9332613164395767	-0.08841167339968627	1149
full_step	0.2294460990734001	0.0023878469648316815	4	5	3	1.25	59034008580.17116	284046645.89535433	0.9332613164395767	-0.08841167339968627	1149
half_step_1	0.2294460990734001	0.0011939234824158407	7	13	5	1.8571428571428572	59034008580.17116	1049479499.2399883	0.9332613164395767	-0.08841167339968627	1149
half_step_2	0.23064002255581595	0.0011939234824158407	12	23	10	1.9166666666666667	59034008580.17116	3077081573.7470117	0.8180199217969388	-0.056487175649960614	1383
full_step	0.2318339460382318	0.0023878469648316815	15	45	9	3	59034008580.17116	638725653.3243835	0.7036137478548738	-0.07984623338825296	1381
half_step_1	0.2318339460382318	0.0011939234824158407	12	36	8	3	59034008580.17116	952194940.5836408	0.7036137478548738	-0.07984623338825296	1381
half_step_2	0.23302786952064763	0.0011939234824158407	11	37	8	3.3636363636363638	59034008580.17116	907459362.9090599	0.589945255108006	-0.10466188968260733	1253
full_step	0.23422179300306348	0.0033122312311426576	5	10	4	2	59034008580.17116	288040381.15508825	0.47680371991972237	-0.11504104315188114	1048
half_step_1	0.23422179300306348	0.0016561156155713288	8	37	8	4.625	59034008580.17116	350065248.90080607	0.47680371991972237	-0.11504104315188114	1048
half_step_2	0.2358779086186348	0.0016561156155713288	17	70	9	4.117647058823529	59034008580.17116	306497729.30407137	0.3225886820737003	-0.13158574491330036	1038
full_step	0.23753402423420614	0.005103233715272673	9	19	4	2.111111111111111	59034008580.17116	424044869.8523984	0.2155679461191511	-0.13963177830808246	934
half_step_1	0.23753402423420614	0.0025516168576363366	8	27	9	3.375	59034008580.17116	321734157.12113273	0.2155679461191511	-0.13963177830808246	934
half_step_2	0.24008564109184247	0.0025516168576363366	10	37	8	3.7	59034008580.17116	474064434.85832787	0.19620278865332352	-0.1428474536451098	846
full_step	0.24263725794947882	0.012085486799731522	7	18	5	2.5714285714285716	59034008580.17116	479166083.0151454	0.18125189954935195	-0.14144352796769497	750
full_step	0.24263725794947882	0.006155428492943887	9	20	8	2.2222222222222223	59034008580.17116	479739404.13240975	0.18125189954935195	-0.14144352796769497	750
full_step	0.24263725794947882	0.005705681935788458	9	18	4	2	59034008580.17116	473929990.0640882	0.18125189954935195	-0.14144352796769497	750
half_step_1	0.24263725794947882	0.002852840967894229	8	31	10	3.875	59034008580.17116	470719488.10576916	0.18125189954935195	-0.14144352796769497	750
half_step_2	0.24549009891737306	0.002852840967894229	10	45	11	4.5	59034008580.17116	448197303.22784275	0.1640734768071468	-0.14087964906290273	707
full_step	0.2483429398852673	0.012016901745429966	14	34	7	2.4285714285714284	59034008580.17116	6911498823.056405	1.7976543150862927	0.21921798014991142	1728
full_step	0.2483429398852673	0.0033376737044384128	19	50	9	2.6315789473684212	59034008580.17116	6759499879.149215	1.7976543150862927	0.21921798014991142	1728
half_step_1	0.2483429398852673	0.0016688368522192064	18	67	9	3.7222222222222223	59034008580.17116	6338685322.966114	1.7976543150862927	0.21921798014991142	1728
half_step_2	0.2500117767374865	0.0016688368522192064	16	48	7	3	59034008580.17116	659088100.400782	1.7173326371802933	0.17653135067025177	1732
full_step	0.2483429398852673	0.0023278388345179765	14	46	6	3.2857142857142856	59034008580.17116	6578190427.241548	1.7976543150862927	0.21921798014991142	1728
half_step_1	0.2483429398852673	0.0011639194172589882	16	60	10	3.75	59034008580.17116	6045414391.719137	1.7976543150862927	0.21921798014991142	1728
half_step_2	0.24950685930252628	0.0011639194172589882	11	29	7	2.6363636363636362	59034008580.17116	746182222.9962504	1.7357807168681312	0.20193741398561404	1674
full_step	0.25067077871978527	0.0023278388345179765	12	26	9	2.1666666666666665	59034008580.17116	291669463.9935488	1.6472285587657192	0.1709808887238158	1642
half_step_1	0.25067077871978527	0.0011639194172589882	11	27	6	2.4545454545454546	59034008580.17116	274854062.94661665	1.6472285587657192	0.1709808887238158	1642
half_step_2	0.25183469813704423	0.0011639194172589882	19	76	9	4	59034008580.17116	535842496.0417759	1.5422390054697743	0.13163331196522207	1686
full_step	0.25067077871978527	0.0014890744455865602	11	26	8	2.3636363636363638	59034008580.17116	277481711.9169625	1.6472285587657192	0.1709808887238158	1642
half_step_1	0.25067077871978527	0.0007445372227932801	8	19	6	2.375	59034008580.17116	230792247.14072418	1.6472285587657192	0.1709808887238158	1642
half_step_2	0.25141531594257854	0.0007445372227932801	13	41	8	3.1538461538461537	59034008580.17116	375380595.8428885	1.5817857762517926	0.1365824238325594	1708
full_step	0.2521598531653718	0.0014890744455865602	14	59	12	4.214285714285714	59034008580.17116	173471072.8866936	1.4692698145987926	0.11346942487504208	1701
half_step_1	0.2521598531653718	0.0007445372227932801	11	37	7	3.3636363636363638	59034008580.17116	121005041.14010921	1.4692698145987926	0.11346942487504208	1701
half_step_2	0.2529043903881651	0.0007445372227932801	17	74	11	4.352941176470588	59034008580.17116	154474733.4120541	1.3801550826452527	0.08803692060632841	1649
full_step	0.25364892761095836	0.002449321164852041	14	24	7	1.7142857142857142	59034008580.17116	201336640.06912687	1.2413021985918844	0.04230126248119021	1771
full_step	0.25364892761095836	0.001781582700616933	12	15	5	1.25	59034008580.17116	159136439.29369116	1.2413021985918844	0.04230126248119021	1771
full_step	0.25364892761095836	0.0016785824834482062	13	19	6	1.4615384615384615	59034008580.17116	153721258.56781065	1.2413021985918844	0.04230126248119021	1771
half_step_1	0.25364892761095836	0.0008392912417241031	15	44	8	2.933333333333333	59034008580.17116	124801203.69612351	1.2413021985918844	0.04230126248119021	1771
half_step_2	0.25448821885268247	0.0008392912417241031	15	57	10	3.8	59034008580.17116	8707125251.131062	1.1422612308745066	0.04251035246301286	2714
full_step	0.25364892761095836	0.001201891997032119	15	36	8	2.4	59034008580.17116	136834806.09016684	1.2413021985918844	0.04230126248119021	1771
half_step_1	0.25364892761095836	0.0006009459985160595	14	25	9	1.7857142857142858	59034008580.17116	117197314.4810944	1.2413021985918844	0.04230126248119021	1771
half_step_2	0.25424987360947443	0.0006009459985160595	13	42	9	3.230769230769231	59034008580.17116	5477112407.46727	1.1642637305145254	-0.005074164198962661	2597
full_step	0.2548508196079905	0.001201891997032119	9	41	10	4.555555555555555	59034008580.17116	1717502156.2903535	1.0388514581473585	-0.039274699656070194	2472
half_step_1	0.2548508196079905	0.0006009459985160595	10	40	13	4	59034008580.17116	1147462907.1210246	1.0388514581473585	-0.039274699656070194	2472
half_step_2	0.25545176560650656	0.0006009459985160595	6	18	6	3	59034008580.17116	671783708.565698	0.990566404692597	-0.051633826805458014	2325
full_step	0.25605271160502263	0.0020277717949595906	7	14	6	2	59034008580.17116	1251753875.3038268	0.9310395093315504	-0.06263628432311824	2129
half_step_1	0.25605271160502263	0.0010138858974797953	6	16	8	2.6666666666666665	59034008580.17116	1075065684.1301734	0.9310395093315504	-0.06263628432311824	2129
half_step_2	0.25706659750250244	0.0010138858974797953	8	28	7	3.5	59034008580.17116	1058159241.9312028	0.8149232193105647	-0.07994707564089452	1823
full_step	0.25808048339998224	0.00490011486866727	12	46	9	3.8333333333333335	59034008580.17116	955447681.4427084	0.6746627180605085	-0.10430217534745155	1619
full_step	0.25808048339998224	0.0042458208817624955	9	39	10	4.333333333333333	59034008580.17116	972166008.2754527	0.6746627180605085	-0.10430217534745155	1619
half_step_1	0.25808048339998224	0.0021229104408812477	7	22	5	3.142857142857143	59034008580.17116	1272276228.589413	0.6746627180605085	-0.10430217534745155	1619
half_step_2	0.2602033938408635	0.0021229104408812477	7	33	9	4.714285714285714	59034008580.17116	1127756511.803164	0.3341562352682743	-0.11692023910537616	889
full_step	0.26232630428174475	0.00682364595207466	14	29	8	2.0714285714285716	59034008580.17116	1130688461.38119	1.4356402509209545	-0.06914707806239612	1678
full_step	0.26232630428174475	0.005219146134143637	13	32	9	2.4615384615384617	59034008580.17116	1118583218.8333228	1.4356402509209545	-0.06914707806239612	1678
half_step_1	0.26232630428174475	0.0026095730670718186	18	67	12	3.7222222222222223	59034008580.17116	1072441526.4902303	1.4356402509209545	-0.06914707806239612	1678
half_step_2	0.2649358773488166	0.0026095730670718186	13	46	9	3.5384615384615383	59034008580.17116	818316219.1793242	1.3440302368377033	-0.07230137543126319	1720
full_step	0.2675454504158884	0.007110682073586587	18	32	7	1.7777777777777777	59034008580.17116	10683658162.494987	1.4589477346819706	-0.00583204026656364	2877
half_step_1	0.2675454504158884	0.0035553410367932933	19	61	12	3.210526315789474	59034008580.17116	10790576121.342419	1.4589477346819706	-0.00583204026656364	2877
half_step_2	0.2711007914526817	0.0035553410367932933	15	61	12	4.066666666666666	59034008580.17116	1253112321.4972503	1.3164918723853347	0.007255714513697291	2349
full_step	0.27465613248947496	0.007110682073586587	16	47	8	2.9375	59034008580.17116	977287907.0619893	0.9995101374849575	-0.04676712375406403	2272
half_step_1	0.27465613248947496	0.0035553410367932933	19	67	8	3.526315789473684	59034008580.17116	843663621.2611984	0.9995101374849575	-0.04676712375406403	2272
half_step_2	0.27821147352626824	0.0035553410367932933	8	33	9	4.125	59034008580.17116	807546337.1649189	0.5368963287635964	-0.10599165671688411	2001
full_step	0.2817668145630615	0.02152158819300822	22	66	8	3	59034008580.17116	2023176396.329224	1.2236651679487949	-0.1268208033512858	2022
full_step	0.2817668145630615	0.004931595955843632	15	38	7	2.533333333333333	59034008580.17116	2049118298.4458036	1.2236651679487949	-0.1268208033512858	2022
half_step_1	0.2817668145630615	0.002465797977921816	20	45	6	2.25	59034008580.17116	2053874728.6275084	1.2236651679487949	-0.1268208033512858	2022
half_step_2	0.2842326125409833	0.002465797977921816	12	33	10	2.75	59034008580.17116	829683096.1719526	1.1292030971922102	-0.1458483982270427	2467
full_step	0.28669841051890516	0.004931595955843632	16	19	7	1.1875	59034008580.17116	45846010.860593945	1.3313511736923545	-0.12122937685969469	3301
half_step_1	0.28669841051890516	0.002465797977921816	18	73	10	4.055555555555555	59034008580.17116	48484108.14178235	1.3313511736923545	-0.12122937685969469	3301
half_step_2	0.28916420849682695	0.002465797977921816	16	57	10	3.5625	59034008580.17116	82771375.44355352	1.2330099302389783	-0.13013288255365293	3295
full_step	0.28669841051890516	0.004139191560069125	15	39	9	2.6	59034008580.17116	42610752.52447938	1.3313511736923545	-0.12122937685969469	3301
half_step_1	0.28669841051890516	0.0020695957800345626	14	44	8	3.142857142857143	59034008580.17116	48512280.90685755	1.3313511736923545	-0.12122937685969469	3301
half_step_2	0.28876800629893973	0.0020695957800345626	11	53	11	4.818181818181818	59034008580.17116	83152271.63399428	1.2429065011787372	-0.1299841347866196	3207
full_step	0.2908376020789743	0.004139191560069125	16	55	9	3.4375	59034008580.17116	82366747.58478886	1.1174540537357132	-0.1310270353378115	3308
half_step_1	0.2908376020789743	0.0020695957800345626	10	37	9	3.7	59034008580.17116	73617765.23388763	1.1174540537357132	-0.1310270353378115	3308
half_step_2	0.29290719785900887	0.0020695957800345626	8	23	7	2.875	59034008580.17116	130353147.5888623	0.9843702474825733	-0.13354260025609654	3298
full_step	0.29497679363904344	0.006025234104074987	10	33	12	3.3	59034008580.17116	169371599.70285785	0.8423815854458354	-0.13500759758314512	3302
half_step_1	0.29497679363904344	0.0030126170520374937	10	37	10	3.7	59034008580.17116	152697551.97049677	0.8423815854458354	-0.13500759758314512	3302
half_step_2	0.2979894106910809	0.0030126170520374937	10	40	9	4	59034008580.17116	202954526.65896618	0.6310075234721353	-0.13173800444203487	3311
full_step	0.3010020277431184	0.006025234104074987	11	25	6	2.272727272727273	59034008580.17116	646259981.6041716	0.2776853545974092	-0.13967285747103805	3362
full_step	0.3010020277431184	0.003155547547975635	9	19	10	2.111111111111111	59034008580.17116	593710941.3212795	0.2776853545974092	-0.13967285747103805	3362
half_step_1	0.3010020277431184	0.0015777737739878174	5	10	4	2	59034008580.17116	513490895.1017919	0.2776853545974092	-0.13967285747103805	3362
half_step_2	0.30257980151710623	0.0015777737739878174	5	7	4	1.4	59034008580.17116	611090943.5449463	0.12370121578437221	-0.14163087714018266	3367
full_step	0.30415757529109405	0.01374357183792691	13	39	9	3	59034008580.17116	7662246445.603944	1.749095945238424	0.0010167575145021276	4370
full_step	0.30415757529109405	0.008116734588559393	14	32	7	2.2857142857142856	59034008580.17116	7703128705.473266	1.749095945238424	0.0010167575145021276	4370
half_step_1	0.30415757529109405	0.004058367294279696	7	7	4	1	59034008580.17116	7733386861.067807	1.749095945238424	0.0010167575145021276	4370
half_step_2	0.30821594258537377	0.004058367294279696	19	71	10	3.736842105263158	59034008580.17116	1529183352.4878724	1.675035073356217	-0.017550966996085857	4482
full_step	0.30415757529109405	0.004813584558701398	11	31	8	2.8181818181818183	59034008580.17116	7730926513.265395	1.749095945238424	0.0010167575145021276	4370
half_step_1	0.30415757529109405	0.002406792279350699	12	26	5	2.1666666666666665	59034008580.17116	7637854171.8958025	1.749095945238424	0.0010167575145021276	4370
half_step_2	0.30656436757044475	0.002406792279350699	13	53	10	4.076923076923077	59034008580.17116	1916823893.3701668	1.691494679931199	-0.012559534263073425	4396
full_step	0.30897115984979545	0.004813584558701398	14	41	9	2.9285714285714284	59034008580.17116	721972124.9226787	1.565330649465332	-0.03204214453036296	4574
half_step_1	0.30897115984979545	0.002406792279350699	15	55	8	3.6666666666666665	59034008580.17116	1071294176.7374567	1.565330649465332	-0.03204214453036296	4574
half_step_2	0.31137795212914615	0.002406792279350699	13	72	12	5.538461538461538	59034008580.17116	938449575.6428432	1.4334635056908054	-0.0496621185831352	4517
full_step	0.31378474440849685	0.004813584558701398	14	56	12	4	59034008580.17116	761298508.6748173	1.3047775935874655	-0.0632833198160924	4404
half_step_1	0.31378474440849685	0.002406792279350699	11	40	8	3.6363636363636362	59034008580.17116	928828214.0016226	1.3047775935874655	-0.0632833198160924	4404
half_step_2	0.31619153668784755	0.002406792279350699	11	45	10	4.090909090909091	59034008580.17116	1055097045.6903368	1.1837199218076577	-0.07246807531814488	4220
full_step	0.31378474440849685	0.0038301054200576188	12	54	10	4.5	59034008580.17116	820492674.3574992	1.3047775935874655	-0.0632833198160924	4404
half_step_1	0.31378474440849685	0.0019150527100288094	7	25	11	3.5714285714285716	59034008580.17116	977956972.4461665	1.3047775935874655	-0.0632833198160924	4404
half_step_2	0.31569979711852564	0.0019150527100288094	8	29	9	3.625	59034008580.17116	1011075481.4103266	1.2041321261284388	-0.06796361728344	4230
full_step	0.3176148498285545	0.0038301054200576188	7	23	7	3.2857142857142856	59034008580.17116	893024540.0826689	1.1095575712990455	-0.0811155207701925	4207
half_step_1	0.3176148498285545	0.0019150527100288094	7	17	7	2.4285714285714284	59034008580.17116	924928986.2697515	1.1095575712990455	-0.0811155207701925	4207
half_step_2	0.31952990253858327	0.0019150527100288094	9	37	8	4.111111111111111	59034008580.17116	880842733.9512744	1.0150648655564098	-0.0905913986743626	4207
full_step	0.3214449552486121	0.0038301054200576188	6	6	3	1	59034008580.17116	647442355.6368412	0.92330104527765	-0.09873929884695261	4309
half_step_1	0.3214449552486121	0.0019150527100288094	8	25	7	3.125	59034008580.17116	746932182.9054934	0.92330104527765	-0.09873929884695261	4309
half_step_2	0.3233600079586409	0.0019150527100288094	7	23	9	3.2857142857142856	59034008580.17116	700307498.496162	0.8324923844005596	-0.10525863227653356	4277
full_step	0.32527506066866974	0.006842581674952515	10	11	4	1.1	59034008580.17116	814385326.762445	0.7442032534350429	-0.10965825262790041	4348
full_step	0.32527506066866974	0.003603201355580904	11	33	6	3	59034008580.17116	681109131.4571751	0.7442032534350429	-0.10965825262790041	4348
half_step_1	0.32527506066866974	0.001801600677790452	7	30	10	4.285714285714286	59034008580.17116	664416737.7033148	0.7442032534350429	-0.10965825262790041	4348
half_step_2	0.3270766613464602	0.001801600677790452	13	49	8	3.769230769230769	59034008580.17116	705309757.6573757	0.6675608048079766	-0.1150948044805365	4435
full_step	0.32887826202425063	0.005742979347330161	12	22	7	1.8333333333333333	59034008580.17116	1801718506.220933	1.6265013136580464	-0.10588774054780607	5326
half_step_1	0.32887826202425063	0.0028714896736650804	11	17	7	1.5454545454545454	59034008580.17116	1720872195.3451183	1.6265013136580464	-0.10588774054780607	5326
half_step_2	0.3317497516979157	0.0028714896736650804	12	39	8	3.25	59034008580.17116	762958720.484074	1.427060260856038	-0.11439349284609017	5338
full_step	0.3346212413715808	0.011966726973394234	13	24	6	1.8461538461538463	59034008580.17116	667248824.537025	1.1023925853669354	-0.12633084371097597	5305
half_step_1	0.3346212413715808	0.005983363486697117	8	9	6	1.125	59034008580.17116	771522702.2212564	1.1023925853669354	-0.12633084371097597	5305
half_step_2	0.34060460485827787	0.005983363486697117	11	30	9	2.727272727272727	59034008580.17116	847721504.0831476	0.47338806276481193	-0.13606989740717293	4154
full_step	0.346587968344975	0.015131047868294537	16	36	7	2.25	59034008580.17116	707961744.5166286	0.1703910931008572	-0.1434533980350566	4279
half_step_1	0.346587968344975	0.007565523934147268	21	70	9	3.3333333333333335	59034008580.17116	933153797.5900065	0.1703910931008572	-0.1434533980350566	4279
half_step_2	0.3541534922791223	0.007565523934147268	16	74	10	4.625	59034008580.17116	1003545925.3919511	0.645278141083466	-0.14170438298955773	4368
full_step	0.346587968344975	0.010323258778082857	22	80	13	3.6363636363636362	59034008580.17116	836469935.3331954	0.1703910931008572	-0.1434533980350566	4279
half_step_1	0.346587968344975	0.0051616293890414285	20	68	12	3.4	59034008580.17116	873651255.2208437	0.1703910931008572	-0.1434533980350566	4279
half_step_2	0.35174959773401643	0.0051616293890414285	16	49	7	3.0625	59034008580.17116	1066916683.9543052	0.27300820625722366	-0.14027800552284808	4411
full_step	0.3569112271230579	0.010323258778082857	12	35	9	2.9166666666666665	59034008580.17116	976328370.2668749	0.1626341197321537	-0.14000258117063838	4295
full_step	0.3569112271230579	0.006989965051410709	14	39	7	2.7857142857142856	59034008580.17116	1058901963.9131691	0.1626341197321537	-0.14000258117063838	4295
half_step_1	0.3569112271230579	0.0034949825257053545	11	42	8	3.8181818181818183	59034008580.17116	1212926645.5096016	0.1626341197321537	-0.14000258117063838	4295
half_step_2	0.36040620964876324	0.0034949825257053545	19	79	9	4.157894736842105	59034008580.17116	1140266593.2759397	0.24321745921745386	-0.1321776833348442	4426
full_step	0.3569112271230579	0.0036357360067923667	16	74	10	4.625	59034008580.17116	1176605123.5075674	0.1626341197321537	-0.14000258117063838	4295
half_step_1	0.3569112271230579	0.0018178680033961833	9	31	10	3.4444444444444446	59034008580.17116	1397581957.0749247	0.1626341197321537	-0.14000258117063838	4295
half_step_2	0.35872909512645407	0.0018178680033961833	16	64	10	4	59034008580.17116	1363371364.9271705	0.1117537769256316	-0.1445123660034521	4186
full_step	0.36054696312985024	0.0055494846101277326	13	45	8	3.4615384615384617	59034008580.17116	1056097433.1622154	0.11140087810319699	-0.13946182091545126	3838
half_step_1	0.36054696312985024	0.0027747423050638663	12	47	8	3.9166666666666665	59034008580.17116	1329238560.0566435	0.11140087810319699	-0.13946182091545126	3838
half_step_2	0.3633217054349141	0.0027747423050638663	17	80	11	4.705882352941177	59034008580.17116	1283286655.721954	0.1107210147499984	-0.13483027529836886	3899
full_step	0.36609644773997796	0.0055494846101277326	14	34	7	2.4285714285714284	59034008580.17116	799390891.9037367	1.6001541432957396	-0.12177715997768195	4111
half_step_1	0.36609644773997796	0.0027747423050638663	19	74	9	3.8947368421052633	59034008580.17116	966609069.7579551	1.6001541432957396	-0.12177715997768195	4111
half_step_2	0.3688711900450418	0.0027747423050638663	16	70	12	4.375	59034008580.17116	1214248278.586665	1.47089549068739	-0.12491081584930604	4064
full_step	0.3716459323501057	0.012950316509348317	14	38	8	2.7142857142857144	59034008580.17116	1931189970.5392327	1.2096065166335563	-0.1272911470171185	4053
half_step_1	0.3716459323501057	0.0064751582546741585	14	35	12	2.5	59034008580.17116	1727359537.8316767	1.2096065166335563	-0.1272911470171185	4053
half_step_2	0.37812109060477983	0.0064751582546741585	12	52	10	4.333333333333333	59034008580.17116	958381029.790509	0.6154173109687662	-0.13402744854637214	3726
full_step	0.384596248859454	0.019552252057357337	17	44	7	2.588235294117647	59034008580.17116	568646382.8007246	0.20971930784486403	-0.13363585861568436	3496
full_step	0.384596248859454	0.012485282887268016	13	26	6	2	59034008580.17116	617092180.4693749	0.20971930784486403	-0.13363585861568436	3496
half_step_1	0.384596248859454	0.006242641443634008	16	51	8	3.1875	59034008580.17116	928000486.2079461	0.20971930784486403	-0.13363585861568436	3496
half_step_2	0.390838890303088	0.006242641443634008	10	36	8	3.6	59034008580.17116	647127859.4623904	0.09873201406823284	-0.14383534323086664	3765
full_step	0.397081531746722	0.019856444302424038	13	23	5	1.7692307692307692	59034008580.17116	144372996.5218707	0.10265101543781441	-0.14087023842322227	4525
full_step	0.397081531746722	0.008844554735579673	17	48	6	2.823529411764706	59034008580.17116	186727949.61615285	0.10265101543781441	-0.14087023842322227	4525
half_step_1	0.397081531746722	0.004422277367789836	18	72	10	4	59034008580.17116	405869066.08977526	0.10265101543781441	-0.14087023842322227	4525
half_step_2	0.40150380911451183	0.004422277367789836	11	26	7	2.3636363636363638	59034008580.17116	572371668.4953479	0.08404035238071117	-0.13880152913608196	5767
full_step	0.40592608648230166	0.013915751420459843	13	23	6	1.7692307692307692	59034008580.17116	2685012378.848112	0.8652050273458189	-0.11050489678537705	6256
half_step_1	0.40592608648230166	0.006957875710229921	14	53	11	3.7857142857142856	59034008580.17116	2764036691.171918	0.8652050273458189	-0.11050489678537705	6256
half_step_2	0.4128839621925316	0.006957875710229921	17	59	8	3.4705882352941178	59034008580.17116	593649067.4127206	0.750014717766089	-0.12055845578994444	5103
full_step	0.40592608648230166	0.010888800442064273	18	54	8	3	59034008580.17116	2705660815.9372787	0.8652050273458189	-0.11050489678537705	6256
half_step_1	0.40592608648230166	0.0054444002210321365	15	48	10	3.2	59034008580.17116	2810421583.712396	0.8652050273458189	-0.11050489678537705	6256
half_step_2	0.4113704867033338	0.0054444002210321365	15	51	10	3.4	59034008580.17116	655540049.000371	0.7568269652135369	-0.1230158208982617	5321
full_step	0.4168148869243659	0.010888800442064273	16	60	12	3.75	59034008580.17116	282796467.00299317	0.5520549514271469	-0.13421799251608743	4093
half_step_1	0.4168148869243659	0.0054444002210321365	8	35	9	4.375	59034008580.17116	603992819.7544628	0.5520549514271469	-0.13421799251608743	4093
half_step_2	0.42225928714539807	0.0054444002210321365	9	32	8	3.5555555555555554	59034008580.17116	582014858.2393903	0.3612987522256672	-0.14436480369787752	3792
full_step	0.42770368736643016	0.010888800442064273	19	70	9	3.6842105263157894	59034008580.17116	250082775.00944886	0.22601401757478445	-0.1537499634683397	4451
half_step_1	0.42770368736643016	0.0054444002210321365	8	9	5	1.125	59034008580.17116	545183062.5680109	0.22601401757478445	-0.1537499634683397	4451
half_step_2	0.4331480875874623	0.0054444002210321365	16	54	11	3.375	59034008580.17116	510536232.05285025	0.1271739665988072	-0.14388413314982276	4850
full_step	0.4385924878084944	0.010888800442064273	17	49	11	2.8823529411764706	59034008580.17116	253001983.84503824	0.08536056149971927	-0.1428168240446932	4750
half_step_1	0.4385924878084944	0.0054444002210321365	6	34	11	5.666666666666667	59034008580.17116	517064533.0440177	0.08536056149971927	-0.1428168240446932	4750
half_step_2	0.44403688802952657	0.0054444002210321365	15	62	11	4.133333333333334	59034008580.17116	1327781492.5637462	0.08611811284870896	-0.13091125818228405	5975
full_step	0.44948128825055866	0.016077323831117266	11	23	7	2.090909090909091	59034008580.17116	268558616.7046034	0.08668810211293021	-0.1341026278784018	6181
full_step	0.44948128825055866	0.008206480925534972	13	35	5	2.6923076923076925	59034008580.17116	423871956.73633796	0.08668810211293021	-0.1341026278784018	6181
half_step_1	0.44948128825055866	0.004103240462767486	9	35	9	3.888888888888889	59034008580.17116	682089728.9728742	0.08668810211293021	-0.1341026278784018	6181
half_step_2	0.45358452871332616	0.004103240462767486	12	62	16	5.166666666666667	59034008580.17116	689857736.6004598	0.08667242354026428	-0.14079904047406777	5960
full_step	0.45768776917609366	0.0143618201087079	15	30	7	2	59034008580.17116	540722734.1461295	0.9964500747965062	-0.14135516063874695	6177
half_step_1	0.45768776917609366	0.00718091005435395	19	57	12	3	59034008580.17116	563677696.6158955	0.9964500747965062	-0.14135516063874695	6177
half_step_2	0.4648686792304476	0.00718091005435395	19	85	12	4.473684210526316	59034008580.17116	533967673.32821816	0.6847201412552337	-0.13499278020929537	6164
full_step	0.45768776917609366	0.013793807667785736	15	34	9	2.2666666666666666	59034008580.17116	543414814.275617	0.9964500747965062	-0.14135516063874695	6177
half_step_1	0.45768776917609366	0.006896903833892868	17	39	9	2.2941176470588234	59034008580.17116	564057586.2479956	0.9964500747965062	-0.14135516063874695	6177
half_step_2	0.4645846730099865	0.006896903833892868	15	60	14	4	59034008580.17116	545250870.7083468	0.696075202372576	-0.136827108510494	6211
full_step	0.45768776917609366	0.011303019894373613	18	37	10	2.0555555555555554	59034008580.17116	553862762.0734043	0.9964500747965062	-0.14135516063874695	6177
half_step_1	0.45768776917609366	0.005651509947186806	16	59	13	3.6875	59034008580.17116	589774008.3304253	0.9964500747965062	-0.14135516063874695	6177
half_step_2	0.4633392791232805	0.005651509947186806	16	78	11	4.875	59034008580.17116	632840029.8608148	0.7408203601763006	-0.13631668521821808	6205
full_step	0.46899078907046726	0.011303019894373613	16	52	13	3.25	59034008580.17116	371226357.8803128	0.2578925309468829	-0.1384979908285605	6118
full_step	0.46899078907046726	0.002673288192575818	13	65	12	5	59034008580.17116	655971280.1052927	0.2578925309468829	-0.1384979908285605	6118
half_step_1	0.46899078907046726	0.001336644096287909	10	17	7	1.7	59034008580.17116	184411804.67372477	0.2578925309468829	-0.1384979908285605	6118
half_step_2	0.4703274331667552	0.001336644096287909	23	60	9	2.608695652173913	59034008580.17116	540614505.906018	0.2122824340206364	-0.13964726636534214	6481
full_step	0.4716640772630431	0.002673288192575818	10	33	10	3.3	59034008580.17116	675249533.3600528	0.20134727193216406	-0.13955051280920222	6521
half_step_1	0.4716640772630431	0.001336644096287909	13	54	11	4.153846153846154	59034008580.17116	261848391.0812447	0.20134727193216406	-0.13955051280920222	6521
half_step_2	0.473000721359331	0.001336644096287909	9	33	9	3.6666666666666665	59034008580.17116	292750378.8152986	0.12240094720391426	-0.14000609196106728	6452
full_step	0.47433736545561894	0.012894905624132189	14	36	7	2.5714285714285716	59034008580.17116	359049521.7814775	0.096636270826572	-0.13995832301013275	6500
half_step_1	0.47433736545561894	0.006447452812066094	9	39	9	4.333333333333333	59034008580.17116	639806083.4395059	0.096636270826572	-0.13995832301013275	6500
half_step_2	0.48078481826768504	0.006447452812066094	12	50	7	4.166666666666667	59034008580.17116	617516608.7096792	0.09461030157948613	-0.1412296615177912	6362
full_step	0.48723227107975114	0.015540479278910793	13	41	7	3.1538461538461537	59034008580.17116	310785734.1349897	0.0921591671618387	-0.1411560066919933	6400
full_step	0.48723227107975114	0.005880514973777861	12	45	10	3.75	59034008580.17116	599737315.1922853	0.0921591671618387	-0.1411560066919933	6400
half_step_1	0.48723227107975114	0.0029402574868889306	10	28	8	2.8	59034008580.17116	594887291.0750854	0.0921591671618387	-0.1411560066919933	6400
half_step_2	0.49017252856664006	0.0029402574868889306	8	24	6	3	59034008580.17116	610987965.727568	0.09154458738423443	-0.14748722569665684	6137
full_step	0.493112786053529	0.015777055112297243	12	19	7	1.5833333333333333	59034008580.17116	12854611.7801548	1.2822377748516587	-0.14319400431736243	5760
full_step	0.493112786053529	0.012417236865765293	16	41	8	2.5625	59034008580.17116	12669479.58580566	1.2822377748516587	-0.14319400431736243	5760
half_step_1	0.493112786053529	0.006208618432882646	14	25	7	1.7857142857142858	59034008580.17116	30585663.086691305	1.2822377748516587	-0.14319400431736243	5760
half_step_2	0.49932140448641166	0.006208618432882646	13	53	11	4.076923076923077	59034008580.17116	90725261.2874788	1.0099978263530076	-0.14208653551060535	5519
full_step	0.493112786053529	0.008257412143928184	20	62	10	3.1	59034008580.17116	16352112.536382914	1.2822377748516587	-0.14319400431736243	5760
half_step_1	0.493112786053529	0.004128706071964092	14	42	14	3	59034008580.17116	40685887.433928855	1.2822377748516587	-0.14319400431736243	5760
half_step_2	0.49724149212549307	0.004128706071964092	13	56	10	4.3076923076923075	59034008580.17116	133236758.16122034	1.0938955802145927	-0.14317756626668793	5646
full_step	0.5013701981974572	0.009940689974110153	9	21	7	2.3333333333333335	59034008580.17116	81211017.24566884	0.70223247698938	-0.14285880655660615	5601
full_step	0.5013701981974572	0.005202034902027844	13	61	9	4.6923076923076925	59034008580.17116	149399263.91095647	0.70223247698938	-0.14285880655660615	5601
half_step_1	0.5013701981974572	0.002601017451013922	9	47	11	5.222222222222222	59034008580.17116	156857634.6853272	0.70223247698938	-0.14285880655660615	5601
half_step_2	0.5039712156484711	0.002601017451013922	14	50	9	3.5714285714285716	59034008580.17116	173019814.44208425	0.40372589770262834	-0.14185384921501534	5561
full_step	0.5065722330994851	0.010411346229401146	14	35	8	2.5	59034008580.17116	1903309273.1976092	1.4649850891782918	-0.12006860360996181	5913
full_step	0.5065722330994851	0.008596711939493526	17	46	7	2.7058823529411766	59034008580.17116	10009285412.658504	1.4649850891782918	-0.12006860360996181	5913
half_step_1	0.5065722330994851	0.004298355969746763	11	10	4	0.9090909090909091	59034008580.17116	9754287734.30534	1.4649850891782918	-0.12006860360996181	5913
half_step_2	0.5108705890692319	0.004298355969746763	25	92	10	3.68	59034008580.17116	1631901859.4597063	1.3344640194264272	-0.12465497880656524	5939
full_step	0.5065722330994851	0.006700549636078766	21	74	12	3.5238095238095237	59034008580.17116	9942843086.32066	1.4649850891782918	-0.12006860360996181	5913
half_step_1	0.5065722330994851	0.003350274818039383	19	33	5	1.736842105263158	59034008580.17116	9561579186.148228	1.4649850891782918	-0.12006860360996181	5913
half_step_2	0.5099225079175245	0.003350274818039383	17	83	13	4.882352941176471	59034008580.17116	1909437668.8571496	1.3422766370509862	-0.12117690008975034	5666
full_step	0.5132727827355639	0.006700549636078766	18	78	16	4.333333333333333	59034008580.17116	502062892.84417075	1.064729587577375	-0.12923271748004864	5716
full_step	0.5132727827355639	0.0025368300324763652	10	24	9	2.4	59034008580.17116	610135527.8153632	1.064729587577375	-0.12923271748004864	5716
half_step_1	0.5132727827355639	0.0012684150162381826	8	26	7	3.25	59034008580.17116	348186766.38738626	1.064729587577375	-0.12923271748004864	5716
half_step_2	0.5145411977518021	0.0012684150162381826	15	53	10	3.533333333333333	59034008580.17116	21512089.57311577	0.9476350289454061	-0.12875631777905064	6871
full_step	0.5132727827355639	0.0021306284818535513	9	11	7	1.2222222222222223	59034008580.17116	537532905.9775604	1.064729587577375	-0.12923271748004864	5716
half_step_1	0.5132727827355639	0.0010653142409267756	6	24	8	4	59034008580.17116	359918251.166099	1.064729587577375	-0.12923271748004864	5716
half_step_2	0.5143380969764907	0.0010653142409267756	14	42	7	3	59034008580.17116	17092455.72479067	0.9663281688649619	-0.12838845865972587	6659
full_step	0.5154034112174174	0.0021306284818535513	12	42	7	3.5	59034008580.17116	34370884.52646637	0.8597380106276304	-0.13156329280333787	6685
half_step_1	0.5154034112174174	0.0010653142409267756	11	45	10	4.090909090909091	59034008580.17116	12557948.502166143	0.8597380106276304	-0.13156329280333787	6685
half_step_2	0.5164687254583442	0.0010653142409267756	8	29	8	3.625	59034008580.17116	8562774.09065302	0.7248670066522322	-0.13591249490838486	6687
full_step	0.5175340396992709	0.0068557076449771775	8	29	7	3.625	59034008580.17116	25673388.681153927	0.6031895563109586	-0.13878271956733187	6456
half_step_1	0.5175340396992709	0.0034278538224885888	7	19	8	2.7142857142857144	59034008580.17116	50956285.37313419	0.6031895563109586	-0.13878271956733187	6456
half_step_2	0.5209618935217595	0.0034278538224885888	12	45	7	3.75	59034008580.17116	22495149.488564547	0.2560387599606955	-0.14240582214481365	6920
full_step	0.5243897473442481	0.021019198056980503	13	21	9	1.6153846153846154	59034008580.17116	6134575.115193236	0.09275309744229787	-0.14049558490056882	7661
full_step	0.5243897473442481	0.013824499500893444	15	47	11	3.1333333333333333	59034008580.17116	7374588.233570335	0.09275309744229787	-0.14049558490056882	7661
half_step_1	0.5243897473442481	0.006912249750446722	13	55	10	4.230769230769231	59034008580.17116	14376618.78669506	0.09275309744229787	-0.14049558490056882	7661
half_step_2	0.5313019970946948	0.006912249750446722	15	61	9	4.066666666666666	59034008580.17116	9775822.128040832	0.08918190585533381	-0.1359308232615967	8054
full_step	0.5382142468451416	0.01940405355500261	14	40	9	2.857142857142857	59034008580.17116	20920231.56603019	0.5692533154359722	-0.13794844496283773	8711
half_step_1	0.5382142468451416	0.009702026777501305	19	77	10	4.052631578947368	59034008580.17116	25753133.259721745	0.5692533154359722	-0.13794844496283773	8711
half_step_2	0.547916273622643	0.009702026777501305	16	83	15	5.1875	59034008580.17116	3458801.8550204304	0.34564952865768106	-0.13749246505895982	8283
full_step	0.5382142468451416	0.015276743831466247	18	57	8	3.1666666666666665	59034008580.17116	21475447.546525348	0.5692533154359722	-0.13794844496283773	8711
half_step_1	0.5382142468451416	0.007638371915733124	19	73	9	3.8421052631578947	59034008580.17116	25796509.153918464	0.5692533154359722	-0.13794844496283773	8711
half_step_2	0.5458526187608748	0.007638371915733124	13	54	10	4.153846153846154	59034008580.17116	6833153.218601622	0.3527584186321775	-0.13703540844545556	8296
full_step	0.5534909906766079	0.01857204254652725	9	15	5	1.6666666666666667	59034008580.17116	1663109.119564342	0.13258422374724432	-0.13950687303694612	8418
half_step_1	0.5534909906766079	0.009286021273263625	11	56	11	5.090909090909091	59034008580.17116	3430573.553383353	0.13258422374724432	-0.13950687303694612	8418
half_step_2	0.5627770119498715	0.009286021273263625	11	73	12	6.636363636363637	59034008580.17116	3108665.239418432	0.10251941307713253	-0.13978874440632835	8453
full_step	0.5720630332231351	0.01857204254652725	13	39	9	3	59034008580.17116	12244489.962461403	0.2766234691804712	-0.138878412082276	8694
full_step	0.5720630332231351	0.006801625446459336	18	56	9	3.111111111111111	59034008580.17116	12007251.813796433	0.2766234691804712	-0.138878412082276	8694
half_step_1	0.5720630332231351	0.003400812723229668	15	39	8	2.6	59034008580.17116	10446300.576773783	0.2766234691804712	-0.138878412082276	8694
half_step_2	0.5754638459463648	0.003400812723229668	20	87	11	4.35	59034008580.17116	3737019.6328007313	0.2593346153945575	-0.1389488205975144	8285
full_step	0.5788646586695945	0.006801625446459336	16	67	10	4.1875	59034008580.17116	3313480.532403551	0.2525507825115554	-0.14007370830428542	8367
half_step_1	0.5788646586695945	0.003400812723229668	8	25	8	3.125	59034008580.17116	3715769.0584959225	0.2525507825115554	-0.14007370830428542	8367
half_step_2	0.5822654713928241	0.003400812723229668	9	36	6	4	59034008580.17116	3386126.7296050983	0.2446349786966806	-0.13992803411621002	8453
full_step	0.5856662841160538	0.019554820158097504	10	15	6	1.5	59034008580.17116	2044361.8190934754	0.23630517643226767	-0.13993776885188897	8461
half_step_1	0.5856662841160538	0.009777410079048752	12	42	7	3.5	59034008580.17116	2887464.4255905147	0.23630517643226767	-0.13993776885188897	8461
half_step_2	0.5954436941951026	0.009777410079048752	21	92	12	4.380952380952381	59034008580.17116	2449039.8975116415	0.1851768589126408	-0.1390062657371982	8523
full_step	0.6052211042741513	0.019554820158097504	16	55	10	3.4375	59034008580.17116	7793829.071174524	0.1793021144708078	-0.13714850661557557	8562
full_step	0.6052211042741513	0.010285713782685736	19	81	10	4.2631578947368425	59034008580.17116	8658417.296089692	0.1793021144708078	-0.13714850661557557	8562
half_step_1	0.6052211042741513	0.005142856891342868	11	46	9	4.181818181818182	59034008580.17116	16737496.532656906	0.1793021144708078	-0.13714850661557557	8562
half_step_2	0.6103639611654942	0.005142856891342868	8	28	10	3.5	59034008580.17116	9431598.91791676	0.11314504397899583	-0.13693907686300788	8094
full_step	0.615506818056837	0.022377693374820897	13	28	8	2.1538461538461537	59034008580.17116	13518529.493950967	0.9855864362281039	-0.13741345197065954	8219
full_step	0.615506818056837	0.012859353911053313	15	24	5	1.6	59034008580.17116	13999563.187844519	0.9855864362281039	-0.13741345197065954	8219
half_step_1	0.615506818056837	0.0064296769555266566	20	59	8	2.95	59034008580.17116	15601534.13274847	0.9855864362281039	-0.13741345197065954	8219
half_step_2	0.6219364950123637	0.0064296769555266566	21	86	10	4.095238095238095	59034008580.17116	8028542.453475156	0.723135452112686	-0.13797339911552045	8432
full_step	0.6283661719678904	0.012859353911053313	11	48	7	4.363636363636363	59034008580.17116	1768649.2783246376	0.30105866485300936	-0.13894347862864254	8365
half_step_1	0.6283661719678904	0.0064296769555266566	8	32	8	4	59034008580.17116	3765213.5179551616	0.30105866485300936	-0.13894347862864254	8365
half_step_2	0.634795848923417	0.0064296769555266566	11	38	12	3.4545454545454546	59034008580.17116	2697116.9644031194	0.030154167418309008	-0.14010590210565524	8372
full_step	0.6412255258789437	0.02873382445645359	11	9	5	0.8181818181818182	59034008580.17116	1703354.613411414	0.05392629761229273	-0.14085527400800563	8709
half_step_1	0.6412255258789437	0.014366912228226794	9	11	4	1.2222222222222223	59034008580.17116	5895494.231977058	0.05392629761229273	-0.14085527400800563	8709
half_step_2	0.6555924381071705	0.014366912228226794	14	53	7	3.7857142857142856	59034008580.17116	24011896.22266755	0.16010585756576745	-0.13407795959420699	8514
full_step	0.6699593503353972	0.02873382445645359	14	43	9	3.0714285714285716	59034008580.17116	20624382.029763367	0.38081673835481666	-0.13633299028933193	8242
full_step	0.6699593503353972	0.01389463927379624	14	42	8	3	59034008580.17116	63656675.019383244	0.38081673835481666	-0.13633299028933193	8242
half_step_1	0.6699593503353972	0.00694731963689812	13	60	12	4.615384615384615	59034008580.17116	68695367.95771462	0.38081673835481666	-0.13633299028933193	8242
half_step_2	0.6769066699722953	0.00694731963689812	24	64	11	2.6666666666666665	59034008580.17116	1368406.5950739472	0.04582864000540354	-0.1394394863764995	8305
full_step	0.6699593503353972	0.007849502350147676	13	41	8	3.1538461538461537	59034008580.17116	66856130.5847603	0.38081673835481666	-0.13633299028933193	8242
half_step_1	0.6699593503353972	0.003924751175073838	12	51	10	4.25	59034008580.17116	78939778.03480019	0.38081673835481666	-0.13633299028933193	8242
half_step_2	0.6738841015104711	0.003924751175073838	8	26	10	3.25	59034008580.17116	39043029.09750297	0.15421390157175097	-0.13927309580600097	8167
full_step	0.6778088526855449	0.03924751175073838	12	3	3	0.25	59034008580.17116	4116779.304593474	0.030177711305910293	-0.13979918714084494	8254
full_step	0.6778088526855449	0.0075907947316990925	19	52	8	2.736842105263158	59034008580.17116	1508130.6894745636	0.030177711305910293	-0.13979918714084494	8254
half_step_1	0.6778088526855449	0.0037953973658495462	19	44	8	2.3157894736842106	59034008580.17116	1691826.8589205714	0.030177711305910293	-0.13979918714084494	8254
half_step_2	0.6816042500513945	0.0037953973658495462	16	45	8	2.8125	59034008580.17116	6806337.3128337385	0.23005703303202196	-0.1380082018501604	8531
full_step	0.685399647417244	0.011639786821138375	11	28	11	2.5454545454545454	59034008580.17116	1469199.733662828	0.14292187939025425	-0.13820038017949873	8473
half_step_1	0.685399647417244	0.005819893410569188	11	36	8	3.272727272727273	59034008580.17116	3089528.896391209	0.14292187939025425	-0.13820038017949873	8473
half_step_2	0.6912195408278132	0.005819893410569188	12	61	11	5.083333333333333	59034008580.17116	6795541.801408111	0.04088571906445537	-0.13860503632281027	8345
full_step	0.6970394342383824	0.019018582654397313	10	21	9	2.1	59034008580.17116	13956266.193145324	0.03555232133924591	-0.1373459868063335	8294
half_step_1	0.6970394342383824	0.009509291327198657	8	37	10	4.625	59034008580.17116	6348514.180484309	0.03555232133924591	-0.1373459868063335	8294
half_step_2	0.7065487255655811	0.009509291327198657	12	47	9	3.9166666666666665	59034008580.17116	49571587.535595305	0.04821244866045049	-0.13527554705340528	8314
full_step	0.6970394342383824	0.015986336502270496	9	21	9	2.3333333333333335	59034008580.17116	10765885.115259124	0.03555232133924591	-0.1373459868063335	8294
half_step_1	0.6970394342383824	0.007993168251135248	9	39	9	4.333333333333333	59034008580.17116	11355085.011101656	0.03555232133924591	-0.1373459868063335	8294
half_step_2	0.7050326024895177	0.007993168251135248	10	45	9	4.5	59034008580.17116	18048576.385100562	0.04550820929308941	-0.13525223005099685	8208
full_step	0.713025770740653	0.015986336502270496	16	34	8	2.125	59034008580.17116	11390269.148101415	0.049842860009015055	-0.1348914011326147	8631
full_step	0.713025770740653	0.009721037055452303	13	30	12	2.3076923076923075	59034008580.17116	10770200.231331287	0.049842860009015055	-0.1348914011326147	8631
half_step_1	0.713025770740653	0.004860518527726151	15	35	8	2.3333333333333335	59034008580.17116	9761143.92577593	0.049842860009015055	-0.1348914011326147	8631
half_step_2	0.7178862892683792	0.004860518527726151	11	42	15	3.8181818181818183	59034008580.17116	28734200.938910417	0.026409482452471877	-0.13463824739357305	8528
full_step	0.7227468077961053	0.019820931829427204	10	5	5	0.5	59034008580.17116	2109161386.8519711	0.896881912205167	-0.11630633926651601	10509
half_step_1	0.7227468077961053	0.009910465914713602	17	31	7	1.8235294117647058	59034008580.17116	2189852406.873518	0.896881912205167	-0.11630633926651601	10509
half_step_2	0.7326572737108189	0.009910465914713602	22	59	9	2.6818181818181817	59034008580.17116	762558736.347573	0.7574219039281829	-0.12049790494525082	10320
full_step	0.7227468077961053	0.010469500235663018	15	25	8	1.6666666666666667	59034008580.17116	2179520478.554306	0.896881912205167	-0.11630633926651601	10509
half_step_1	0.7227468077961053	0.005234750117831509	15	35	9	2.3333333333333335	59034008580.17116	2619380440.176207	0.896881912205167	-0.11630633926651601	10509
half_step_2	0.7279815579139368	0.005234750117831509	25	85	10	3.4	59034008580.17116	608676541.1689208	0.7790646942479569	-0.11971296404852069	10198
full_step	0.7227468077961053	0.007127727014140583	11	11	4	1	59034008580.17116	2287841653.1679387	0.896881912205167	-0.11630633926651601	10509
half_step_1	0.7227468077961053	0.0035638635070702916	9	0	0	0	59034008580.17116	5298105886.38846	0.896881912205167	-0.11630633926651601	10509
half_step_2	0.7263106713031756	0.0035638635070702916	20	33	7	1.65	59034008580.17116	1205746529.8037412	0.7923184291774561	-0.12102354923329361	10182
full_step	0.7227468077961053	0.005746545361099368	10	3	3	0.3	59034008580.17116	2477025215.8703303	0.896881912205167	-0.11630633926651601	10509
half_step_1	0.7227468077961053	0.002873272680549684	9	4	4	0.4444444444444444	59034008580.17116	5149445846.270127	0.896881912205167	-0.11630633926651601	10509
half_step_2	0.725620080476655	0.002873272680549684	17	44	10	2.588235294117647	59034008580.17116	1009650014.6569908	0.8004216787106913	-0.1208449248516854	10193
full_step	0.7227468077961053	0.005081728140114666	10	6	3	0.6	59034008580.17116	2667294824.3903193	0.896881912205167	-0.11630633926651601	10509
half_step_1	0.7227468077961053	0.002540864070057333	9	8	4	0.8888888888888888	59034008580.17116	5243877132.867768	0.896881912205167	-0.11630633926651601	10509
half_step_2	0.7252876718661627	0.002540864070057333	14	25	9	1.7857142857142858	59034008580.17116	852759917.0579191	0.8055624251518552	-0.12154429713736824	10197
full_step	0.72782853593622	0.005081728140114666	9	40	11	4.444444444444445	59034008580.17116	7109490.209635547	0.5722077455604619	-0.12888670120320714	9885
half_step_1	0.72782853593622	0.002540864070057333	7	24	9	3.4285714285714284	59034008580.17116	16550032.090911586	0.5722077455604619	-0.12888670120320714	9885
half_step_2	0.7303694000062774	0.002540864070057333	8	22	6	2.75	59034008580.17116	6854270.625389568	0.32440581741100516	-0.13397633702502018	9333
full_step	0.7329102640763346	0.007712763398653544	14	31	6	2.2142857142857144	59034008580.17116	1627526.1133500293	0.10201556642995513	-0.13572886942542142	8944
half_step_1	0.7329102640763346	0.003856381699326772	9	20	9	2.2222222222222223	59034008580.17116	6493509.563962249	0.10201556642995513	-0.13572886942542142	8944
half_step_2	0.7367666457756614	0.003856381699326772	6	31	11	5.166666666666667	59034008580.17116	1447977.781815372	0.029871814366202898	-0.13602050418135805	8872
full_step	0.7406230274749882	0.014737122734527503	8	11	5	1.375	59034008580.17116	6033818.479227937	0.02504942304108937	-0.1363790407681996	8818
half_step_1	0.7406230274749882	0.0073685613672637516	5	18	9	3.6	59034008580.17116	3907147.472218902	0.02504942304108937	-0.1363790407681996	8818
half_step_2	0.7479915888422519	0.0073685613672637516	15	70	11	4.666666666666667	59034008580.17116	1912375.0044538202	0.02393806185808245	-0.13732397181140824	9591
full_step	0.7553601502095157	0.020716502082297687	12	20	6	1.6666666666666667	59034008580.17116	1062112302.39618	1.198712227955646	-0.10105039120383846	12448
full_step	0.7553601502095157	0.012141566507379981	13	33	7	2.5384615384615383	59034008580.17116	452648815.9631993	1.198712227955646	-0.10105039120383846	12448
half_step_1	0.7553601502095157	0.006070783253689991	10	33	13	3.3	59034008580.17116	435245174.93596494	1.198712227955646	-0.10105039120383846	12448
half_step_2	0.7614309334632058	0.006070783253689991	13	53	8	4.076923076923077	59034008580.17116	738677242.694753	0.8806488298617552	-0.11672044002706254	12136
full_step	0.7675017167168957	0.012141566507379981	8	17	6	2.125	59034008580.17116	342511612.8844983	0.29485356313692535	-0.133954662458477	12039
half_step_1	0.7675017167168957	0.006070783253689991	8	28	8	3.5	59034008580.17116	781989759.0290991	0.29485356313692535	-0.133954662458477	12039
half_step_2	0.7735724999705857	0.006070783253689991	11	28	10	2.5454545454545454	59034008580.17116	137219132.3284035	0.02342312976617933	-0.1345547497642001	13562
full_step	0.7796432832242757	0.0329283807457954	8	6	3	0.75	59034008580.17116	133197832.18448336	0.023174852755296627	-0.13252620366628634	13707
half_step_1	0.7796432832242757	0.0164641903728977	12	35	7	2.9166666666666665	59034008580.17116	125587881.44743875	0.023174852755296627	-0.13252620366628634	13707
half_step_2	0.7961074735971734	0.0164641903728977	9	41	10	4.555555555555555	59034008580.17116	179753028.01627627	0.0599844668498406	-0.1310805122861339	13410
full_step	0.8125716639700711	0.04844245510733324	5	4	4	0.8	59034008580.17116	160150753.72803053	0.07685299944101587	-0.13254188282829793	13097
half_step_1	0.8125716639700711	0.02422122755366662	7	22	11	3.142857142857143	59034008580.17116	181934658.48205945	0.07685299944101587	-0.13254188282829793	13097
half_step_2	0.8367928915237377	0.02422122755366662	17	59	9	3.4705882352941178	59034008580.17116	10858886.22136605	0.08208274967167029	-0.13232996690859575	13683
full_step	0.8125716639700711	0.020446880493362046	4	9	4	2.25	59034008580.17116	181025534.59773424	0.07685299944101587	-0.13254188282829793	13097
half_step_1	0.8125716639700711	0.010223440246681023	5	17	8	3.4	59034008580.17116	166302463.02121446	0.07685299944101587	-0.13254188282829793	13097
half_step_2	0.8227951042167521	0.010223440246681023	7	16	5	2.2857142857142856	59034008580.17116	166428787.78487903	0.056048058420259395	-0.13274765769364869	13110
full_step	0.8330185444634332	0.029379555941620575	6	12	7	2	59034008580.17116	192589648.33476913	0.039848664926026345	-0.13304838962213159	13205
half_step_1	0.8330185444634332	0.014689777970810287	7	22	7	3.142857142857143	59034008580.17116	181168007.0156946	0.039848664926026345	-0.13304838962213159	13205
half_step_2	0.8477083224342434	0.014689777970810287	9	24	6	2.6666666666666665	59034008580.17116	183777620.28100118	0.0365930813780011	-0.13212245713760717	13624
full_step	0.8623981004050537	0.029379555941620575	5	16	4	3.2	59034008580.17116	332218563.4140094	0.04099117269900887	-0.13141579302336856	13523
half_step_1	0.8623981004050537	0.014689777970810287	8	20	6	2.5	59034008580.17116	455783630.09844285	0.04099117269900887	-0.13141579302336856	13523
half_step_2	0.877087878375864	0.014689777970810287	15	52	9	3.466666666666667	59034008580.17116	192356030.1561632	0.04095160179713275	-0.13117935021425445	13586
full_step	0.8623981004050537	0.012695850305840334	5	14	6	2.8	59034008580.17116	443920258.97872066	0.04099117269900887	-0.13141579302336856	13523
half_step_1	0.8623981004050537	0.006347925152920167	9	23	9	2.5555555555555554	59034008580.17116	404807917.80555546	0.04099117269900887	-0.13141579302336856	13523
half_step_2	0.8687460255579739	0.006347925152920167	4	7	4	1.75	59034008580.17116	387095828.2780469	0.028356275302499512	-0.13227420297286313	13492
full_step	0.875093950710894	0.012695850305840334	8	22	6	2.75	59034008580.17116	469694490.1884991	0.024456004870891945	-0.13095743748426142	13487
half_step_1	0.875093950710894	0.006347925152920167	4	10	6	2.5	59034008580.17116	429932917.5878545	0.024456004870891945	-0.13095743748426142	13487
half_step_2	0.8814418758638142	0.006347925152920167	6	22	12	3.6666666666666665	59034008580.17116	412231405.29683864	0.023203536102357702	-0.13057993764589595	13493
full_step	0.8877898010167343	0.012695850305840334	12	22	5	1.8333333333333333	59034008580.17116	187220094.64026853	0.02315163960859934	-0.13135292898722684	13536
half_step_1	0.8877898010167343	0.006347925152920167	11	33	9	3	59034008580.17116	183800922.7171027	0.02315163960859934	-0.13135292898722684	13536
half_step_2	0.8941377261696545	0.006347925152920167	9	39	9	4.333333333333333	59034008580.17116	373958377.57356954	0.022613147461470362	-0.130953883729996	13533
full_step	0.9004856513225746	0.015527040877939245	5	10	3	2	59034008580.17116	515290735.49760646	0.022696008776392773	-0.13106344317241905	13366
half_step_1	0.9004856513225746	0.007763520438969622	4	14	8	3.5	59034008580.17116	469950802.7404153	0.022696008776392773	-0.13106344317241905	13366
half_step_2	0.9082491717615443	0.007763520438969622	6	19	9	3.1666666666666665	59034008580.17116	490437764.2511029	0.023269122189830682	-0.13093019227550112	13557
full_step	0.9160126922005138	0.047095716084083694	7	10	4	1.4285714285714286	59034008580.17116	597534846.4402494	0.023458864071166374	-0.13153001606379322	13565
full_step	0.9160126922005138	0.0032472157813209115	3	0	0	0	59034008580.17116	435203927.2363888	0.023458864071166374	-0.13153001606379322	13565
half_step_1	0.9160126922005138	0.0016236078906604558	5	0	0	0	59034008580.17116	372998639.1156378	0.023458864071166374	-0.13153001606379322	13565
half_step_2	0.9176363000911743	0.0016236078906604558	17	61	9	3.588235294117647	59034008580.17116	289778263.3479575	0.02144640317678892	-0.13156641608554945	13765
full_step	0.9192599079818348	0.0032472157813209115	12	39	11	3.25	59034008580.17116	344109566.5067257	0.020577996840358992	-0.13219780519307966	13719
half_step_1	0.9192599079818348	0.0016236078906604558	3	3	3	1	59034008580.17116	295696834.28511107	0.020577996840358992	-0.13219780519307966	13719
half_step_2	0.9208835158724952	0.0016236078906604558	13	0	0	0	59034008580.17116	53555602.07394512	0.020395194545940853	-0.1322913785090181	13800
full_step	0.9192599079818348	0.0029102002828714805	11	29	5	2.6363636363636362	59034008580.17116	335229579.7326128	0.020577996840358992	-0.13219780519307966	13719
half_step_1	0.9192599079818348	0.0014551001414357403	3	3	3	1	59034008580.17116	284341962.3378703	0.020577996840358992	-0.13219780519307966	13719
half_step_2	0.9207150081232706	0.0014551001414357403	14	3	3	0.21428571428571427	59034008580.17116	89426522.46247752	0.0203192220421613	-0.1325397572218934	13740
full_step	0.9221701082647062	0.0029102002828714805	10	27	9	2.7	59034008580.17116	49974146.67406057	0.020062142498261437	-0.13298499414252535	13984
half_step_1	0.9221701082647062	0.0014551001414357403	4	0	0	0	59034008580.17116	68313551.86763513	0.020062142498261437	-0.13298499414252535	13984
half_step_2	0.923625208406142	0.0014551001414357403	4	11	4	2.75	59034008580.17116	48729944.96460482	0.020096101914980125	-0.13272688284863413	13952
full_step	0.9250803085475777	0.012398435451104967	10	12	5	1.2	59034008580.17116	48968737.56586609	0.02012615296396092	-0.1327545028939831	14035
half_step_1	0.9250803085475777	0.0061992177255524835	7	24	7	3.4285714285714284	59034008580.17116	45766667.47704518	0.02012615296396092	-0.1327545028939831	14035
half_step_2	0.9312795262731302	0.0061992177255524835	7	31	7	4.428571428571429	59034008580.17116	50408665.65103865	0.022742931604028627	-0.1320236398857456	13785
full_step	0.9374787439986827	0.02983882184119955	9	37	11	4.111111111111111	59034008580.17116	53956947.119434476	0.023101379434528724	-0.13197778483010258	13723
full_step	0.9374787439986827	0.018788803800948557	10	43	10	4.3	59034008580.17116	52375919.2381784	0.023101379434528724	-0.13197778483010258	13723
half_step_1	0.9374787439986827	0.009394401900474279	9	46	9	5.111111111111111	59034008580.17116	48382188.19027672	0.023101379434528724	-0.13197778483010258	13723
half_step_2	0.9468731458991569	0.009394401900474279	10	44	7	4.4	59034008580.17116	531703306.33488464	0.026364520644321487	-0.13185206137281727	13596
full_step	0.9374787439986827	0.017969279279809496	9	33	10	3.6666666666666665	59034008580.17116	52205700.38249355	0.023101379434528724	-0.13197778483010258	13723
half_step_1	0.9374787439986827	0.008984639639904748	8	38	9	4.75	59034008580.17116	48239711.87657924	0.023101379434528724	-0.13197778483010258	13723
half_step_2	0.9464633836385874	0.008984639639904748	9	41	8	4.555555555555555	59034008580.17116	62364042.58373829	0.025058841836134604	-0.1314468055620802	13616
full_step	0.9554480232784922	0.02746705067449895	12	2	2	0.16666666666666666	59034008580.17116	15833423.34721874	1.588253882279588	-0.12096264551913577	14488
half_step_1	0.9554480232784922	0.013733525337249475	15	46	10	3.066666666666667	59034008580.17116	14735853.74991914	1.588253882279588	-0.12096264551913577	14488
half_step_2	0.9691815486157417	0.013733525337249475	15	56	8	3.7333333333333334	59034008580.17116	28398349.96852574	1.2328624865194726	-0.12524570574437258	14449
full_step	0.9554480232784922	0.020144623661561476	15	28	6	1.8666666666666667	59034008580.17116	15288490.524773473	1.588253882279588	-0.12096264551913577	14488
half_step_1	0.9554480232784922	0.010072311830780738	17	55	8	3.235294117647059	59034008580.17116	13384843.182657268	1.588253882279588	-0.12096264551913577	14488
half_step_2	0.9655203351092729	0.010072311830780738	10	34	8	3.4	59034008580.17116	26363955.51098281	1.2649860366496313	-0.12513844095720586	14396
full_step	0.9554480232784922	0.016460326609000094	11	4	4	0.36363636363636365	59034008580.17116	15083135.862759404	1.588253882279588	-0.12096264551913577	14488
half_step_1	0.9554480232784922	0.008230163304500047	18	51	8	2.8333333333333335	59034008580.17116	12968357.455238974	1.588253882279588	-0.12096264551913577	14488
half_step_2	0.9636781865829922	0.008230163304500047	12	39	10	3.25	59034008580.17116	23150817.30766264	1.287528313966959	-0.12442385712593508	14413
full_step	0.9719083498874923	0.016460326609000094	6	13	6	2.1666666666666665	59034008580.17116	41751213.597714305	0.6548659631127833	-0.12908034425237683	14135
half_step_1	0.9719083498874923	0.008230163304500047	4	11	5	2.75	59034008580.17116	36434823.7727827	0.6548659631127833	-0.12908034425237683	14135
half_step_2	0.9801385131919923	0.008230163304500047	5	31	9	6.2	59034008580.17116	43974795.06616663	0.14363975255830042	-0.13263261649172348	14042
full_step	0.9883686764964924	0.02519036661659291	9	0	0	0	59034008580.17116	113139124.24010769	0.024636207496108398	-0.13170693630497474	13881
half_step_1	0.9883686764964924	0.012595183308296455	9	31	8	3.4444444444444446	59034008580.17116	88738304.16675566	0.024636207496108398	-0.13170693630497474	13881
half_step_2	1.000963859804789	0.012595183308296455	6	21	6	3.5	59034008580.17116	237566881.4518686	0.039112328657445516	-0.13156268431304335	13861
full_step	0.9883686764964924	0.02002156476350483	10	8	5	0.8	59034008580.17116	114912200.5456441	0.024636207496108398	-0.13170693630497474	13881
half_step_1	0.9883686764964924	0.010010782381752415	11	29	7	2.6363636363636362	59034008580.17116	104350115.93948992	0.024636207496108398	-0.13170693630497474	13881
half_step_2	0.9983794588782449	0.010010782381752415	6	20	5	3.3333333333333335	59034008580.17116	101775070.09351978	0.02799267916978465	-0.13176744968751752	13891
full_step	0.9883686764964924	0.01683679934885531	8	0	0	0	59034008580.17116	104109707.38605486	0.024636207496108398	-0.13170693630497474	13881
half_step_1	0.9883686764964924	0.008418399674427654	12	56	12	4.666666666666667	59034008580.17116	84730756.50100574	0.024636207496108398	-0.13170693630497474	13881
half_step_2	0.9967870761709201	0.008418399674427654	6	26	6	4.333333333333333	59034008580.17116	101495046.09586759	0.02418417989467514	-0.1313864013929869	13875
full_step	1.0052054758453477	0.01683679934885531	7	12	7	1.7142857142857142	59034008580.17116	282023950.04911226	0.024382129674066277	-0.13202404167072948	13799
half_step_1	1.0052054758453477	0.008418399674427654	7	25	10	3.5714285714285716	59034008580.17116	205169609.369339	0.024382129674066277	-0.13202404167072948	13799
half_step_2	1.0136238755197753	0.008418399674427654	15	34	8	2.2666666666666666	59034008580.17116	15555854.413059544	0.024043276908663813	-0.13287184251053205	14062
full_step	1.0052054758453477	0.009079045368540395	5	14	10	2.8	59034008580.17116	99175128.31447256	0.024382129674066277	-0.13202404167072948	13799
half_step_1	1.0052054758453477	0.004539522684270198	5	11	6	2.2	59034008580.17116	87246778.76502903	0.024382129674066277	-0.13202404167072948	13799
half_step_2	1.0097449985296179	0.004539522684270198	11	3	3	0.2727272727272727	59034008580.17116	13843543.399960069	0.022921143690410872	-0.13247450521228285	13911
full_step	1.0052054758453477	0.007726687236768759	5	9	6	1.8	59034008580.17116	98279668.35919589	0.024382129674066277	-0.13202404167072948	13799
half_step_1	1.0052054758453477	0.0038633436183843797	5	10	5	2	59034008580.17116	86967684.01800007	0.024382129674066277	-0.13202404167072948	13799
half_step_2	1.009068819463732	0.0038633436183843797	11	0	0	0	59034008580.17116	14606141.858595056	0.02275775648215017	-0.1320893985239592	13895
full_step	1.0129321630821164	0.007726687236768759	9	31	9	3.4444444444444446	59034008580.17116	15682536.278165786	0.022200949525263525	-0.1322853444373681	13841
half_step_1	1.0129321630821164	0.0038633436183843797	6	12	5	2	59034008580.17116	13923383.896532249	0.022200949525263525	-0.1322853444373681	13841
half_step_2	1.0167955067005008	0.0038633436183843797	6	21	9	3.5	59034008580.17116	13926720.26432248	0.022135730802773423	-0.13246956697331894	13969
full_step	1.0206588503188851	0.03192849125341684	7	5	5	0.7142857142857143	59034008580.17116	21550023.167573918	0.0221413792938705	-0.13249638129101537	13964
half_step_1	1.0206588503188851	0.01596424562670842	7	16	8	2.2857142857142856	59034008580.17116	21765530.888515607	0.0221413792938705	-0.13249638129101537	13964
half_step_2	1.0366230959455935	0.01596424562670842	9	45	11	5	59034008580.17116	13730766.038701793	0.04135425708356877	-0.13118299095801556	14165
full_step	1.052587341572302	0.07654891352679044	6	8	4	1.3333333333333333	59034008580.17116	6793595.41167544	0.046246306983405816	-0.1321344774551022	14104
half_step_1	1.052587341572302	0.03827445676339522	5	11	4	2.2	59034008580.17116	16805347.56433385	0.046246306983405816	-0.1321344774551022	14104
half_step_2	1.0908617983356972	0.03827445676339522	10	52	11	5.2	59034008580.17116	15984325.968009869	0.14205074586398325	-0.12985526518674043	14122
full_step	1.1291362550990924	0.1	6	8	3	1.3333333333333333	59034008580.17116	6021053.678279051	0.18758362391056238	-0.13046111606620675	14219
half_step_1	1.1291362550990924	0.05	5	7	4	1.4	59034008580.17116	13727129.197816182	0.18758362391056238	-0.13046111606620675	14219
half_step_2	1.1791362550990925	0.05	8	30	8	3.75	59034008580.17116	17257881.14946576	0.2817251871522046	-0.12836302184852988	14188
full_step	1.2291362550990925	0.1	5	6	3	1.2	59034008580.17116	5940283.830567068	0.3245432413163485	-0.12856660847522292	14201
half_step_1	1.2291362550990925	0.05	4	10	4	2.5	59034008580.17116	12030017.39245688	0.3245432413163485	-0.12856660847522292	14201
half_step_2	1.2791362550990926	0.05	8	22	5	2.75	59034008580.17116	11930376.711436924	0.4257526671954963	-0.1282802742609413	14162
full_step	1.3291362550990926	0.1	6	9	4	1.5	59034008580.17116	8971199.248547444	0.44708837993938744	-0.12846002035810844	14306
half_step_1	1.3291362550990926	0.05	5	11	5	2.2	59034008580.17116	11623031.192046933	0.44708837993938744	-0.12846002035810844	14306
half_step_2	1.3791362550990927	0.05	7	17	5	2.4285714285714284	59034008580.17116	12061192.266745491	0.5426326212650494	-0.12812399945356598	14291
full_step	1.4291362550990927	0.1	6	9	6	1.5	59034008580.17116	8344919.088480575	0.5244757766112116	-0.12785880981829387	14177
half_step_1	1.4291362550990927	0.05	5	12	5	2.4	59034008580.17116	13019812.23335142	0.5244757766112116	-0.12785880981829387	14177
half_step_2	1.4791362550990927	0.05	8	17	4	2.125	59034008580.17116	11130263.646878498	0.6248930068816989	-0.12837899893353616	14271
full_step	1.5291362550990928	0.1	5	6	3	1.2	59034008580.17116	4000574.437784733	0.6611093024840358	-0.12771206910923433	14281
half_step_1	1.5291362550990928	0.05	6	13	5	2.1666666666666665	59034008580.17116	11977886.708268577	0.6611093024840358	-0.12771206910923433	14281
half_step_2	1.5791362550990928	0.05	6	10	4	1.6666666666666667	59034008580.17116	9332086.268675797	0.6441244958588896	-0.12779901539280616	14352
full_step	1.6291362550990929	0.1	6	13	6	2.1666666666666665	59034008580.17116	3958174.3192591886	0.6379544761688436	-0.12792591624666375	14201
half_step_1	1.6291362550990929	0.05	5	10	4	2	59034008580.17116	11655413.724280853	0.6379544761688436	-0.12792591624666375	14201
half_step_2	1.679136255099093	0.05	7	16	6	2.2857142857142856	59034008580.17116	12432166.182913547	0.6341822913269297	-0.12827639249032485	14166
full_step	1.729136255099093	0.1	4	6	3	1.5	59034008580.17116	3907391.297594116	0.6340516872090447	-0.12822035448036692	14163
half_step_1	1.729136255099093	0.05	6	12	5	2	59034008580.17116	16964257.721650787	0.6340516872090447	-0.12822035448036692	14163
half_step_2	1.779136255099093	0.05	7	15	5	2.142857142857143	59034008580.17116	15108305.735790933	0.604027198259729	-0.12790240313616924	14179
full_step	1.829136255099093	0.1	6	6	3	1	59034008580.17116	3959614.8392463876	0.6161327023710044	-0.1277373866938181	14220
half_step_1	1.829136255099093	0.05	6	11	4	1.8333333333333333	59034008580.17116	12428152.427123833	0.6161327023710044	-0.1277373866938181	14220
half_step_2	1.879136255099093	0.05	6	18	6	3	59034008580.17116	10854840.768581433	0.6173264245797441	-0.12819624718721662	14168
full_step	1.9291362550990931	0.1	5	3	3	0.6	59034008580.17116	3994081.1761280308	0.6571579258704858	-0.12812578861711402	14274
half_step_1	1.9291362550990931	0.05	6	16	5	2.6666666666666665	59034008580.17116	8218763.365092076	0.6571579258704858	-0.12812578861711402	14274
half_step_2	1.9791362550990932	0.05	7	19	7	2.7142857142857144	59034008580.17116	9973774.608796338	0.6422071052757232	-0.12803263866952797	14259
full_step	2.0291362550990932	0.1	5	6	3	1.2	59034008580.17116	4021232.696250822	0.6893580748108192	-0.12774171153832062	14266
half_step_1	2.0291362550990932	0.05	5	11	4	2.2	59034008580.17116	7412325.967752952	0.6893580748108192	-0.12774171153832062	14266
half_step_2	2.079136255099093	0.05	7	18	5	2.5714285714285716	59034008580.17116	5763153.041753243	0.6836736660855465	-0.12713948954350562	14235
full_step	2.1291362550990933	0.1	5	7	4	1.4	59034008580.17116	3939317.9548815754	0.677401256616605	-0.1278914949868245	14218
half_step_1	2.1291362550990933	0.05	6	12	5	2	59034008580.17116	4875101.986087449	0.677401256616605	-0.1278914949868245	14218
half_step_2	2.179136255099093	0.05	7	23	7	3.2857142857142856	59034008580.17116	7657219.540379485	0.6738356135086576	-0.12785644647903405	14226
full_step	2.2291362550990934	0.1	7	13	5	1.8571428571428572	59034008580.17116	3932512.0334123396	0.649360075124811	-0.12817326655741176	14240
half_step_1	2.2291362550990934	0.05	6	10	4	1.6666666666666667	59034008580.17116	8286900.4927959405	0.649360075124811	-0.12817326655741176	14240
half_step_2	2.2791362550990932	0.05	7	19	5	2.7142857142857144	59034008580.17116	11972274.025527094	0.6397956457396603	-0.12782480025376525	14242
full_step	2.3291362550990935	0.1	5	7	4	1.4	59034008580.17116	3892686.3930514604	0.6358398936696616	-0.12796631258312363	14272
half_step_1	2.3291362550990935	0.05	5	11	4	2.2	59034008580.17116	16000717.111298375	0.6358398936696616	-0.12796631258312363	14272
half_step_2	2.3791362550990933	0.05	7	21	7	3	59034008580.17116	8758976.620592551	0.6311287909637784	-0.12779500023479046	14263
full_step	2.4291362550990936	0.1	4	6	3	1.5	59034008580.17116	3918359.6013552654	0.6838071200182085	-0.12796152138066927	14221
half_step_1	2.4291362550990936	0.05	6	14	7	2.3333333333333335	59034008580.17116	9345696.004036287	0.6838071200182085	-0.12796152138066927	14221
half_step_2	2.4791362550990934	0.05	8	20	6	2.5	59034008580.17116	9393567.63442233	0.65516932761318	-0.12769970974186734	14220
full_step	2.5291362550990937	0.1	5	12	4	2.4	59034008580.17116	3938543.585724443	0.6411577119662013	-0.12756063670228082	14282
half_step_1	2.5291362550990937	0.05	6	13	5	2.1666666666666665	59034008580.17116	11742883.105971595	0.6411577119662013	-0.12756063670228082	14282
half_step_2	2.5791362550990935	0.05	7	19	6	2.7142857142857144	59034008580.17116	14982347.944874369	0.6363418218956411	-0.12783012603244018	14272
full_step	2.6291362550990938	0.1	5	7	4	1.4	59034008580.17116	4033799.522064959	0.6350327883131186	-0.12731327703184786	14401
half_step_1	2.6291362550990938	0.05	6	13	5	2.1666666666666665	59034008580.17116	16332023.49430999	0.6350327883131186	-0.12731327703184786	14401
half_step_2	2.6791362550990936	0.05	6	22	6	3.6666666666666665	59034008580.17116	13558336.257538348	0.5934938354203183	-0.12811715185051506	14147
full_step	2.729136255099094	0.1	5	6	3	1.2	59034008580.17116	3926775.6981139197	0.6063596678646732	-0.12831983527306934	14327
half_step_1	2.729136255099094	0.05	6	11	4	1.8333333333333333	59034008580.17116	12044005.281139815	0.6063596678646732	-0.12831983527306934	14327
half_step_2	2.7791362550990937	0.05	7	22	6	3.142857142857143	59034008580.17116	13811709.254522942	0.5356179358116933	-0.1276048735064341	14217
full_step	2.829136255099094	0.1	5	4	4	0.8	59034008580.17116	3973835.622651075	0.6335252378385121	-0.12756119301066912	14114
half_step_1	2.829136255099094	0.05	7	12	5	1.7142857142857142	59034008580.17116	14569204.938200856	0.6335252378385121	-0.12756119301066912	14114
half_step_2	2.8791362550990938	0.05	6	18	7	3	59034008580.17116	11589995.695647156	0.5701674199968139	-0.12827528844232877	14118
full_step	2.929136255099094	0.07086374490090597	4	0	0	0	59034008580.17116	4115422.787791	0.6563640258444181	-0.1277394117365089	14215
half_step_1	2.929136255099094	0.035431872450452984	9	26	8	2.888888888888889	59034008580.17116	19400283.787994053	0.6563640258444181	-0.1277394117365089	14215
half_step_2	2.964568127549547	0.035431872450452984	7	21	6	3	59034008580.17116	26312593.687724352	0.5795244680682288	-0.12936550034819175	14201
