full_step	0	0.010000000000000002	3	0	0	0	308957587.4110503	294053182.991911	0.11577903724524674	0.05381655237184214	62
half_step_1	0	0.005000000000000001	3	0	0	0	308957587.4110503	247290943.50514185	0.11577903724524674	0.05381655237184214	62
half_step_2	0.005000000000000001	0.005000000000000001	3	0	0	0	308957587.4110503	206267443.1763013	0.11465230864760656	0.04523433690971668	64
full_step	0.010000000000000002	0.03397382590885861	7	7	7	1	733859475.2823653	293263655.99794596	0.11351228997713747	0.045597533924195834	65
full_step	0.010000000000000002	0.028096146725962865	7	7	7	1	733859475.2823653	291740613.612059	0.11351228997713747	0.045597533924195834	65
half_step_1	0.010000000000000002	0.014048073362981433	3	8	6	2.6666666666666665	733859475.2823653	271743404.03427815	0.11351228997713747	0.045597533924195834	65
half_step_2	0.024048073362981433	0.014048073362981433	4	16	8	4	733859475.2823653	259514853.38643014	0.1118984100873135	0.04370230071164849	64
full_step	0.03809614672596287	0.039200684394273794	9	26	7	2.888888888888889	30382126039.43972	278941036.9969939	0.10968734504102429	0.05216914013387419	64
full_step	0.03809614672596287	0.005254275294357998	4	10	10	2.5	30382126039.43972	143187538.23061398	0.10968734504102429	0.05216914013387419	64
half_step_1	0.03809614672596287	0.002627137647178999	5	8	8	1.6	30382126039.43972	85629412.29092024	0.10968734504102429	0.05216914013387419	64
half_step_2	0.04072328437314187	0.002627137647178999	5	8	8	1.6	30382126039.43972	64673317.66494738	0.10860319312857314	0.045728567355529624	63
full_step	0.04335042202032087	0.02589932020978558	20	23	7	1.15	15371252495551.383	1651097878.9561863	0.18459542902701287	-0.07327970346707739	140
full_step	0.04335042202032087	0.010751994029708542	24	35	11	1.4583333333333333	15371252495551.383	270774925.0448675	0.18459542902701287	-0.07327970346707739	140
half_step_1	0.04335042202032087	0.005375997014854271	22	40	14	1.8181818181818181	15371252495551.383	149917002.72664085	0.18459542902701287	-0.07327970346707739	140
half_step_2	0.04872641903517514	0.005375997014854271	4	22	13	5.5	15371252495551.383	123817475.36041333	0.10546237972175732	-0.07373817937531374	138
full_step	0.05410241605002941	0.023647125220973852	21	43	9	2.0476190476190474	15371252495551.383	1830052782.705223	0.43721429529011857	-0.08306522495227475	250
half_step_1	0.05410241605002941	0.011823562610486926	19	36	14	1.894736842105263	15371252495551.383	514673336.298924	0.43721429529011857	-0.08306522495227475	250
half_step_2	0.06592597866051633	0.011823562610486926	6	30	15	5	15371252495551.383	167431911.59614152	0.176483271215794	-0.10304084663473188	261
full_step	0.07774954127100327	0.03315622282354231	9	42	22	4.666666666666667	15371252495551.383	1527349711.2835252	0.09054482768175376	-0.11792653835635522	275
full_step	0.07774954127100327	0.013569752451391814	6	48	22	8	15371252495551.383	270598096.9221035	0.09054482768175376	-0.11792653835635522	275
half_step_1	0.07774954127100327	0.006784876225695907	6	30	10	5	15371252495551.383	38672342.93905684	0.09054482768175376	-0.11792653835635522	275
half_step_2	0.08453441749669917	0.006784876225695907	7	17	6	2.4285714285714284	15371252495551.383	71408466.2589211	0.08362694886422872	-0.12535195498498278	304
full_step	0.09131929372239508	0.030556903238703012	9	9	5	1	15371252495551.383	2457848911.935817	0.07551101503653257	-0.12837556947846746	300
full_step	0.09131929372239508	0.0030479732075241236	4	3	3	0.75	15371252495551.383	21863781.297563914	0.07551101503653257	-0.12837556947846746	300
half_step_1	0.09131929372239508	0.0015239866037620618	3	7	5	2.3333333333333335	15371252495551.383	5868676.466576877	0.07551101503653257	-0.12837556947846746	300
half_step_2	0.09284328032615714	0.0015239866037620618	18	0	0	0	15371252495551.383	6828887.188346444	0.07347182741240488	-0.13959669095805105	376
full_step	0.0943672669299192	0.003927984625889956	20	21	10	1.05	15371252495551.383	562014767.5401167	0.638372416272766	-0.1278242084688355	464
half_step_1	0.0943672669299192	0.001963992312944978	17	33	11	1.9411764705882353	15371252495551.383	502902757.115719	0.638372416272766	-0.1278242084688355	464
half_step_2	0.09633125924286418	0.001963992312944978	4	3	3	0.75	15371252495551.383	64536260.22103029	0.5115216533911067	-0.12550502688525114	378
full_step	0.09829525155580916	0.009412848890167604	5	15	12	3	15371252495551.383	260115630.78750646	0.34514789569374216	-0.12723138673654943	386
full_step	0.09829525155580916	0.002518180132159348	4	5	3	1.25	15371252495551.383	16043212.729757285	0.34514789569374216	-0.12723138673654943	386
half_step_1	0.09829525155580916	0.001259090066079674	4	3	3	0.75	15371252495551.383	4168907.663709463	0.34514789569374216	-0.12723138673654943	386
half_step_2	0.09955434162188884	0.001259090066079674	16	0	0	0	15371252495551.383	39743566.79296048	0.5258453632228282	-0.13612414548253518	554
full_step	0.10081343168796851	0.002518180132159348	4	4	4	1	15371252495551.383	12483698.345449017	0.4208485900490757	-0.1392390910446735	525
half_step_1	0.10081343168796851	0.001259090066079674	4	6	3	1.5	15371252495551.383	7770608.545975234	0.4208485900490757	-0.1392390910446735	525
half_step_2	0.10207252175404818	0.001259090066079674	5	18	8	3.6	15371252495551.383	4342644.759668583	0.3026183380880525	-0.14538279404653529	458
full_step	0.10333161182012786	0.01235286457446059	7	23	9	3.2857142857142856	15371252495551.383	392546049.6360242	0.18821073974293512	-0.14263867974081118	411
full_step	0.10333161182012786	0.007938549882398536	5	6	6	1.2	15371252495551.383	162315423.4842885	0.18821073974293512	-0.14263867974081118	411
half_step_1	0.10333161182012786	0.003969274941199268	3	0	0	0	15371252495551.383	40769608.06761742	0.18821073974293512	-0.14263867974081118	411
half_step_2	0.10730088676132712	0.003969274941199268	12	0	0	0	15371252495551.383	270284345.77088886	0.10010735067550058	-0.14803407181753256	558
full_step	0.11127016170252639	0.012020049127367979	16	0	0	0	15371252495551.383	438146418.00034195	1.380094412667745	-0.13353359230688844	611
full_step	0.11127016170252639	0.007030844296147102	17	0	0	0	15371252495551.383	633907375.7879	1.380094412667745	-0.13353359230688844	611
half_step_1	0.11127016170252639	0.003515422148073551	15	3	3	0.2	15371252495551.383	2041719443.3953269	1.380094412667745	-0.13353359230688844	611
half_step_2	0.11478558385059995	0.003515422148073551	18	13	6	0.7222222222222222	15371252495551.383	195271716.2119129	1.1012370898817565	-0.13380035074249494	591
full_step	0.11127016170252639	0.0038740136266673256	17	3	3	0.17647058823529413	15371252495551.383	1758089871.1303773	1.380094412667745	-0.13353359230688844	611
half_step_1	0.11127016170252639	0.0019370068133336628	13	3	3	0.23076923076923078	15371252495551.383	4525236681.641669	1.380094412667745	-0.13353359230688844	611
half_step_2	0.11320716851586006	0.0019370068133336628	5	0	0	0	15371252495551.383	1207333324.4935918	1.226133099082972	-0.13818771503610983	579
full_step	0.11514417532919372	0.006138649145376082	16	0	0	0	15371252495551.383	125983047.43705074	1.054240480137679	-0.13746597602016414	597
half_step_1	0.11514417532919372	0.003069324572688041	16	14	10	0.875	15371252495551.383	175726920.6497074	1.054240480137679	-0.13746597602016414	597
half_step_2	0.11821349990188176	0.003069324572688041	6	25	14	4.166666666666667	15371252495551.383	29621990.92314491	0.8196838336820633	-0.1398828953564555	537
full_step	0.1212828244745698	0.008381211895940986	10	53	15	5.3	15371252495551.383	261732142.89040354	0.5407625071988491	-0.1432878114196711	434
half_step_1	0.1212828244745698	0.004190605947970493	10	29	7	2.9	15371252495551.383	66693438.08146535	0.5407625071988491	-0.1432878114196711	434
half_step_2	0.12547343042254028	0.004190605947970493	17	51	12	3	15371252495551.383	79560476.63916944	0.1836013174354818	-0.16238746874163465	608
full_step	0.12966403637051077	0.010990285400164352	10	10	5	1	15371252495551.383	280838621.7646831	0.0008313004827584791	-0.1656598601859479	943
half_step_1	0.12966403637051077	0.005495142700082176	7	7	4	1	15371252495551.383	82689794.9391284	0.0008313004827584791	-0.1656598601859479	943
half_step_2	0.13515917907059294	0.005495142700082176	8	6	4	0.75	15371252495551.383	67290228.99057528	0	-0.1578935039037194	740
full_step	0.14065432177067513	0.023408903401515305	11	19	9	1.7272727272727273	15371252495551.383	684778150.0210425	0	-0.16035688197434259	805
full_step	0.14065432177067513	0.0030504830405478234	6	10	4	1.6666666666666667	15371252495551.383	4109788.50438448	0	-0.16035688197434259	805
half_step_1	0.14065432177067513	0.0015252415202739117	3	9	6	3	15371252495551.383	1139408.8316519153	0	-0.16035688197434259	805
half_step_2	0.14217956329094905	0.0015252415202739117	2	4	4	2	15371252495551.383	3165712.1948149493	0.0020194255211833934	-0.161151538821537	924
full_step	0.14370480481122297	0.015252415202739117	23	28	6	1.2173913043478262	15371252495551.383	524482603.7065145	1.2559704938459788	-0.11021455703657503	1078
full_step	0.14370480481122297	0.01087238660725124	21	21	6	1	15371252495551.383	332609150.04270184	1.2559704938459788	-0.11021455703657503	1078
half_step_1	0.14370480481122297	0.00543619330362562	21	25	8	1.1904761904761905	15371252495551.383	236867987.72121605	1.2559704938459788	-0.11021455703657503	1078
half_step_2	0.1491409981148486	0.00543619330362562	8	20	5	2.5	15371252495551.383	61899008.55650364	0.8179559766255124	-0.1263284797522642	1035
full_step	0.14370480481122297	0.006036530293019092	23	25	7	1.0869565217391304	15371252495551.383	237552939.65384895	1.2559704938459788	-0.11021455703657503	1078
half_step_1	0.14370480481122297	0.003018265146509546	16	20	7	1.25	15371252495551.383	370247629.5570586	1.2559704938459788	-0.11021455703657503	1078
half_step_2	0.14672306995773252	0.003018265146509546	6	20	7	3.3333333333333335	15371252495551.383	44778093.702371955	0.9988848710838028	-0.11590647360926755	1037
full_step	0.14370480481122297	0.004247174686560628	22	31	7	1.4090909090909092	15371252495551.383	244632336.3529185	1.2559704938459788	-0.11021455703657503	1078
half_step_1	0.14370480481122297	0.002123587343280314	19	21	8	1.105263157894737	15371252495551.383	762638766.3386513	1.2559704938459788	-0.11021455703657503	1078
half_step_2	0.14582839215450327	0.002123587343280314	7	15	8	2.142857142857143	15371252495551.383	35764563.70444122	1.0676651218667672	-0.11429777721389127	1058
full_step	0.1479519794977836	0.004247174686560628	10	27	7	2.7	15371252495551.383	32451641.764597476	0.8618353978913831	-0.12139028241705775	1034
half_step_1	0.1479519794977836	0.002123587343280314	6	20	9	3.3333333333333335	15371252495551.383	18328755.84577849	0.8618353978913831	-0.12139028241705775	1034
half_step_2	0.1500755668410639	0.002123587343280314	6	24	6	4	15371252495551.383	3607403.4203352374	0.6418613433657328	-0.1325529915640131	1000
full_step	0.15219915418434424	0.004247174686560628	5	18	11	3.6	15371252495551.383	3149856.7924485505	0.4096063821233997	-0.14327962661056604	975
full_step	0.15219915418434424	0.003484766273363258	5	19	11	3.8	15371252495551.383	2205188.0625398783	0.4096063821233997	-0.14327962661056604	975
half_step_1	0.15219915418434424	0.001742383136681629	4	6	3	1.5	15371252495551.383	2000114.6827328624	0.4096063821233997	-0.14327962661056604	975
half_step_2	0.15394153732102586	0.001742383136681629	5	11	5	2.2	15371252495551.383	2429375.7939492436	0.23034347095958196	-0.14513766840897968	848
full_step	0.1556839204577075	0.0047288355182804115	22	4	4	0.18181818181818182	187494905533450.78	49704312261.16243	1.733099234296077	0.023924470914035368	1162
half_step_1	0.1556839204577075	0.0023644177591402057	15	0	0	0	187494905533450.78	182334559045.01978	1.733099234296077	0.023924470914035368	1162
half_step_2	0.1580483382168477	0.0023644177591402057	17	90	13	5.294117647058823	187494905533450.78	530042836.20791465	1.4665207568365162	-0.02150430598800451	1146
full_step	0.1556839204577075	0.003913651045335399	22	4	4	0.18181818181818182	187494905533450.78	62851899835.46723	1.733099234296077	0.023924470914035368	1162
half_step_1	0.1556839204577075	0.0019568255226676996	17	12	6	0.7058823529411765	187494905533450.78	260298516595.0088	1.733099234296077	0.023924470914035368	1162
half_step_2	0.1576407459803752	0.0019568255226676996	21	89	12	4.238095238095238	187494905533450.78	421186090.2226044	1.5163770723067387	-0.012615052385806454	1176
full_step	0.15959757150304288	0.003913651045335399	9	34	11	3.7777777777777777	187494905533450.78	133105605.58298923	1.2824663280495585	-0.047587411632579235	1119
full_step	0.15959757150304288	0.00361150637911709	9	34	13	3.7777777777777777	187494905533450.78	122640075.14447148	1.2824663280495585	-0.047587411632579235	1119
half_step_1	0.15959757150304288	0.001805753189558545	5	19	12	3.8	187494905533450.78	44191613.83392368	1.2824663280495585	-0.047587411632579235	1119
half_step_2	0.16140332469260144	0.001805753189558545	19	34	14	1.7894736842105263	187494905533450.78	4340991666.47351	1.0371228348051673	-0.0846062580704166	1115
full_step	0.15959757150304288	0.002450344245164064	9	28	15	3.111111111111111	187494905533450.78	78179684.9705699	1.2824663280495585	-0.047587411632579235	1119
half_step_1	0.15959757150304288	0.001225172122582032	5	16	8	3.2	187494905533450.78	22995890.048213135	1.2824663280495585	-0.047587411632579235	1119
half_step_2	0.1608227436256249	0.001225172122582032	8	25	9	3.125	187494905533450.78	16786647.55316137	1.120848087356741	-0.07440587102971608	1014
full_step	0.16204791574820696	0.008236753544484391	22	30	8	1.3636363636363635	187494905533450.78	640989896.1462032	0.9806126955448704	-0.062328785837375264	1213
half_step_1	0.16204791574820696	0.0041183767722421955	23	47	10	2.0434782608695654	187494905533450.78	781889226.564056	0.9806126955448704	-0.062328785837375264	1213
half_step_2	0.16616629252044915	0.0041183767722421955	8	20	6	2.5	187494905533450.78	48052106.20165417	0.548184163636634	-0.11264192237721836	1074
full_step	0.16204791574820696	0.00516076980043724	27	43	9	1.5925925925925926	187494905533450.78	598973438.0784229	0.9806126955448704	-0.062328785837375264	1213
half_step_1	0.16204791574820696	0.00258038490021862	24	38	18	1.5833333333333333	187494905533450.78	552109166.5828334	0.9806126955448704	-0.062328785837375264	1213
half_step_2	0.16462830064842557	0.00258038490021862	6	8	5	1.3333333333333333	187494905533450.78	33005407.184273753	0.7087331702678981	-0.09635799780993688	1133
full_step	0.1672086855486442	0.007253981990307926	10	30	10	3	187494905533450.78	139384879.88738745	0.4418490884677624	-0.12431189956895908	989
full_step	0.1672086855486442	0.0068603198284686445	10	22	8	2.2	187494905533450.78	124978457.8049102	0.4418490884677624	-0.12431189956895908	989
half_step_1	0.1672086855486442	0.0034301599142343223	7	17	9	2.4285714285714284	187494905533450.78	35578701.29960952	0.4418490884677624	-0.12431189956895908	989
half_step_2	0.17063884546287852	0.0034301599142343223	7	26	8	3.7142857142857144	187494905533450.78	29395099.026517417	0.11377071476371725	-0.15588616988006693	877
full_step	0.17406900537711284	0.011810202116239036	24	36	9	1.5	187494905533450.78	3307417008.6272745	1.490855192797628	0.005355360202679797	1034
half_step_1	0.17406900537711284	0.005905101058119518	17	3	3	0.17647058823529413	187494905533450.78	4675722624.253569	1.490855192797628	0.005355360202679797	1034
half_step_2	0.17997410643523234	0.005905101058119518	5	5	5	1	187494905533450.78	739221197.3073771	1.0305772134570486	-0.05256121622905064	880
full_step	0.17406900537711284	0.007591154264970841	20	27	11	1.35	187494905533450.78	3504150228.888926	1.490855192797628	0.005355360202679797	1034
half_step_1	0.17406900537711284	0.0037955771324854207	16	4	4	0.25	187494905533450.78	9319892250.638378	1.490855192797628	0.005355360202679797	1034
half_step_2	0.17786458250959827	0.0037955771324854207	6	4	4	0.6666666666666666	187494905533450.78	713198764.7084814	1.1561923574760593	-0.04149878546870189	986
full_step	0.18166015964208368	0.007591154264970841	7	15	8	2.142857142857143	187494905533450.78	273118525.5486057	0.8665496945486746	-0.08556681002288437	871
half_step_1	0.18166015964208368	0.0037955771324854207	6	19	12	3.1666666666666665	187494905533450.78	190037036.4175443	0.8665496945486746	-0.08556681002288437	871
half_step_2	0.1854557367745691	0.0037955771324854207	6	3	3	0.5	187494905533450.78	63228270.43749693	0.5726433134833426	-0.14993606030197923	986
full_step	0.18925131390705452	0.012793573580347804	20	36	9	1.8	187494905533450.78	862837188.5202577	0.27717300809718637	-0.15884569939167403	1020
full_step	0.18925131390705452	0.007750502570563537	20	27	6	1.35	187494905533450.78	319520570.71012795	0.27717300809718637	-0.15884569939167403	1020
half_step_1	0.18925131390705452	0.0038752512852817684	10	3	3	0.3	187494905533450.78	69514773.08358797	0.27717300809718637	-0.15884569939167403	1020
half_step_2	0.19312656519233629	0.0038752512852817684	16	63	10	3.9375	187494905533450.78	77568771.92159876	0.14007458523481375	-0.15986032161977895	965
full_step	0.19700181647761805	0.016089132484963922	28	52	11	1.8571428571428572	187494905533450.78	2969750547.8404145	1.1950759181983415	-0.12638773678573512	897
full_step	0.19700181647761805	0.008871678479993438	21	33	7	1.5714285714285714	187494905533450.78	2814226453.235586	1.1950759181983415	-0.12638773678573512	897
full_step	0.19700181647761805	0.0068762821010861916	30	68	11	2.2666666666666666	187494905533450.78	2903307790.4591446	1.1950759181983415	-0.12638773678573512	897
half_step_1	0.19700181647761805	0.0034381410505430958	26	38	8	1.4615384615384615	187494905533450.78	3197594452.853487	1.1950759181983415	-0.12638773678573512	897
half_step_2	0.20043995752816116	0.0034381410505430958	26	58	9	2.230769230769231	187494905533450.78	342733617.82114404	0.9527883238700241	-0.13637724447945024	881
full_step	0.19700181647761805	0.004495959705933979	22	18	7	0.8181818181818182	187494905533450.78	2834215480.452797	1.1950759181983415	-0.12638773678573512	897
half_step_1	0.19700181647761805	0.0022479798529669894	24	44	10	1.8333333333333333	187494905533450.78	9306846250.032808	1.1950759181983415	-0.12638773678573512	897
half_step_2	0.19924979633058504	0.0022479798529669894	12	46	9	3.8333333333333335	187494905533450.78	44452516.11037501	1.0176622987089559	-0.1326287879071821	873
full_step	0.20149777618355202	0.005844929938385597	22	31	6	1.4090909090909092	187494905533450.78	922356387.3198061	1.0151306228930004	-0.12466557985178163	895
half_step_1	0.20149777618355202	0.0029224649691927986	22	37	9	1.6818181818181819	187494905533450.78	796288777.192068	1.0151306228930004	-0.12466557985178163	895
half_step_2	0.20442024115274482	0.0029224649691927986	27	69	11	2.5555555555555554	187494905533450.78	274033850.16433114	0.8157606808988138	-0.14031463915561082	1100
full_step	0.20734270612193761	0.005844929938385597	24	85	15	3.5416666666666665	187494905533450.78	387087813.06172985	0.564024423282719	-0.151873562105194	858
full_step	0.20734270612193761	0.004969770192981232	25	73	10	2.92	187494905533450.78	281520108.4396226	0.564024423282719	-0.151873562105194	858
half_step_1	0.20734270612193761	0.002484885096490616	11	31	7	2.8181818181818183	187494905533450.78	150915652.6080502	0.564024423282719	-0.151873562105194	858
half_step_2	0.20982759121842823	0.002484885096490616	6	24	11	4	187494905533450.78	62542646.26326909	0.35207787902258936	-0.15684006393997468	745
full_step	0.21231247631491884	0.004969770192981232	21	21	10	1	187494905533450.78	6550265088.571496	1.5161113539523203	-7.64153672111846e-05	1099
full_step	0.21231247631491884	0.0024266056186057743	20	11	7	0.55	187494905533450.78	8351291514.784513	1.5161113539523203	-7.64153672111846e-05	1099
full_step	0.21231247631491884	0.0022990576810109228	20	11	8	0.55	187494905533450.78	8762340482.514454	1.5161113539523203	-7.64153672111846e-05	1099
half_step_1	0.21231247631491884	0.0011495288405054614	21	20	8	0.9523809523809523	187494905533450.78	20111795893.367332	1.5161113539523203	-7.64153672111846e-05	1099
half_step_2	0.2134620051554243	0.0011495288405054614	24	42	8	1.75	187494905533450.78	8489053393.613918	1.3734802600336096	-0.02568702275753878	1087
full_step	0.21231247631491884	0.0016287454283007315	21	14	7	0.6666666666666666	187494905533450.78	12816426259.597132	1.5161113539523203	-7.64153672111846e-05	1099
half_step_1	0.21231247631491884	0.0008143727141503657	20	21	9	1.05	187494905533450.78	27431460560.719997	1.5161113539523203	-7.64153672111846e-05	1099
half_step_2	0.2131268490290692	0.0008143727141503657	12	44	11	3.6666666666666665	187494905533450.78	17935297302.80459	1.4172035553838889	-0.020969994048848507	1080
full_step	0.21394122174321958	0.0016287454283007315	17	3	3	0.17647058823529413	187494905533450.78	3957724589.70145	1.326357098833796	-0.022069461579690718	1144
half_step_1	0.21394122174321958	0.0008143727141503657	14	7	4	0.5	187494905533450.78	12342079718.954784	1.326357098833796	-0.022069461579690718	1144
half_step_2	0.21475559445736994	0.0008143727141503657	10	39	9	3.9	187494905533450.78	76151012.7813526	1.2396687221614382	-0.025283218790723917	1034
full_step	0.21556996717152033	0.0022953010492408935	5	10	7	2	187494905533450.78	79155075.09506574	1.1497548465292748	-0.03447593242989094	978
half_step_1	0.21556996717152033	0.0011476505246204468	6	15	7	2.5	187494905533450.78	71117718.98292579	1.1497548465292748	-0.03447593242989094	978
half_step_2	0.21671761769614079	0.0011476505246204468	6	5	5	0.8333333333333334	187494905533450.78	84327426.61570929	1.0288311839873039	-0.04544106616839565	901
full_step	0.21786526822076122	0.003106657836863657	17	0	0	0	187494905533450.78	37954370.010365784	0.9120542561967362	-0.08411814713589091	896
half_step_1	0.21786526822076122	0.0015533289184318285	5	6	4	1.2	187494905533450.78	31154776.123326354	0.9120542561967362	-0.08411814713589091	896
half_step_2	0.21941859713919304	0.0015533289184318285	7	19	10	2.7142857142857144	187494905533450.78	17285595.03523445	0.7527335146055396	-0.10616508760964316	734
full_step	0.22097192605762486	0.005021763215091141	11	38	10	3.4545454545454546	187494905533450.78	55475286.10741732	0.5729527381799056	-0.11548152022215548	553
half_step_1	0.22097192605762486	0.0025108816075455707	7	37	14	5.285714285714286	187494905533450.78	24518688.679756094	0.5729527381799056	-0.11548152022215548	553
half_step_2	0.22348280766517042	0.0025108816075455707	14	16	5	1.1428571428571428	187494905533450.78	76164929.4725999	0.5007380939985424	-0.14899414322223659	323
full_step	0.22097192605762486	0.004122574010397085	9	33	11	3.6666666666666665	187494905533450.78	52189446.87585178	0.5729527381799056	-0.11548152022215548	553
half_step_1	0.22097192605762486	0.0020612870051985423	7	30	11	4.285714285714286	187494905533450.78	17709246.053006995	0.5729527381799056	-0.11548152022215548	553
half_step_2	0.2230332130628234	0.0020612870051985423	15	17	7	1.1333333333333333	187494905533450.78	36530682.878499515	0.3333995885335099	-0.1607532369054947	470
full_step	0.22509450006802195	0.004122574010397085	15	10	4	0.6666666666666666	187494905533450.78	139407298.92902547	0.33709360394349464	-0.16179248879182967	415
half_step_1	0.22509450006802195	0.0020612870051985423	9	31	13	3.4444444444444446	187494905533450.78	128787575.57960361	0.33709360394349464	-0.16179248879182967	415
half_step_2	0.22715578707322048	0.0020612870051985423	11	43	12	3.909090909090909	187494905533450.78	29105888.172184836	0.2625884967658214	-0.17072561004704273	535
full_step	0.22921707407841904	0.009585177881705577	22	29	13	1.3181818181818181	187494905533450.78	1785958932.3896363	0.45284457232004627	-0.16740759762611732	661
full_step	0.22921707407841904	0.008952802608904836	18	10	7	0.5555555555555556	187494905533450.78	1474951819.4573083	0.45284457232004627	-0.16740759762611732	661
half_step_1	0.22921707407841904	0.004476401304452418	22	24	6	1.0909090909090908	187494905533450.78	629730211.6090511	0.45284457232004627	-0.16740759762611732	661
half_step_2	0.23369347538287147	0.004476401304452418	21	91	14	4.333333333333333	187494905533450.78	167114637.60055906	0.15177125401339708	-0.1658160264097114	445
full_step	0.23816987668732387	0.008952802608904836	30	60	13	2	187494905533450.78	7217646073.494255	1.2992073203572403	0.09181660822605767	959
full_step	0.23816987668732387	0.0064770037356350245	31	78	12	2.5161290322580645	187494905533450.78	7384111894.022537	1.2992073203572403	0.09181660822605767	959
half_step_1	0.23816987668732387	0.0032385018678175123	29	64	10	2.206896551724138	187494905533450.78	15504961889.626442	1.2992073203572403	0.09181660822605767	959
half_step_2	0.24140837855514138	0.0032385018678175123	34	134	13	3.9411764705882355	187494905533450.78	1547613433.4832752	0.994348939526958	0.0063777574358427425	1068
full_step	0.23816987668732387	0.004282156626946189	30	86	13	2.8666666666666667	187494905533450.78	7118120598.457081	1.2992073203572403	0.09181660822605767	959
half_step_1	0.23816987668732387	0.0021410783134730945	31	86	10	2.774193548387097	187494905533450.78	42638278811.58939	1.2992073203572403	0.09181660822605767	959
half_step_2	0.24031095500079697	0.0021410783134730945	27	89	9	3.2962962962962963	187494905533450.78	1508037360.524568	1.0689354821401267	0.02294991436604087	1005
full_step	0.23816987668732387	0.0036100586457062747	29	77	15	2.6551724137931036	187494905533450.78	10715519915.160017	1.2992073203572403	0.09181660822605767	959
half_step_1	0.23816987668732387	0.0018050293228531373	28	71	11	2.5357142857142856	187494905533450.78	68904837100.94447	1.2992073203572403	0.09181660822605767	959
half_step_2	0.239974906010177	0.0018050293228531373	27	85	14	3.1481481481481484	187494905533450.78	1653271656.9375577	1.1037032725591231	0.027233688502650632	976
full_step	0.23816987668732387	0.003075366536077782	29	83	16	2.8620689655172415	187494905533450.78	16958589675.68786	1.2992073203572403	0.09181660822605767	959
half_step_1	0.23816987668732387	0.001537683268038891	34	102	11	3	187494905533450.78	32904521181.47661	1.2992073203572403	0.09181660822605767	959
half_step_2	0.23970755995536275	0.001537683268038891	28	109	13	3.892857142857143	187494905533450.78	1906461971.5299351	1.1345755187246809	0.04352913700333935	914
full_step	0.24124524322340166	0.003075366536077782	24	46	9	1.9166666666666667	187494905533450.78	79636413.29807292	0.9151939001356055	-0.026473104535216837	973
half_step_1	0.24124524322340166	0.001537683268038891	11	57	10	5.181818181818182	187494905533450.78	45591521.81773082	0.9151939001356055	-0.026473104535216837	973
half_step_2	0.24278292649144054	0.001537683268038891	7	16	9	2.2857142857142856	187494905533450.78	32698125.331388276	0.6137108278516052	-0.07638218068980296	936
full_step	0.24432060975947945	0.003949415299063507	11	33	10	3	187494905533450.78	63132141.423561014	0.31382588814163626	-0.11199803614381684	862
half_step_1	0.24432060975947945	0.0019747076495317535	11	46	9	4.181818181818182	187494905533450.78	24706629.593239307	0.31382588814163626	-0.11199803614381684	862
half_step_2	0.2462953174090112	0.0019747076495317535	18	32	8	1.7777777777777777	187494905533450.78	14971646.157788077	0.010583491291257019	-0.17266443308478382	690
full_step	0.24827002505854295	0.003949415299063507	13	65	13	5	187494905533450.78	33622063.20740868	0.009913847323147706	-0.16862800155930005	453
half_step_1	0.24827002505854295	0.0019747076495317535	6	26	12	4.333333333333333	187494905533450.78	23196732.57574798	0.009913847323147706	-0.16862800155930005	453
half_step_2	0.2502447327080747	0.0019747076495317535	12	55	11	4.583333333333333	187494905533450.78	17025066.449091073	0.009850211427263389	-0.17212880791660806	447
full_step	0.25221944035760646	0.008947047015317844	15	33	12	2.2	187494905533450.78	130411599.71730015	0.005402850660516378	-0.17293885036956744	463
full_step	0.25221944035760646	0.0011860939674134036	8	23	7	2.875	187494905533450.78	6896832.1055684695	0.005402850660516378	-0.17293885036956744	463
half_step_1	0.25221944035760646	0.0005930469837067018	5	10	7	2	187494905533450.78	3440507.285772241	0.005402850660516378	-0.17293885036956744	463
half_step_2	0.2528124873413132	0.0005930469837067018	22	27	14	1.2272727272727273	187494905533450.78	542861383.9147125	0.47346188291640345	-0.14350949358806733	1448
full_step	0.25221944035760646	0.0010560794199825268	8	22	6	2.75	187494905533450.78	6064314.34550439	0.005402850660516378	-0.17293885036956744	463
half_step_1	0.25221944035760646	0.0005280397099912634	5	10	7	2	187494905533450.78	3100899.4681155416	0.005402850660516378	-0.17293885036956744	463
half_step_2	0.25274748006759773	0.0005280397099912634	24	39	7	1.625	187494905533450.78	376741112.58442545	0.32736303421295787	-0.1507923227401295	1181
full_step	0.253275519777589	0.0010560794199825268	28	50	9	1.7857142857142858	187494905533450.78	179551457.72247005	0.3036357236234082	-0.1471326366123124	1266
half_step_1	0.253275519777589	0.0005280397099912634	12	42	11	3.5	187494905533450.78	138659287.5217929	0.3036357236234082	-0.1471326366123124	1266
half_step_2	0.25380355948758027	0.0005280397099912634	5	13	4	2.6	187494905533450.78	194680641.13284376	0.3253824036288506	-0.1469099809896525	1270
full_step	0.25433159919757153	0.005280397099912634	23	65	13	2.8260869565217392	187494905533450.78	122673014.98671791	0.3235229860663864	-0.15371518097504117	1305
full_step	0.25433159919757153	0.0028607600351103998	23	61	9	2.652173913043478	187494905533450.78	60408912.63167428	0.3235229860663864	-0.15371518097504117	1305
half_step_1	0.25433159919757153	0.0014303800175551999	9	26	9	2.888888888888889	187494905533450.78	31950062.709941607	0.3235229860663864	-0.15371518097504117	1305
half_step_2	0.2557619792151267	0.0014303800175551999	26	63	9	2.423076923076923	187494905533450.78	102549389.10057545	0.5582862224994614	-0.15632787096855236	1450
full_step	0.25433159919757153	0.0018207241120223089	14	46	9	3.2857142857142856	187494905533450.78	39925110.6178343	0.3235229860663864	-0.15371518097504117	1305
half_step_1	0.25433159919757153	0.0009103620560111544	4	0	0	0	187494905533450.78	24986706.3574442	0.3235229860663864	-0.15371518097504117	1305
half_step_2	0.25524196125358267	0.0009103620560111544	21	67	11	3.1904761904761907	187494905533450.78	14390242.21009456	0.22981185086602807	-0.1545883121667119	1445
full_step	0.25433159919757153	0.001299104072957361	13	46	11	3.5384615384615383	187494905533450.78	29600540.11898286	0.3235229860663864	-0.15371518097504117	1305
half_step_1	0.25433159919757153	0.0006495520364786805	4	9	4	2.25	187494905533450.78	22462115.29528438	0.3235229860663864	-0.15371518097504117	1305
half_step_2	0.25498115123405024	0.0006495520364786805	11	18	9	1.6363636363636365	187494905533450.78	4789971.695922058	0.2783325859139154	-0.15303712588857996	1409
full_step	0.2556307032705289	0.001299104072957361	13	52	11	4	187494905533450.78	34537557.34471923	0.15398954058384362	-0.1540416830230607	1403
half_step_1	0.2556307032705289	0.0006495520364786805	8	28	8	3.5	187494905533450.78	9592286.036158865	0.15398954058384362	-0.1540416830230607	1403
half_step_2	0.2562802553070076	0.0006495520364786805	8	30	6	3.75	187494905533450.78	14752235.23185273	0.1047798321701876	-0.1555886848137621	1218
full_step	0.25692980734348625	0.006495520364786805	16	57	14	3.5625	187494905533450.78	66845012.60811094	0.05421235567730065	-0.16367289358559758	1204
full_step	0.25692980734348625	0.003500681085715295	8	18	7	2.25	187494905533450.78	23466105.709565658	0.05421235567730065	-0.16367289358559758	1204
full_step	0.25692980734348625	0.0030614047068778538	7	15	4	2.142857142857143	187494905533450.78	20543525.770617757	0.05421235567730065	-0.16367289358559758	1204
half_step_1	0.25692980734348625	0.0015307023534389269	6	19	5	3.1666666666666665	187494905533450.78	10305697.545309259	0.05421235567730065	-0.16367289358559758	1204
half_step_2	0.2584605096969252	0.0015307023534389269	27	58	10	2.1481481481481484	187494905533450.78	129608494.00113569	0.6943432299050665	-0.16099714225639922	1061
full_step	0.25692980734348625	0.0016697978930609119	5	18	8	3.6	187494905533450.78	11283824.663302498	0.05421235567730065	-0.16367289358559758	1204
half_step_1	0.25692980734348625	0.0008348989465304559	4	10	4	2.5	187494905533450.78	5727778.76542113	0.05421235567730065	-0.16367289358559758	1204
half_step_2	0.2577647062900167	0.0008348989465304559	22	48	16	2.1818181818181817	187494905533450.78	26555066.751528446	0.30738156223067215	-0.16811191475029333	1115
full_step	0.25692980734348625	0.001184031125811048	7	20	5	2.857142857142857	187494905533450.78	8007586.633609516	0.05421235567730065	-0.16367289358559758	1204
half_step_1	0.25692980734348625	0.000592015562905524	5	9	5	1.8	187494905533450.78	4093029.180770716	0.05421235567730065	-0.16367289358559758	1204
half_step_2	0.25752182290639175	0.000592015562905524	12	27	10	2.25	187494905533450.78	22037815.194013838	0.1779835630241866	-0.1670633695045789	1145
full_step	0.25692980734348625	0.0009444381494750842	5	17	6	3.4	187494905533450.78	6459832.009417603	0.05421235567730065	-0.16367289358559758	1204
half_step_1	0.25692980734348625	0.0004722190747375421	4	9	4	2.25	187494905533450.78	3301328.850263177	0.05421235567730065	-0.16367289358559758	1204
half_step_2	0.2574020264182238	0.0004722190747375421	12	33	10	2.75	187494905533450.78	12222532.730937866	0.11524826233298491	-0.1668853250658795	1169
full_step	0.25787424549296134	0.0009444381494750842	5	19	8	3.8	187494905533450.78	12362332.921983184	0.1022546356492322	-0.16973895281025386	974
half_step_1	0.25787424549296134	0.0004722190747375421	4	9	9	2.25	187494905533450.78	12275849.294899564	0.1022546356492322	-0.16973895281025386	974
half_step_2	0.2583464645676989	0.0004722190747375421	3	9	3	3	187494905533450.78	3176399.450673711	0.06330468403015921	-0.17433795200438704	950
full_step	0.25881868364243643	0.004722190747375421	6	3	3	0.5	187494905533450.78	32595696.732100274	0.012894328037183378	-0.17421218433319563	789
full_step	0.25881868364243643	0.0016626453406616796	3	6	3	2	187494905533450.78	10974545.493757486	0.012894328037183378	-0.17421218433319563	789
half_step_1	0.25881868364243643	0.0008313226703308398	3	3	3	1	187494905533450.78	5737164.927569844	0.012894328037183378	-0.17421218433319563	789
half_step_2	0.25965000631276725	0.0008313226703308398	20	22	7	1.1	187494905533450.78	197892637.36199236	0.4452963673500747	-0.16235462627611058	1113
full_step	0.25881868364243643	0.0010367737654801829	3	4	2	1.3333333333333333	187494905533450.78	6942920.525924783	0.012894328037183378	-0.17421218433319563	789
half_step_1	0.25881868364243643	0.0005183868827400914	2	4	4	2	187494905533450.78	3743775.5214673844	0.012894328037183378	-0.17421218433319563	789
half_step_2	0.2593370705251765	0.0005183868827400914	10	0	0	0	187494905533450.78	3650331.8346820907	0.00756016155148842	-0.1771110367837418	695
full_step	0.25881868364243643	0.0008419092224587905	3	5	3	1.6666666666666667	187494905533450.78	5513190.221131592	0.012894328037183378	-0.17421218433319563	789
half_step_1	0.25881868364243643	0.00042095461122939524	2	2	2	1	187494905533450.78	3076944.00297024	0.012894328037183378	-0.17421218433319563	789
half_step_2	0.2592396382536658	0.00042095461122939524	3	2	2	0.6666666666666666	187494905533450.78	3048903.643850726	0.00753567425243773	-0.17546005771130532	647
full_step	0.25966059286489523	0.0042095461122939526	16	0	0	0	187494905533450.78	696212822.038376	0.47136713314484524	-0.16297299523642333	1124
half_step_1	0.25966059286489523	0.0021047730561469763	18	9	6	0.5	187494905533450.78	270365119.90404564	0.47136713314484524	-0.16297299523642333	1124
half_step_2	0.2617653659210422	0.0021047730561469763	13	50	7	3.8461538461538463	187494905533450.78	43617247.88966536	0.2740846463114224	-0.16477733349763085	746
full_step	0.2638701389771892	0.008775656808542828	29	55	9	1.896551724137931	187494905533450.78	1577914443.2052176	0.019772619192210072	-0.16519259789548707	1063
half_step_1	0.2638701389771892	0.004387828404271414	16	45	11	2.8125	187494905533450.78	1472479362.6053412	0.019772619192210072	-0.16519259789548707	1063
half_step_2	0.2682579673814606	0.004387828404271414	14	37	8	2.642857142857143	187494905533450.78	4310554518.776974	0.4000649800772962	-0.13569466425792012	1818
full_step	0.272645795785732	0.008775656808542828	33	74	10	2.242424242424242	187494905533450.78	4917421417.24032	0.007624801882464283	-0.1445497788377159	2733
half_step_1	0.272645795785732	0.004387828404271414	34	84	10	2.4705882352941178	187494905533450.78	1299269827.0665693	0.007624801882464283	-0.1445497788377159	2733
half_step_2	0.27703362419000344	0.004387828404271414	13	36	9	2.769230769230769	187494905533450.78	89075792.87383051	0.007303456079647219	-0.14430272385284657	2547
full_step	0.2814214525942748	0.010677306138816362	23	46	10	2	187494905533450.78	5588745896.947172	0.22202031953109724	-0.13819879742909422	2531
full_step	0.2814214525942748	0.009325028144573463	22	38	8	1.7272727272727273	187494905533450.78	4814714449.74914	0.22202031953109724	-0.13819879742909422	2531
half_step_1	0.2814214525942748	0.004662514072286732	28	52	8	1.8571428571428572	187494905533450.78	211682548.2933006	0.22202031953109724	-0.13819879742909422	2531
half_step_2	0.28608396666656155	0.004662514072286732	7	7	5	1	187494905533450.78	1292288570.1710293	0.2119596233854253	-0.1333643182811785	2052
full_step	0.2907464807388483	0.014366332344738011	23	47	6	2.0434782608695654	187494905533450.78	26811506222.400177	1.2006360448097553	-0.126250392286763	2086
full_step	0.2907464807388483	0.007835758667443253	21	34	9	1.619047619047619	187494905533450.78	35282462260.212006	1.2006360448097553	-0.126250392286763	2086
half_step_1	0.2907464807388483	0.003917879333721627	21	47	8	2.238095238095238	187494905533450.78	62545557088.51954	1.2006360448097553	-0.126250392286763	2086
half_step_2	0.2946643600725699	0.003917879333721627	25	63	14	2.52	187494905533450.78	24747704123.791428	0.8469451118315163	-0.1299984140102105	2363
full_step	0.2907464807388483	0.0032077942964847676	22	39	7	1.7727272727272727	187494905533450.78	72092635828.41853	1.2006360448097553	-0.126250392286763	2086
half_step_1	0.2907464807388483	0.0016038971482423838	16	34	10	2.125	187494905533450.78	40862289540.503395	1.2006360448097553	-0.126250392286763	2086
half_step_2	0.2923503778870907	0.0016038971482423838	34	91	13	2.676470588235294	187494905533450.78	4181123174.3137517	1.060206434310203	-0.1322064467276793	2314
full_step	0.2907464807388483	0.0020366809237976602	23	38	9	1.6521739130434783	187494905533450.78	33347402498.779274	1.2006360448097553	-0.126250392286763	2086
half_step_1	0.2907464807388483	0.0010183404618988301	13	22	9	1.6923076923076923	187494905533450.78	71473111472.04466	1.2006360448097553	-0.126250392286763	2086
half_step_2	0.2917648212007471	0.0010183404618988301	21	3	3	0.14285714285714285	187494905533450.78	1687866684.1822007	1.1125125707922336	-0.1313561135991731	2251
full_step	0.2907464807388483	0.0016748482608539709	21	39	9	1.8571428571428572	187494905533450.78	39365088512.7111	1.2006360448097553	-0.126250392286763	2086
half_step_1	0.2907464807388483	0.0008374241304269854	13	24	7	1.8461538461538463	187494905533450.78	86108238646.22238	1.2006360448097553	-0.126250392286763	2086
half_step_2	0.29158390486927527	0.0008374241304269854	23	15	6	0.6521739130434783	187494905533450.78	1141827677.108346	1.1280122237793222	-0.1295596802011782	2254
full_step	0.29242132899970225	0.0016748482608539709	14	41	10	2.9285714285714284	187494905533450.78	4558515780.038745	1.0215150854643298	-0.13257946975198034	2283
half_step_1	0.29242132899970225	0.0008374241304269854	6	23	10	3.8333333333333335	187494905533450.78	1139640831.1790304	1.0215150854643298	-0.13257946975198034	2283
half_step_2	0.2932587531301292	0.0008374241304269854	9	27	10	3	187494905533450.78	1137364784.2053342	0.8998174148572531	-0.13412579230170804	2231
full_step	0.2940961772605562	0.004535883323951489	27	97	13	3.5925925925925926	187494905533450.78	33301677694.144882	0.7733028275327314	-0.13578846383221133	2246
half_step_1	0.2940961772605562	0.0022679416619757445	11	48	10	4.363636363636363	187494905533450.78	8325433376.393309	0.7733028275327314	-0.13578846383221133	2246
half_step_2	0.29636411892253195	0.0022679416619757445	23	48	9	2.0869565217391304	187494905533450.78	8277044534.51338	0.4555020540175292	-0.13649612125988528	2251
full_step	0.2986320605845077	0.004535883323951489	27	66	10	2.4444444444444446	187494905533450.78	32895433964.674057	0.6511061275027856	-0.12600912718913485	3215
full_step	0.2986320605845077	0.0018267265360500564	17	30	9	1.7647058823529411	187494905533450.78	5335316233.076831	0.6511061275027856	-0.12600912718913485	3215
half_step_1	0.2986320605845077	0.0009133632680250282	9	10	10	1.1111111111111112	187494905533450.78	1794078361.0497308	0.6511061275027856	-0.12600912718913485	3215
half_step_2	0.29954542385253274	0.0009133632680250282	23	36	9	1.565217391304348	187494905533450.78	1329965300.9276965	0.7640801359157194	-0.12985733718269526	3197
full_step	0.30045878712055774	0.002341156795710887	24	84	10	3.5	187494905533450.78	8714596930.884323	0.7226866729086368	-0.1314513524849038	2785
half_step_1	0.30045878712055774	0.0011705783978554435	6	18	8	3	187494905533450.78	2178661400.172231	0.7226866729086368	-0.1314513524849038	2785
half_step_2	0.3016293655184132	0.0011705783978554435	9	16	7	1.7777777777777777	187494905533450.78	2171690942.068304	0.637040363018528	-0.1328821307120584	2501
full_step	0.30279994391626863	0.005801459434208108	28	79	11	2.8214285714285716	187494905533450.78	51922438663.48038	0.5324750101397555	-0.13708954508634164	2641
full_step	0.30279994391626863	0.0034910553539561867	25	38	10	1.52	187494905533450.78	19231042328.86177	0.5324750101397555	-0.13708954508634164	2641
half_step_1	0.30279994391626863	0.0017455276769780933	7	14	8	2	187494905533450.78	4807773500.236774	0.5324750101397555	-0.13708954508634164	2641
half_step_2	0.30454547159324674	0.0017455276769780933	27	49	12	1.8148148148148149	187494905533450.78	4794340040.147566	0.387894084241303	-0.14376445875110364	3358
full_step	0.3062909992702248	0.0034910553539561867	36	91	12	2.5277777777777777	187494905533450.78	19156120559.96197	0.2465814708785956	-0.14587066321164632	3397
half_step_1	0.3062909992702248	0.0017455276769780933	12	37	9	3.0833333333333335	187494905533450.78	4789042683.483549	0.2465814708785956	-0.14587066321164632	3397
half_step_2	0.3080365269472029	0.0017455276769780933	15	57	12	3.8	187494905533450.78	4779961470.004371	0.10495069263502899	-0.14404766237809122	3189
full_step	0.30978205462418096	0.004568426288060236	30	109	13	3.6333333333333333	187494905533450.78	32685293538.483047	0.0985304686623607	-0.1457059269129738	3122
half_step_1	0.30978205462418096	0.002284213144030118	8	33	9	4.125	187494905533450.78	8171337057.576216	0.0985304686623607	-0.1457059269129738	3122
half_step_2	0.31206626776821106	0.002284213144030118	10	44	8	4.4	187494905533450.78	8151041233.080837	0.09121654755499975	-0.145595709928274	3075
full_step	0.3143504809122412	0.011174529280086347	25	78	17	3.12	187494905533450.78	141012390153.13855	0.08469727472522948	-0.14615073931849706	3019
full_step	0.3143504809122412	0.007391953848005434	23	74	9	3.217391304347826	187494905533450.78	78641990954.02428	0.08469727472522948	-0.14615073931849706	3019
half_step_1	0.3143504809122412	0.003695976924002717	7	15	4	2.142857142857143	187494905533450.78	21302715059.090664	0.08469727472522948	-0.14615073931849706	3019
half_step_2	0.3180464578362439	0.003695976924002717	10	25	9	2.5	187494905533450.78	21189108140.363617	0.07846671145639306	-0.14507866787361243	3048
full_step	0.32174243476024666	0.012006882385535675	23	20	5	0.8695652173913043	435509682696512.5	146780461222.80182	1.2110764293971599	-0.13236837981574942	3741
full_step	0.32174243476024666	0.005887308494419944	23	16	6	0.6956521739130435	435509682696512.5	51957261422.198	1.2110764293971599	-0.13236837981574942	3741
half_step_1	0.32174243476024666	0.002943654247209972	17	9	5	0.5294117647058824	435509682696512.5	13365045878.786018	1.2110764293971599	-0.13236837981574942	3741
half_step_2	0.32468608900745666	0.002943654247209972	21	18	6	0.8571428571428571	435509682696512.5	13293010668.951258	0.9409827327834179	-0.13831101983526983	3951
full_step	0.32174243476024666	0.004664098752510521	22	18	7	0.8181818181818182	435509682696512.5	33286219934.406956	1.2110764293971599	-0.13236837981574942	3741
half_step_1	0.32174243476024666	0.0023320493762552606	16	5	3	0.3125	435509682696512.5	11658261093.19298	1.2110764293971599	-0.13236837981574942	3741
half_step_2	0.3240744841365019	0.0023320493762552606	20	46	19	2.3	435509682696512.5	8353291642.626873	0.9725330146406606	-0.13539861772392986	3791
full_step	0.32174243476024666	0.002939929636675302	20	11	4	0.55	435509682696512.5	13331245691.10859	1.2110764293971599	-0.13236837981574942	3741
half_step_1	0.32174243476024666	0.001469964818337651	14	3	3	0.21428571428571427	435509682696512.5	48045095836.80326	1.2110764293971599	-0.13236837981574942	3741
half_step_2	0.32321239957858433	0.001469964818337651	9	16	5	1.7777777777777777	435509682696512.5	3324995000.711266	1.058750148466821	-0.13460121758212748	3711
full_step	0.32174243476024666	0.0026394974761808437	19	10	4	0.5263157894736842	435509682696512.5	10745818384.746008	1.2110764293971599	-0.13236837981574942	3741
half_step_1	0.32174243476024666	0.0013197487380904218	13	0	0	0	435509682696512.5	56739694573.43363	1.2110764293971599	-0.13236837981574942	3741
half_step_2	0.3230621834983371	0.0013197487380904218	9	25	8	2.7777777777777777	435509682696512.5	2679493973.902939	1.0783534951863132	-0.13503468247762448	3680
full_step	0.32438193223642753	0.0039039525987223716	22	29	5	1.3181818181818181	435509682696512.5	23398480614.55996	0.8754713527935323	-0.14018895716594512	3980
half_step_1	0.32438193223642753	0.0019519762993611858	11	19	6	1.7272727272727273	435509682696512.5	5849633125.670023	0.8754713527935323	-0.14018895716594512	3980
half_step_2	0.3263339085357887	0.0019519762993611858	12	35	9	2.9166666666666665	435509682696512.5	5830466992.11419	0.5567451206561316	-0.14586992080490435	4025
full_step	0.3282858848351499	0.011040317960120229	30	96	9	3.2	435509682696512.5	134667518244.84549	0.20904918500622216	-0.14975303029304415	4009
full_step	0.3282858848351499	0.009291209569639568	30	99	11	3.3	435509682696512.5	108793937512.75581	0.20904918500622216	-0.14975303029304415	4009
half_step_1	0.3282858848351499	0.004645604784819784	15	49	9	3.2666666666666666	435509682696512.5	32800744091.084705	0.20904918500622216	-0.14975303029304415	4009
half_step_2	0.3329314896199697	0.004645604784819784	18	17	7	0.9444444444444444	435509682696512.5	32541113188.520126	0.19364270831675867	-0.14953141082062185	3648
full_step	0.3375770944047895	0.009291209569639568	18	0	0	0	435509682696512.5	105191374736.23367	1.9159106769817456	-0.019900352344749263	4497
full_step	0.3375770944047895	0.002944077463731794	21	7	4	0.3333333333333333	435509682696512.5	94104008871.34685	1.9159106769817456	-0.019900352344749263	4497
half_step_1	0.3375770944047895	0.001472038731865897	21	11	6	0.5238095238095238	435509682696512.5	153085417456.0178	1.9159106769817456	-0.019900352344749263	4497
half_step_2	0.3390491331366554	0.001472038731865897	15	27	6	1.8	435509682696512.5	12671079787.04314	1.7008715257048905	-0.041708611810828744	4451
full_step	0.3405211718685213	0.00373479860535851	31	48	9	1.5483870967741935	435509682696512.5	20894832173.856617	1.439622457329179	-0.04506094898061397	6413
half_step_1	0.3405211718685213	0.001867399302679255	23	21	7	0.9130434782608695	435509682696512.5	23979022971.513203	1.439622457329179	-0.04506094898061397	6413
half_step_2	0.3423885711712006	0.001867399302679255	30	82	13	2.7333333333333334	435509682696512.5	6973500036.195835	1.1933433548977987	-0.05776923443293294	6081
full_step	0.34425597047387985	0.005265376984772426	25	32	9	1.28	435509682696512.5	41547019253.110985	0.9711200285826465	-0.0884464208567528	5970
half_step_1	0.34425597047387985	0.002632688492386213	21	23	7	1.0952380952380953	435509682696512.5	10595422745.078981	0.9711200285826465	-0.0884464208567528	5970
half_step_2	0.3468886589662661	0.002632688492386213	12	67	18	5.583333333333333	435509682696512.5	10747627970.801958	0.5198669376128677	-0.12933515384789715	5296
full_step	0.34952134745865227	0.005265376984772426	29	78	9	2.689655172413793	435509682696512.5	42870747231.08727	0.13000570606154582	-0.150255625600865	5752
half_step_1	0.34952134745865227	0.002632688492386213	19	73	10	3.8421052631578947	435509682696512.5	10882418071.995438	0.13000570606154582	-0.150255625600865	5752
half_step_2	0.3521540359510385	0.002632688492386213	18	54	10	3	435509682696512.5	11014918528.318884	0.03317675165209977	-0.1466704925246346	6062
full_step	0.3547867244434247	0.016425773714488376	22	59	10	2.6818181818181817	435509682696512.5	435880378721.4233	0.23165428808316335	-0.14706381070673322	6127
full_step	0.3547867244434247	0.005831652998143321	25	51	10	2.04	435509682696512.5	161787591453.14667	0.23165428808316335	-0.14706381070673322	6127
half_step_1	0.3547867244434247	0.0029158264990716606	16	39	6	2.4375	435509682696512.5	41392377219.79506	0.23165428808316335	-0.14706381070673322	6127
half_step_2	0.35770255094249637	0.0029158264990716606	22	63	10	2.8636363636363638	435509682696512.5	42246740659.37931	0.09158181100374918	-0.15802704414355923	9795
full_step	0.360618377441568	0.005831652998143321	23	70	9	3.0434782608695654	435509682696512.5	167532497863.99652	0.054915045076910474	-0.1499416628274286	10211
half_step_1	0.360618377441568	0.0029158264990716606	12	44	7	3.6666666666666665	435509682696512.5	42715693617.31857	0.054915045076910474	-0.1499416628274286	10211
half_step_2	0.3635342039406397	0.0029158264990716606	24	77	11	3.2083333333333335	435509682696512.5	2771290115.174893	0.4469446292871879	-0.14599611795525402	10532
full_step	0.360618377441568	0.0019216269215882363	13	42	7	3.230769230769231	435509682696512.5	18552508242.502453	0.054915045076910474	-0.1499416628274286	10211
half_step_1	0.360618377441568	0.0009608134607941182	13	42	5	3.230769230769231	435509682696512.5	4638146501.155376	0.054915045076910474	-0.1499416628274286	10211
half_step_2	0.3615791909023621	0.0009608134607941182	5	6	3	1.2	435509682696512.5	4651080177.888785	0.016024254950394834	-0.14632809066939215	10428
full_step	0.36254000436315625	0.00960813460794118	26	43	10	1.6538461538461537	435509682696512.5	13924911848.63162	0.419911932355177	-0.14672967253242308	10630
full_step	0.36254000436315625	0.0039239538298351875	28	54	9	1.9285714285714286	435509682696512.5	4377953678.028256	0.419911932355177	-0.14672967253242308	10630
half_step_1	0.36254000436315625	0.0019619769149175938	11	35	13	3.1818181818181817	435509682696512.5	1176164527.3896623	0.419911932355177	-0.14672967253242308	10630
half_step_2	0.36450198127807387	0.0019619769149175938	29	69	12	2.3793103448275863	435509682696512.5	913663427.1815665	0.4043709743418731	-0.1443290900916642	10840
full_step	0.36254000436315625	0.0031484938404410592	26	75	12	2.8846153846153846	435509682696512.5	2892251930.9121656	0.419911932355177	-0.14672967253242308	10630
half_step_1	0.36254000436315625	0.0015742469202205296	9	24	9	2.6666666666666665	435509682696512.5	1026260231.9899939	0.419911932355177	-0.14672967253242308	10630
half_step_2	0.36411425128337677	0.0015742469202205296	23	53	13	2.3043478260869565	435509682696512.5	605782062.854978	0.40759672524495727	-0.14652160819639873	10727
full_step	0.36568849820359733	0.0031484938404410592	15	54	10	3.6	435509682696512.5	4490744517.783656	0.40104452363743803	-0.15058764893239968	9997
half_step_1	0.36568849820359733	0.0015742469202205296	11	35	10	3.1818181818181817	435509682696512.5	2004056308.0376263	0.40104452363743803	-0.15058764893239968	9997
half_step_2	0.36726274512381785	0.0015742469202205296	9	24	7	2.6666666666666665	435509682696512.5	1850454541.767582	0.3938325385338146	-0.1502506265755449	9203
full_step	0.3688369920440384	0.0031484938404410592	28	64	13	2.2857142857142856	435509682696512.5	2248238022.950824	0.3872103788570058	-0.14815663881791336	8720
half_step_1	0.3688369920440384	0.0015742469202205296	20	53	11	2.65	435509682696512.5	1272618898.9391913	0.3872103788570058	-0.14815663881791336	8720
half_step_2	0.3704112389642589	0.0015742469202205296	23	51	12	2.217391304347826	435509682696512.5	497547099.3200889	0.3785038606018247	-0.1448225871054945	8619
full_step	0.3688369920440384	0.0027078488321609392	22	55	14	2.5	435509682696512.5	1953117652.62337	0.3872103788570058	-0.14815663881791336	8720
half_step_1	0.3688369920440384	0.0013539244160804696	15	46	20	3.066666666666667	435509682696512.5	1105678400.2296305	0.3872103788570058	-0.14815663881791336	8720
half_step_2	0.37019091646011887	0.0013539244160804696	35	107	11	3.057142857142857	435509682696512.5	368264542.57647294	0.37953226321408806	-0.1466734840602642	8841
full_step	0.3715448408761994	0.0027078488321609392	35	83	17	2.3714285714285714	435509682696512.5	2206416521.428811	0.37418812407064195	-0.145401993729195	8753
half_step_1	0.3715448408761994	0.0013539244160804696	16	37	8	2.3125	435509682696512.5	934289945.5765805	0.37418812407064195	-0.145401993729195	8753
half_step_2	0.37289876529227983	0.0013539244160804696	15	31	10	2.066666666666667	435509682696512.5	353216668.6561038	0.3690086757515729	-0.14768370080518656	10062
full_step	0.37425268970836034	0.004459599295266897	23	64	13	2.782608695652174	435509682696512.5	3129849538.435415	0.36398094904261313	-0.14737285092584332	10633
half_step_1	0.37425268970836034	0.0022297996476334484	14	18	11	1.2857142857142858	435509682696512.5	893436146.464908	0.36398094904261313	-0.14737285092584332	10633
half_step_2	0.37648248935599377	0.0022297996476334484	24	65	12	2.7083333333333335	435509682696512.5	1974376616.3415937	0.3559042224979905	-0.1496614142183377	11762
full_step	0.37871228900362724	0.011616358508760447	31	111	13	3.5806451612903225	435509682696512.5	18091641592.65368	0.34711535658340154	-0.15331107788464496	12058
full_step	0.37871228900362724	0.006639443996316811	25	59	10	2.36	435509682696512.5	9215344774.568333	0.34711535658340154	-0.15331107788464496	12058
half_step_1	0.37871228900362724	0.0033197219981584056	8	15	8	1.875	435509682696512.5	1870834697.5555344	0.34711535658340154	-0.15331107788464496	12058
half_step_2	0.38203201100178563	0.0033197219981584056	23	29	6	1.2608695652173914	435509682696512.5	5490108134.632369	0.6910878846350101	-0.15118834365573064	12752
full_step	0.3853517329999441	0.006639443996316811	24	66	13	2.75	435509682696512.5	9617145563.580305	0.4234758989724412	-0.1440392957107221	13971
half_step_1	0.3853517329999441	0.0033197219981584056	18	56	10	3.111111111111111	435509682696512.5	3628781332.181099	0.4234758989724412	-0.1440392957107221	13971
half_step_2	0.38867145499810246	0.0033197219981584056	13	20	8	1.5384615384615385	435509682696512.5	7568303165.213794	0.31262187332949054	-0.14570070571662544	12379
full_step	0.3919911769962609	0.009054173144413967	21	18	6	0.8571428571428571	435509682696512.5	34981630612.85614	0.30256677797243725	-0.14391151321313483	12212
half_step_1	0.3919911769962609	0.004527086572206984	16	11	6	0.6875	435509682696512.5	20824493786.601944	0.30256677797243725	-0.14391151321313483	12212
half_step_2	0.39651826356846787	0.004527086572206984	10	8	5	0.8	435509682696512.5	19848868030.963554	0.2914803707355489	-0.11396154827174293	15171
full_step	0.4010453501406749	0.012471564307420453	21	29	6	1.380952380952381	435509682696512.5	68354429717.03796	0.28051140777185424	-0.11915443723696413	14977
half_step_1	0.4010453501406749	0.0062357821537102264	14	16	5	1.1428571428571428	435509682696512.5	23706653186.79939	0.28051140777185424	-0.11915443723696413	14977
half_step_2	0.4072811322943851	0.0062357821537102264	13	3	3	0.23076923076923078	435509682696512.5	66105700007.55377	0.44366067856706337	-0.11948897488072345	15260
full_step	0.4010453501406749	0.01007139949802211	18	13	6	0.7222222222222222	435509682696512.5	45014498398.09983	0.28051140777185424	-0.11915443723696413	14977
half_step_1	0.4010453501406749	0.005035699749011055	13	12	4	0.9230769230769231	435509682696512.5	16425694800.867266	0.28051140777185424	-0.11915443723696413	14977
half_step_2	0.40608104988968596	0.005035699749011055	13	19	7	1.4615384615384615	435509682696512.5	15553362493.331522	0.27817963681018654	-0.11954292686948141	15103
full_step	0.411116749638697	0.01007139949802211	12	45	9	3.75	435509682696512.5	50646808232.068794	0.2562045076440711	-0.11891755366758905	14874
half_step_1	0.411116749638697	0.005035699749011055	9	33	7	3.6666666666666665	435509682696512.5	15906507271.47824	0.2562045076440711	-0.11891755366758905	14874
half_step_2	0.41615244938770807	0.005035699749011055	9	21	5	2.3333333333333335	435509682696512.5	18327841819.776096	0.24420516132296655	-0.11944997839091323	14883
full_step	0.411116749638697	0.007752031270439745	10	45	8	4.5	435509682696512.5	35447582980.00601	0.2562045076440711	-0.11891755366758905	14874
half_step_1	0.411116749638697	0.0038760156352198724	8	20	5	2.5	435509682696512.5	11598236600.514534	0.2562045076440711	-0.11891755366758905	14874
half_step_2	0.4149927652739169	0.0038760156352198724	6	11	4	1.8333333333333333	435509682696512.5	10993263461.249046	0.24584805598986748	-0.11914219138815126	14940
full_step	0.4188687809091367	0.007752031270439745	14	61	11	4.357142857142857	435509682696512.5	35377272042.82055	0.235384377054892	-0.11934072571431462	14967
half_step_1	0.4188687809091367	0.0038760156352198724	11	44	7	4	435509682696512.5	10221406666.5164	0.235384377054892	-0.11934072571431462	14967
half_step_2	0.4227447965443566	0.0038760156352198724	9	38	12	4.222222222222222	435509682696512.5	17783589421.456757	0.22500599353335815	-0.1194200043013477	14989
full_step	0.4188687809091367	0.006480424414750778	11	41	8	3.727272727272727	435509682696512.5	28587179125.588463	0.235384377054892	-0.11934072571431462	14967
half_step_1	0.4188687809091367	0.003240212207375389	11	38	8	3.4545454545454546	435509682696512.5	9603172183.117334	0.235384377054892	-0.11934072571431462	14967
half_step_2	0.4221089931165121	0.003240212207375389	8	18	7	2.25	435509682696512.5	8793330246.839403	0.2260895684233475	-0.11938498620781947	14966
full_step	0.4253492053238875	0.006480424414750778	25	55	8	2.2	435509682696512.5	26427579330.607944	0.21660566632395728	-0.11976332607313654	15448
half_step_1	0.4253492053238875	0.003240212207375389	17	39	9	2.2941176470588234	435509682696512.5	9723811274.89618	0.21660566632395728	-0.11976332607313654	15448
half_step_2	0.4285894175312629	0.003240212207375389	7	20	10	2.857142857142857	435509682696512.5	8861886908.665468	0.20883638458582254	-0.12060355093815818	15254
full_step	0.43182962973863825	0.008871209606898255	29	60	10	2.0689655172413794	435509682696512.5	40885546727.36122	0.29164307352974106	-0.11995660501603675	15208
half_step_1	0.43182962973863825	0.004435604803449128	23	59	7	2.5652173913043477	435509682696512.5	13135112030.341917	0.29164307352974106	-0.11995660501603675	15208
half_step_2	0.4362652345420874	0.004435604803449128	25	56	10	2.24	435509682696512.5	28213983173.47913	0.38062284427086723	-0.11920846855739113	15110
full_step	0.43182962973863825	0.007013806662819809	31	94	10	3.032258064516129	435509682696512.5	29039025767.01174	0.29164307352974106	-0.11995660501603675	15208
half_step_1	0.43182962973863825	0.0035069033314099043	23	76	11	3.3043478260869565	435509682696512.5	8627990806.345629	0.29164307352974106	-0.11995660501603675	15208
half_step_2	0.43533653307004816	0.0035069033314099043	20	75	17	3.75	435509682696512.5	20075227257.56232	0.2722582405572487	-0.11999053751373318	15237
full_step	0.43884343640145806	0.007013806662819809	15	73	11	4.866666666666666	435509682696512.5	51398789402.27269	0.1845357887687058	-0.12231765967637441	14723
half_step_1	0.43884343640145806	0.0035069033314099043	10	35	8	3.5	435509682696512.5	22139585046.37235	0.1845357887687058	-0.12231765967637441	14723
half_step_2	0.44235033973286797	0.0035069033314099043	12	51	8	4.25	435509682696512.5	28834638599.472683	0.1769777893047575	-0.12191069616851788	14441
full_step	0.4458572430642779	0.007013806662819809	15	55	9	3.6666666666666665	435509682696512.5	166315127537.41745	0.16959210674323089	-0.12210809113583121	14469
half_step_1	0.4458572430642779	0.0035069033314099043	9	32	7	3.5555555555555554	435509682696512.5	55634610580.09507	0.16959210674323089	-0.12210809113583121	14469
half_step_2	0.4493641463956878	0.0035069033314099043	11	42	8	3.8181818181818183	435509682696512.5	21600601830.44585	0.16239028759628837	-0.12187863485231562	14341
full_step	0.4528710497270977	0.00934762393195125	17	53	6	3.1176470588235294	435509682696512.5	38686850182.60115	0.15536739526417165	-0.12229078174924993	14745
half_step_1	0.4528710497270977	0.004673811965975625	11	47	10	4.2727272727272725	435509682696512.5	50055588381.68646	0.15536739526417165	-0.12229078174924993	14745
half_step_2	0.4575448616930733	0.004673811965975625	13	39	8	3	435509682696512.5	13560801883.899244	0.14765408346294606	-0.12151156768620422	15488
full_step	0.46221867365904895	0.012173256492991153	11	35	8	3.1818181818181817	435509682696512.5	54604150651.47049	0.1403471397995304	-0.1214403395331501	15484
half_step_1	0.46221867365904895	0.006086628246495577	10	33	8	3.3	435509682696512.5	22339213562.935673	0.1403471397995304	-0.1214403395331501	15484
half_step_2	0.46830530190554454	0.006086628246495577	9	39	8	4.333333333333333	435509682696512.5	21898509659.936337	0.13264243025223266	-0.12083614736670312	15342
full_step	0.4743919301520401	0.012173256492991153	28	51	7	1.8214285714285714	435509682696512.5	60918064191.77128	0.2124362157961741	-0.1228595599498219	18320
half_step_1	0.4743919301520401	0.006086628246495577	16	14	6	0.875	435509682696512.5	21564959630.713787	0.2124362157961741	-0.1228595599498219	18320
half_step_2	0.4804785583985357	0.006086628246495577	11	31	7	2.8181818181818183	435509682696512.5	22983353105.34913	0.11703313038582763	-0.12413295530921035	18253
full_step	0.4865651866450313	0.015428845306861547	24	62	9	2.5833333333333335	435509682696512.5	75303054193.29234	0.10904514994381742	-0.1236184548204056	18469
half_step_1	0.4865651866450313	0.007714422653430773	12	34	15	2.8333333333333335	435509682696512.5	33645915566.811054	0.10904514994381742	-0.1236184548204056	18469
half_step_2	0.49427960929846204	0.007714422653430773	25	78	17	3.12	435509682696512.5	34279899252.10555	0.4538999060350335	-0.12264006794380569	18333
full_step	0.4865651866450313	0.006283997041826027	13	27	12	2.076923076923077	435509682696512.5	15865365095.112494	0.10904514994381742	-0.1236184548204056	18469
half_step_1	0.4865651866450313	0.0031419985209130137	5	0	0	0	435509682696512.5	9177665586.639921	0.10904514994381742	-0.1236184548204056	18469
half_step_2	0.4897071851659443	0.0031419985209130137	13	39	11	3	435509682696512.5	4761042857.27537	0.1034662230553991	-0.12396432159866526	18461
full_step	0.4928491836868573	0.011161674967953974	14	26	10	1.8571428571428572	435509682696512.5	53396559890.214935	0.09785019476605328	-0.12382278237820238	18572
half_step_1	0.4928491836868573	0.005580837483976987	11	23	8	2.090909090909091	435509682696512.5	21460777233.16743	0.09785019476605328	-0.12382278237820238	18572
half_step_2	0.4984300211708343	0.005580837483976987	14	24	6	1.7142857142857142	435509682696512.5	22753518142.227512	0.0904174958676407	-0.12354993313361665	18417
full_step	0.5040108586548113	0.016793284282880898	26	62	8	2.3846153846153846	435509682696512.5	106287280165.52026	0.08314569587876974	-0.12367910604385193	18532
half_step_1	0.5040108586548113	0.008396642141440449	19	58	7	3.0526315789473686	435509682696512.5	35029972225.13222	0.08314569587876974	-0.12367910604385193	18532
half_step_2	0.5124075007962517	0.008396642141440449	17	44	8	2.588235294117647	435509682696512.5	47141039062.26388	0.13795684495811145	-0.12478128320069935	18471
full_step	0.5040108586548113	0.007892514040426766	22	71	11	3.227272727272727	435509682696512.5	41803171310.48036	0.08314569587876974	-0.12367910604385193	18532
half_step_1	0.5040108586548113	0.003946257020213383	13	41	11	3.1538461538461537	435509682696512.5	11870619002.153723	0.08314569587876974	-0.12367910604385193	18532
half_step_2	0.5079571156750247	0.003946257020213383	12	26	6	2.1666666666666665	435509682696512.5	12000302121.645218	0.07756263694009391	-0.12391729006693954	18623
full_step	0.5119033726952381	0.014316500695796859	19	64	11	3.3684210526315788	435509682696512.5	100911817514.746	0.07506696029798121	-0.12347163887085386	18424
half_step_1	0.5119033726952381	0.007158250347898429	12	52	12	4.333333333333333	435509682696512.5	24898778162.23077	0.07506696029798121	-0.12347163887085386	18424
half_step_2	0.5190616230431365	0.007158250347898429	21	46	9	2.1904761904761907	435509682696512.5	38128851698.76219	0.0694891768198147	-0.12455345875790531	18580
full_step	0.5262198733910349	0.01783137930341242	14	64	10	4.571428571428571	435509682696512.5	141465280095.94116	0.06251901545836347	-0.12337766820411177	18287
full_step	0.5262198733910349	0.008346862815708154	9	29	7	3.2222222222222223	435509682696512.5	48212956214.122	0.06251901545836347	-0.12337766820411177	18287
half_step_1	0.5262198733910349	0.004173431407854077	6	11	4	1.8333333333333333	435509682696512.5	13772016982.21282	0.06251901545836347	-0.12337766820411177	18287
half_step_2	0.530393304798889	0.004173431407854077	17	48	15	2.823529411764706	435509682696512.5	9517410513.189648	0.191139051946422	-0.12401364813636458	18479
full_step	0.5345667362067431	0.008346862815708154	9	11	7	1.2222222222222223	435509682696512.5	57107907775.08983	0.05627672006991702	-0.12414906298653537	18496
half_step_1	0.5345667362067431	0.004173431407854077	7	24	7	3.4285714285714284	435509682696512.5	18164313599.95981	0.05627672006991702	-0.12414906298653537	18496
half_step_2	0.5387401676145972	0.004173431407854077	13	45	8	3.4615384615384617	435509682696512.5	6849695364.010339	0.05298160536820262	-0.12454638702868594	18650
full_step	0.5429135990224513	0.013415240709455411	15	41	8	2.7333333333333334	435509682696512.5	91051311443.09863	0.04953639023482026	-0.12414063544239949	18553
half_step_1	0.5429135990224513	0.006707620354727706	10	33	7	3.3	435509682696512.5	34859780505.034355	0.04953639023482026	-0.12414063544239949	18553
half_step_2	0.549621219377179	0.006707620354727706	16	67	12	4.1875	435509682696512.5	404883451922.58624	0.04020980006717423	-0.1237730497809396	18387
full_step	0.5563288397319067	0.013415240709455411	33	132	18	4	435509682696512.5	1228272854921.763	0.2468100943321332	-0.12290463358028313	18425
half_step_1	0.5563288397319067	0.006707620354727706	25	76	13	3.04	435509682696512.5	416347495120.9882	0.2468100943321332	-0.12290463358028313	18425
half_step_2	0.5630364600866344	0.006707620354727706	20	15	5	0.75	435509682696512.5	422680518216.85834	0.4984467086188289	-0.1197738149410178	19283
full_step	0.5563288397319067	0.005559903634378139	26	78	12	3	435509682696512.5	293571663127.40985	0.2468100943321332	-0.12290463358028313	18425
half_step_1	0.5563288397319067	0.0027799518171890696	25	82	14	3.28	435509682696512.5	74506731863.90668	0.2468100943321332	-0.12290463358028313	18425
half_step_2	0.5591087915490958	0.0027799518171890696	11	44	11	4	435509682696512.5	74153726647.95807	0.2458697500463174	-0.12311375743341568	18610
full_step	0.5618887433662849	0.014084230724427726	30	95	12	3.1666666666666665	435509682696512.5	857380078688.9539	0.2451982266991095	-0.12392128254512147	18716
half_step_1	0.5618887433662849	0.007042115362213863	18	47	12	2.611111111111111	435509682696512.5	450055168004.36346	0.2451982266991095	-0.12392128254512147	18716
half_step_2	0.5689308587284988	0.007042115362213863	12	10	4	0.8333333333333334	435509682696512.5	443900691980.3868	0.7712305122423189	-0.10860174547566417	19336
full_step	0.5618887433662849	0.008865797294126003	25	74	14	2.96	435509682696512.5	639816846858.0142	0.2451982266991095	-0.12392128254512147	18716
half_step_1	0.5618887433662849	0.0044328986470630015	10	19	6	1.9	435509682696512.5	215672307363.27548	0.2451982266991095	-0.12392128254512147	18716
half_step_2	0.5663216420133479	0.0044328986470630015	18	48	8	2.6666666666666665	435509682696512.5	189602870111.80292	0.7385092026058118	-0.11237034160385533	19497
full_step	0.5707545406604109	0.008865797294126003	11	8	4	0.7272727272727273	435509682696512.5	637615471355.4655	0.6898197552715928	-0.11314576104380393	19497
half_step_1	0.5707545406604109	0.0044328986470630015	7	9	3	1.2857142857142858	435509682696512.5	191580036643.1983	0.6898197552715928	-0.11314576104380393	19497
half_step_2	0.5751874393074738	0.0044328986470630015	6	3	3	0.5	435509682696512.5	203783418703.0406	0.6205524142668679	-0.11363201155646943	19553
full_step	0.5796203379545368	0.008865797294126003	24	42	7	1.75	435509682696512.5	710578172263.2593	0.5555186313234373	-0.1146381044206932	19675
half_step_1	0.5796203379545368	0.0044328986470630015	15	27	8	1.8	435509682696512.5	209198833584.2819	0.5555186313234373	-0.1146381044206932	19675
half_step_2	0.5840532366015998	0.0044328986470630015	11	43	12	3.909090909090909	435509682696512.5	214607416882.28168	0.5254492375107986	-0.11656738565958942	19261
full_step	0.5884861352486628	0.008865797294126003	10	23	7	2.3	435509682696512.5	743342473941.1079	0.5086651170499437	-0.11585445157546335	18502
full_step	0.5884861352486628	0.0038414745497075153	12	48	9	4	435509682696512.5	164484843404.33905	0.5086651170499437	-0.11585445157546335	18502
half_step_1	0.5884861352486628	0.0019207372748537576	9	39	9	4.333333333333333	435509682696512.5	41124061535.16665	0.5086651170499437	-0.11585445157546335	18502
half_step_2	0.5904068725235165	0.0019207372748537576	31	104	12	3.3548387096774195	435509682696512.5	6292869824.591365	0.6090113039186065	-0.1154056580701261	18506
full_step	0.5884861352486628	0.002648210704500009	12	42	10	3.5	435509682696512.5	78169487956.65175	0.5086651170499437	-0.11585445157546335	18502
half_step_1	0.5884861352486628	0.0013241053522500045	9	40	8	4.444444444444445	435509682696512.5	19543970096.673443	0.5086651170499437	-0.11585445157546335	18502
half_step_2	0.5898102406009128	0.0013241053522500045	20	59	10	2.95	435509682696512.5	2934539401.257126	0.4989440636009448	-0.11555923826397002	18375
full_step	0.5884861352486628	0.00214996785020293	11	45	10	4.090909090909091	435509682696512.5	51523994099.91424	0.5086651170499437	-0.11585445157546335	18502
half_step_1	0.5884861352486628	0.001074983925101465	9	35	8	3.888888888888889	435509682696512.5	12881884308.075363	0.5086651170499437	-0.11585445157546335	18502
half_step_2	0.5895611191737642	0.001074983925101465	17	61	12	3.588235294117647	435509682696512.5	1933331845.0209703	0.500422018777769	-0.11560136554860441	18387
full_step	0.5906361030988657	0.00214996785020293	16	61	9	3.8125	435509682696512.5	13067288913.479454	0.4915043182720211	-0.115826953283062	18640
half_step_1	0.5906361030988657	0.001074983925101465	7	8	6	1.1428571428571428	435509682696512.5	10841366240.461014	0.4915043182720211	-0.115826953283062	18640
half_step_2	0.5917110870239671	0.001074983925101465	10	40	11	4	435509682696512.5	3914145590.7050743	0.48226464281691506	-0.1158773304089882	18532
full_step	0.5927860709490687	0.006087042262006169	29	68	7	2.3448275862068964	435509682696512.5	164636429683.59583	0.4723177643882579	-0.11536040678826913	18586
half_step_1	0.5927860709490687	0.0030435211310030847	17	42	16	2.4705882352941178	435509682696512.5	57961859167.63902	0.4723177643882579	-0.11536040678826913	18586
half_step_2	0.5958295920800717	0.0030435211310030847	24	90	12	3.75	435509682696512.5	23582527258.063828	0.4518309603736199	-0.1160756049502972	18645
full_step	0.5927860709490687	0.003415414850367505	22	29	9	1.3181818181818181	435509682696512.5	69246876065.47917	0.4723177643882579	-0.11536040678826913	18586
half_step_1	0.5927860709490687	0.0017077074251837525	9	5	5	0.5555555555555556	435509682696512.5	22067333855.567406	0.4723177643882579	-0.11536040678826913	18586
half_step_2	0.5944937783742524	0.0017077074251837525	10	32	8	3.2	435509682696512.5	17284863096.30739	0.45765350885765343	-0.11593543019825799	18639
full_step	0.5962014857994362	0.006412453371443407	27	75	12	2.7777777777777777	435509682696512.5	135694545438.26823	0.43938408627816017	-0.11656996635654666	18821
half_step_1	0.5962014857994362	0.0032062266857217033	26	93	10	3.576923076923077	435509682696512.5	34991091247.05518	0.43938408627816017	-0.11656996635654666	18821
half_step_2	0.5994077124851579	0.0032062266857217033	10	23	6	2.3	435509682696512.5	29094203608.50437	0.40781950858082894	-0.11684365421436231	18826
full_step	0.6026139391708796	0.008648132281171825	19	55	17	2.8947368421052633	435509682696512.5	270367202063.49988	0.3774090095163416	-0.11722128668286486	18972
half_step_1	0.6026139391708796	0.004324066140585912	7	14	8	2	435509682696512.5	135733264581.36005	0.3774090095163416	-0.11722128668286486	18972
half_step_2	0.6069380053114655	0.004324066140585912	17	50	8	2.9411764705882355	435509682696512.5	134113973542.09868	0.34769661333984203	-0.11735683907513829	19795
full_step	0.6026139391708796	0.006887449144101624	23	57	11	2.4782608695652173	435509682696512.5	401215553209.53546	0.3774090095163416	-0.11722128668286486	18972
half_step_1	0.6026139391708796	0.003443724572050812	8	25	10	3.125	435509682696512.5	90894050547.60823	0.3774090095163416	-0.11722128668286486	18972
half_step_2	0.6060576637429304	0.003443724572050812	14	29	7	2.0714285714285716	435509682696512.5	104392777919.15567	0.3501220346863789	-0.11806446901489967	19545
full_step	0.6095013883149812	0.006887449144101624	11	12	9	1.0909090909090908	435509682696512.5	294235263294.5994	0.32463245320212764	-0.11597926326599726	19782
half_step_1	0.6095013883149812	0.003443724572050812	7	0	0	0	435509682696512.5	96896684115.47601	0.32463245320212764	-0.11597926326599726	19782
half_step_2	0.612945112887032	0.003443724572050812	7	20	5	2.857142857142857	435509682696512.5	115428986448.86252	0.3074900305719126	-0.11661478445697684	19849
full_step	0.6163888374590829	0.012088543060155143	14	27	12	1.9285714285714286	435509682696512.5	86740266187.08769	0.29277220204487264	-0.11726637962576854	20050
half_step_1	0.6163888374590829	0.006044271530077572	9	26	8	2.888888888888889	435509682696512.5	21280637874.903	0.29277220204487264	-0.11726637962576854	20050
half_step_2	0.6224331089891605	0.006044271530077572	26	57	9	2.1923076923076925	435509682696512.5	109194141554.93065	0.2811876690553632	-0.11735543642479225	20045
full_step	0.6163888374590829	0.007513493230532817	14	30	17	2.142857142857143	435509682696512.5	29939304847.2537	0.29277220204487264	-0.11726637962576854	20050
half_step_1	0.6163888374590829	0.0037567466152664086	7	18	10	2.5714285714285716	435509682696512.5	9597850231.991102	0.29277220204487264	-0.11726637962576854	20050
half_step_2	0.6201455840743493	0.0037567466152664086	12	52	9	4.333333333333333	435509682696512.5	45324854408.450584	0.2825770510905201	-0.11701739373717937	19876
full_step	0.6239023306896158	0.01098434015048411	26	40	13	1.5384615384615385	435509682696512.5	225586465633.52954	0.5595975661910586	-0.11657206811612264	20013
half_step_1	0.6239023306896158	0.005492170075242055	25	82	14	3.28	435509682696512.5	105526626480.54819	0.5595975661910586	-0.11657206811612264	20013
half_step_2	0.6293945007648578	0.005492170075242055	8	25	11	3.125	435509682696512.5	134424290213.37288	0.2669349990668124	-0.11603364981156489	19647
full_step	0.6239023306896158	0.00861240377714287	34	106	16	3.1176470588235294	435509682696512.5	165760581891.43628	0.5595975661910586	-0.11657206811612264	20013
half_step_1	0.6239023306896158	0.004306201888571435	27	77	10	2.8518518518518516	435509682696512.5	137316533448.2298	0.5595975661910586	-0.11657206811612264	20013
half_step_2	0.6282085325781872	0.004306201888571435	6	14	7	2.3333333333333335	435509682696512.5	138786644377.6763	0.29219101248506263	-0.11597087733831182	19713
full_step	0.6325147344667587	0.00861240377714287	18	56	10	3.111111111111111	435509682696512.5	434858782446.17926	0.26077057369635526	-0.11630254452104377	19725
half_step_1	0.6325147344667587	0.004306201888571435	10	35	11	3.5	435509682696512.5	155585423682.6886	0.26077057369635526	-0.11630254452104377	19725
half_step_2	0.6368209363553301	0.004306201888571435	21	77	11	3.6666666666666665	435509682696512.5	167224620679.92917	0.25420220163639584	-0.11647266526349213	19775
full_step	0.6411271382439016	0.00861240377714287	9	24	6	2.6666666666666665	435509682696512.5	325980044151.05945	0.24754477521911866	-0.11610140396057152	19569
half_step_1	0.6411271382439016	0.004306201888571435	5	13	4	2.6	435509682696512.5	158335657387.94162	0.24754477521911866	-0.11610140396057152	19569
half_step_2	0.645433340132473	0.004306201888571435	9	30	9	3.3333333333333335	435509682696512.5	153757250904.4442	0.24154918549302096	-0.11658944616708315	19445
full_step	0.6497395420210444	0.01305002741626259	32	110	11	3.4375	435509682696512.5	391089830039.7813	0.42986490752416984	-0.11650017789979027	19618
half_step_1	0.6497395420210444	0.006525013708131295	29	88	15	3.0344827586206895	435509682696512.5	308507023014.6287	0.42986490752416984	-0.11650017789979027	19618
half_step_2	0.6562645557291757	0.006525013708131295	16	49	10	3.0625	435509682696512.5	198933196644.14435	0.22649930171812116	-0.11703531431312565	19472
full_step	0.6497395420210444	0.00834945604866313	27	67	9	2.4814814814814814	435509682696512.5	184508641869.0903	0.42986490752416984	-0.11650017789979027	19618
half_step_1	0.6497395420210444	0.004174728024331565	25	90	14	3.6	435509682696512.5	155446668597.8864	0.42986490752416984	-0.11650017789979027	19618
half_step_2	0.6539142700453761	0.004174728024331565	13	41	12	3.1538461538461537	435509682696512.5	149047649998.31018	0.2575410374174396	-0.11662402647150394	19363
full_step	0.6580889980697076	0.00834945604866313	25	82	13	3.28	435509682696512.5	382263478937.6034	0.2566383247639621	-0.11681003555153731	19622
half_step_1	0.6580889980697076	0.004174728024331565	24	103	12	4.291666666666667	435509682696512.5	128200477351.57104	0.2566383247639621	-0.11681003555153731	19622
half_step_2	0.6622637260940392	0.004174728024331565	14	62	10	4.428571428571429	435509682696512.5	159912788848.5945	0.22244225383285965	-0.11748129588203973	19745
full_step	0.6664384541183707	0.012283720902730099	28	78	21	2.7857142857142856	435509682696512.5	69961415696.85518	0.5595411070404488	-0.11495250736477855	21285
half_step_1	0.6664384541183707	0.006141860451365049	22	49	9	2.227272727272727	435509682696512.5	31063926828.58642	0.5595411070404488	-0.11495250736477855	21285
half_step_2	0.6725803145697357	0.006141860451365049	8	19	7	2.375	435509682696512.5	61273121374.80236	0.2680955229992712	-0.11713591083565168	20454
full_step	0.6664384541183707	0.009517962168161812	27	78	21	2.888888888888889	435509682696512.5	48002910224.26168	0.5595411070404488	-0.11495250736477855	21285
half_step_1	0.6664384541183707	0.004758981084080906	22	49	8	2.227272727272727	435509682696512.5	16694266430.878653	0.5595411070404488	-0.11495250736477855	21285
half_step_2	0.6711974352024516	0.004758981084080906	6	12	5	2	435509682696512.5	35809617414.56184	0.32074503362848006	-0.11698718853939805	20531
full_step	0.6664384541183707	0.006742422159640219	20	41	14	2.05	435509682696512.5	46351986044.84097	0.5595411070404488	-0.11495250736477855	21285
half_step_1	0.6664384541183707	0.0033712110798201095	15	16	10	1.0666666666666667	435509682696512.5	8598843845.43755	0.5595411070404488	-0.11495250736477855	21285
half_step_2	0.6698096651981907	0.0033712110798201095	6	12	7	2	435509682696512.5	15311679090.38974	0.38057394039142345	-0.11632694233883145	20397
full_step	0.6664384541183707	0.005082615094915926	23	41	9	1.7826086956521738	435509682696512.5	18881513714.318233	0.5595411070404488	-0.11495250736477855	21285
half_step_1	0.6664384541183707	0.002541307547457963	16	15	8	0.9375	435509682696512.5	5086646783.83631	0.5595411070404488	-0.11495250736477855	21285
half_step_2	0.6689797616658286	0.002541307547457963	9	20	5	2.2222222222222223	435509682696512.5	9504319742.12858	0.41892120326949644	-0.11578423765342584	20316
full_step	0.6715210692132866	0.005082615094915926	7	33	12	4.714285714285714	435509682696512.5	59992145384.386665	0.23826458510984594	-0.11684828900726153	20196
half_step_1	0.6715210692132866	0.002541307547457963	5	11	7	2.2	435509682696512.5	15284486335.032202	0.23826458510984594	-0.11684828900726153	20196
half_step_2	0.6740623767607445	0.002541307547457963	5	3	3	0.6	435509682696512.5	15825019374.64432	0.22058597855117057	-0.11780531146347616	20036
full_step	0.6766036843082025	0.010420774724684499	16	41	8	2.5625	435509682696512.5	108080802260.79628	0.2200586786478098	-0.11851836938082219	20091
half_step_1	0.6766036843082025	0.0052103873623422494	8	31	13	3.875	435509682696512.5	66585384611.56375	0.2200586786478098	-0.11851836938082219	20091
half_step_2	0.6818140716705448	0.0052103873623422494	12	23	10	1.9166666666666667	435509682696512.5	101680168820.7325	0.21902021022093265	-0.11796753880092183	20283
full_step	0.687024459032887	0.010420774724684499	18	32	9	1.7777777777777777	435509682696512.5	362028447415.9246	0.2180683302020654	-0.11954849109433435	20329
half_step_1	0.687024459032887	0.0052103873623422494	12	39	10	3.25	435509682696512.5	130291126036.38766	0.2180683302020654	-0.11954849109433435	20329
half_step_2	0.6922348463952293	0.0052103873623422494	14	37	12	2.642857142857143	435509682696512.5	65266714258.33668	0.2170830421783947	-0.11985210913552802	20720
full_step	0.687024459032887	0.0066137711020767855	12	29	8	2.4166666666666665	435509682696512.5	202734817727.1136	0.2180683302020654	-0.11954849109433435	20329
half_step_1	0.687024459032887	0.0033068855510383927	9	21	9	2.3333333333333335	435509682696512.5	52857018714.975426	0.2180683302020654	-0.11954849109433435	20329
half_step_2	0.6903313445839254	0.0033068855510383927	10	35	12	3.5	435509682696512.5	23643098594.641106	0.21716502034684737	-0.12016920684817015	20704
full_step	0.6936382301349638	0.0066137711020767855	16	50	8	3.125	435509682696512.5	64049612481.312004	0.21613914998132344	-0.12026767234029473	20876
half_step_1	0.6936382301349638	0.0033068855510383927	10	31	8	3.1	435509682696512.5	25852955801.31639	0.21613914998132344	-0.12026767234029473	20876
half_step_2	0.6969451156860023	0.0033068855510383927	6	8	5	1.3333333333333333	435509682696512.5	26876503285.54332	0.21508087524109953	-0.11963614795473324	20749
full_step	0.7002520012370407	0.010238978498366004	15	39	11	2.6	435509682696512.5	219807113925.6347	0.21402712900888332	-0.12008548285814889	20750
half_step_1	0.7002520012370407	0.005119489249183002	7	5	5	0.7142857142857143	435509682696512.5	56491002995.21766	0.21402712900888332	-0.12008548285814889	20750
half_step_2	0.7053714904862237	0.005119489249183002	23	68	12	2.9565217391304346	435509682696512.5	68170594872.86247	0.30496585898475814	-0.1201852904089943	20861
full_step	0.7002520012370407	0.009095980311388576	17	57	11	3.3529411764705883	435509682696512.5	183753748464.26462	0.21402712900888332	-0.12008548285814889	20750
half_step_1	0.7002520012370407	0.004547990155694288	7	4	4	0.5714285714285714	435509682696512.5	45876581951.13568	0.21402712900888332	-0.12008548285814889	20750
half_step_2	0.704799991392735	0.004547990155694288	20	35	9	1.75	435509682696512.5	54201686066.76369	0.21271981031619447	-0.11974954701127125	20689
full_step	0.7093479815484293	0.009095980311388576	12	24	10	2	435509682696512.5	175926716484.80685	0.2115344928411531	-0.11997699683462193	20837
half_step_1	0.7093479815484293	0.004547990155694288	9	19	11	2.111111111111111	435509682696512.5	54253694197.94815	0.2115344928411531	-0.11997699683462193	20837
half_step_2	0.7138959717041236	0.004547990155694288	11	29	8	2.6363636363636362	435509682696512.5	52046593223.539894	0.21044815403806183	-0.12026473736351266	20899
full_step	0.7184439618598178	0.013665041222288976	20	68	11	3.4	435509682696512.5	327051476478.38306	0.20941913857670613	-0.12023236161587009	20782
full_step	0.7184439618598178	0.00910487931692312	14	25	5	1.7857142857142858	435509682696512.5	175239371348.8522	0.20941913857670613	-0.12023236161587009	20782
half_step_1	0.7184439618598178	0.00455243965846156	11	36	11	3.272727272727273	435509682696512.5	52540299681.1901	0.20941913857670613	-0.12023236161587009	20782
half_step_2	0.7229964015182794	0.00455243965846156	17	41	8	2.411764705882353	435509682696512.5	67482487555.706276	0.2083886423250334	-0.12069566646419708	20956
full_step	0.727548841176741	0.013963000555117674	28	81	14	2.892857142857143	435509682696512.5	185380356525.0441	0.883848708583475	-0.10493173048834752	21820
half_step_1	0.727548841176741	0.006981500277558837	15	8	4	0.5333333333333333	435509682696512.5	63247552855.89825	0.883848708583475	-0.10493173048834752	21820
half_step_2	0.7345303414542999	0.006981500277558837	17	46	9	2.7058823529411766	435509682696512.5	64460779501.65666	0.20618334639912206	-0.11652266578202279	21622
full_step	0.7415118417318587	0.013963000555117674	16	19	7	1.1875	435509682696512.5	188424581871.20648	0.20517152931753913	-0.11582344645892258	21515
half_step_1	0.7415118417318587	0.006981500277558837	8	22	10	2.75	435509682696512.5	64209280396.34999	0.20517152931753913	-0.11582344645892258	21515
half_step_2	0.7484933420094175	0.006981500277558837	19	18	6	0.9473684210526315	435509682696512.5	11016084745.805939	0.20424656218693116	-0.1163844233416784	22349
full_step	0.7415118417318587	0.010095905447823248	15	25	9	1.6666666666666667	435509682696512.5	113309993199.88074	0.20517152931753913	-0.11582344645892258	21515
half_step_1	0.7415118417318587	0.005047952723911624	9	26	9	2.888888888888889	435509682696512.5	35347610303.94165	0.20517152931753913	-0.11582344645892258	21515
half_step_2	0.7465597944557704	0.005047952723911624	11	11	4	1	435509682696512.5	36455104206.55665	0.2042661329641362	-0.11653573202407567	21963
full_step	0.7516077471796819	0.012791855373962534	21	44	7	2.0952380952380953	435509682696512.5	166718840452.7443	0.2032799103122045	-0.11649041588430815	21613
half_step_1	0.7516077471796819	0.006395927686981267	17	49	9	2.8823529411764706	435509682696512.5	56558052723.48328	0.2032799103122045	-0.11649041588430815	21613
half_step_2	0.7580036748666632	0.006395927686981267	20	45	9	2.25	435509682696512.5	6184485479.97103	0.2022689223325287	-0.11582710392831122	21705
full_step	0.7516077471796819	0.007074832449073453	17	48	9	2.823529411764706	435509682696512.5	67211831417.633865	0.2032799103122045	-0.11649041588430815	21613
half_step_1	0.7516077471796819	0.0035374162245367267	11	25	7	2.272727272727273	435509682696512.5	17861252005.35111	0.2032799103122045	-0.11649041588430815	21613
half_step_2	0.7551451634042187	0.0035374162245367267	13	23	6	1.7692307692307692	435509682696512.5	7399700393.978625	0.20235054380239603	-0.1165194234433068	21880
full_step	0.7586825796287554	0.007074832449073453	9	22	10	2.4444444444444446	435509682696512.5	32166813927.630745	0.20138183527369335	-0.1166240103723278	22095
half_step_1	0.7586825796287554	0.0035374162245367267	10	22	11	2.2	435509682696512.5	8471900583.946553	0.20138183527369335	-0.1166240103723278	22095
half_step_2	0.7622199958532921	0.0035374162245367267	7	30	8	4.285714285714286	435509682696512.5	8424588077.507453	0.2003943743765717	-0.11672946385356328	21987
full_step	0.7657574120778289	0.017932219469409826	11	33	10	3	435509682696512.5	131013465178.67204	0.1994487127841822	-0.11647903050771799	22006
full_step	0.7657574120778289	0.006983174208634602	13	44	8	3.3846153846153846	435509682696512.5	30732471157.000847	0.1994487127841822	-0.11647903050771799	22006
half_step_1	0.7657574120778289	0.003491587104317301	8	24	8	3	435509682696512.5	8035373091.437217	0.1994487127841822	-0.11647903050771799	22006
half_step_2	0.7692489991821462	0.003491587104317301	24	52	10	2.1666666666666665	435509682696512.5	2039763442.0253341	0.26836185382680355	-0.11671264359706592	22310
full_step	0.7657574120778289	0.00450117160612179	7	21	8	3	435509682696512.5	13374233612.86978	0.1994487127841822	-0.11647903050771799	22006
half_step_1	0.7657574120778289	0.002250585803060895	6	13	6	2.1666666666666665	435509682696512.5	7323591885.800343	0.1994487127841822	-0.11647903050771799	22006
half_step_2	0.7680079978808898	0.002250585803060895	5	16	6	3.2	435509682696512.5	3317692692.0106254	0.19870103126164906	-0.11655266638458536	21961
full_step	0.7702585836839506	0.014290645056696801	31	86	13	2.774193548387097	435509682696512.5	17221287585.80731	0.6627974251372208	-0.11678780951387144	22410
half_step_1	0.7702585836839506	0.007145322528348401	24	67	15	2.7916666666666665	435509682696512.5	5888970654.627188	0.6627974251372208	-0.11678780951387144	22410
half_step_2	0.777403906212299	0.007145322528348401	12	56	10	4.666666666666667	435509682696512.5	11482980616.067192	0.19717917310273947	-0.11680169332231252	22239
full_step	0.7845492287406474	0.014290645056696801	30	73	15	2.433333333333333	435509682696512.5	17189833373.75395	0.8567318099473269	-0.11243987482966288	25463
half_step_1	0.7845492287406474	0.007145322528348401	18	30	6	1.6666666666666667	435509682696512.5	5918822693.970986	0.8567318099473269	-0.11243987482966288	25463
half_step_2	0.7916945512689958	0.007145322528348401	12	43	10	3.5833333333333335	435509682696512.5	5967697154.883902	0.19526282777962933	-0.1204280863721831	24862
full_step	0.7988398737973441	0.014290645056696801	18	56	10	3.111111111111111	435509682696512.5	9322300212.373247	0.19432699961559763	-0.1218175000252687	25504
full_step	0.7988398737973441	0.01268732014120364	14	43	8	3.0714285714285716	435509682696512.5	8066720572.849513	0.19432699961559763	-0.1218175000252687	25504
half_step_1	0.7988398737973441	0.00634366007060182	13	29	9	2.230769230769231	435509682696512.5	6917910225.231126	0.19432699961559763	-0.1218175000252687	25504
half_step_2	0.8051835338679459	0.00634366007060182	13	31	11	2.3846153846153846	435509682696512.5	5589935607.632914	0.19339262731038787	-0.12185315853917933	25691
full_step	0.8115271939385478	0.01784215286395903	22	50	11	2.272727272727273	435509682696512.5	1324244329.559615	0.6709998692641008	-0.12157127050084197	25857
half_step_1	0.8115271939385478	0.008921076431979515	20	28	7	1.4	435509682696512.5	455151539.27271086	0.6709998692641008	-0.12157127050084197	25857
half_step_2	0.8204482703705273	0.008921076431979515	6	20	7	3.3333333333333335	435509682696512.5	178164537.9235091	0.19159786672818768	-0.12165557782988595	25803
full_step	0.8293693468025068	0.035389007510936085	17	32	7	1.8823529411764706	435509682696512.5	639815370.4072385	0.19073276435251074	-0.12190595539496149	25783
half_step_1	0.8293693468025068	0.017694503755468043	10	16	8	1.6	435509682696512.5	1405400920.2154775	0.19073276435251074	-0.12190595539496149	25783
half_step_2	0.8470638505579748	0.017694503755468043	4	10	10	2.5	435509682696512.5	169936745.1845563	0.18993175292848008	-0.121805624218277	25731
full_step	0.864758354313443	0.09999999999999998	8	15	8	1.875	435509682696512.5	529229768.9245449	0.18918960816972685	-0.12200702051575675	25859
half_step_1	0.864758354313443	0.04999999999999999	6	23	11	3.8333333333333335	435509682696512.5	355384994.3187879	0.18918960816972685	-0.12200702051575675	25859
half_step_2	0.914758354313443	0.04999999999999999	5	16	13	3.2	435509682696512.5	335074770.29985994	0.18928402599679828	-0.12170955856373242	25876
full_step	0.9647583543134429	0.09999999999999998	6	12	5	2	435509682696512.5	556855513.1398556	0.18933987530074603	-0.12175912884981877	25811
half_step_1	0.9647583543134429	0.04999999999999999	5	19	12	3.8	435509682696512.5	365850551.07315	0.18933987530074603	-0.12175912884981877	25811
half_step_2	1.0147583543134429	0.04999999999999999	6	25	14	4.166666666666667	435509682696512.5	334600498.9355947	0.18938412945038863	-0.12197721420920907	25899
full_step	1.064758354313443	0.1	4	5	5	1.25	435509682696512.5	475834893.8825624	0.18941921223623837	-0.1220423561967478	26001
half_step_1	1.064758354313443	0.05	5	18	12	3.6	435509682696512.5	334732008.3008854	0.18941921223623837	-0.1220423561967478	26001
half_step_2	1.114758354313443	0.05	5	23	14	4.6	435509682696512.5	368872598.08064973	0.18958470007137862	-0.12218797709170214	25859
full_step	1.164758354313443	0.1	7	21	14	3	435509682696512.5	87518916.9611029	0.18961563907125623	-0.12191615412191452	25806
half_step_1	1.164758354313443	0.05	6	17	13	2.8333333333333335	435509682696512.5	179969693.66181824	0.18961563907125623	-0.12191615412191452	25806
half_step_2	1.214758354313443	0.05	6	20	13	3.3333333333333335	435509682696512.5	372335399.3803809	0.1900787533175219	-0.12189576265819019	25956
full_step	1.264758354313443	0.1	4	4	4	1	435509682696512.5	425176916.3986658	0.190130870563479	-0.12176597834186643	25840
half_step_1	1.264758354313443	0.05	6	26	15	4.333333333333333	435509682696512.5	376941398.0827096	0.190130870563479	-0.12176597834186643	25840
half_step_2	1.3147583543134431	0.05	4	4	4	1	435509682696512.5	416309948.24597347	0.19015870197276286	-0.12218525968574874	25794
full_step	1.3647583543134432	0.1	6	35	14	5.833333333333333	435509682696512.5	69474329.51902531	0.1901835704133461	-0.1225303344233488	25820
half_step_1	1.3647583543134432	0.05	5	28	19	5.6	435509682696512.5	312941337.6091276	0.1901835704133461	-0.1225303344233488	25820
half_step_2	1.4147583543134432	0.05	5	19	14	3.8	435509682696512.5	365310209.86978376	0.19064426243416932	-0.12194231797530258	25811
full_step	1.4647583543134433	0.1	4	5	5	1.25	435509682696512.5	451259939.60665107	0.1907342166135777	-0.12228444086343211	25958
half_step_1	1.4647583543134433	0.05	4	9	9	2.25	435509682696512.5	362471643.9037749	0.1907342166135777	-0.12228444086343211	25958
half_step_2	1.5147583543134433	0.05	6	24	18	4	435509682696512.5	310074592.3232163	0.1907373108354804	-0.12237530431299504	25840
full_step	1.5647583543134433	0.1	5	3	3	0.6	435509682696512.5	427771667.7716513	0.19120291640535214	-0.12237295351389588	25893
half_step_1	1.5647583543134433	0.05	3	3	3	1	435509682696512.5	331903539.74045014	0.19120291640535214	-0.12237295351389588	25893
half_step_2	1.6147583543134434	0.05	4	15	10	3.75	435509682696512.5	217106707.17401537	0.1911633952850238	-0.12222851075854681	25923
full_step	1.6647583543134434	0.1	4	4	4	1	435509682696512.5	410894531.21250594	0.19115958105939512	-0.12208653336892147	25881
half_step_1	1.6647583543134434	0.05	4	15	10	3.75	435509682696512.5	314709812.0743887	0.19115958105939512	-0.12208653336892147	25881
half_step_2	1.7147583543134435	0.05	6	12	10	2	435509682696512.5	317680424.84679574	0.19114023296930327	-0.1227285532852416	25910
full_step	1.7647583543134435	0.1	5	26	13	5.2	435509682696512.5	251862943.98671928	0.19116626127373593	-0.12239051345056283	25848
half_step_1	1.7647583543134435	0.05	4	15	15	3.75	435509682696512.5	399216726.0557717	0.19116626127373593	-0.12239051345056283	25848
half_step_2	1.8147583543134436	0.05	4	4	2	1	435509682696512.5	299926620.97255564	0.19146874895259458	-0.12232094805063684	25879
full_step	1.8647583543134436	0.1	7	27	15	3.857142857142857	435509682696512.5	66787158.057250254	0.1925914822509185	-0.1226057781459074	25942
half_step_1	1.8647583543134436	0.05	5	20	17	4	435509682696512.5	2435608071.3016367	0.1925914822509185	-0.1226057781459074	25942
half_step_2	1.9147583543134437	0.05	5	7	4	1.4	435509682696512.5	232697234.23599398	0.1952878143134953	-0.12257326438031044	25919
full_step	1.9647583543134437	0.1	4	5	5	1.25	435509682696512.5	240864982.66562048	0.19799749338390882	-0.12227763058513821	25935
half_step_1	1.9647583543134437	0.05	5	12	9	2.4	435509682696512.5	228354135.72922787	0.19799749338390882	-0.12227763058513821	25935
half_step_2	2.0147583543134435	0.05	4	10	10	2.5	435509682696512.5	214875160.76585895	0.20075481187128474	-0.12259551743308036	25822
full_step	2.064758354313444	0.1	4	5	5	1.25	435509682696512.5	250889702.4613031	0.20358269763617187	-0.12247644924514119	25809
half_step_1	2.064758354313444	0.05	5	13	8	2.6	435509682696512.5	231062576.1643893	0.20358269763617187	-0.12247644924514119	25809
half_step_2	2.1147583543134436	0.05	4	8	8	2	435509682696512.5	220922315.25525266	0.2064978166670457	-0.12245066296250716	25891
full_step	2.164758354313444	0.1	4	5	5	1.25	435509682696512.5	169554458.89880797	0.20951793334587165	-0.122652670832534	25894
half_step_1	2.164758354313444	0.05	4	12	9	3	435509682696512.5	173214402.20079198	0.20951793334587165	-0.122652670832534	25894
half_step_2	2.2147583543134437	0.05	4	11	9	2.75	435509682696512.5	153835961.1993726	0.21265817804142984	-0.12240316180677654	25879
full_step	2.264758354313444	0.1	4	5	5	1.25	435509682696512.5	109834515.2657867	0.2159140752188975	-0.12246372066268042	25816
half_step_1	2.264758354313444	0.05	5	13	9	2.6	435509682696512.5	139966467.2760704	0.2159140752188975	-0.12246372066268042	25816
half_step_2	2.314758354313444	0.05	4	14	9	3.5	435509682696512.5	130570057.67046446	0.219297469663573	-0.12247051347449969	25860
full_step	2.364758354313444	0.1	4	5	5	1.25	435509682696512.5	100923806.62264916	0.22281406876925303	-0.12254695037445781	25793
half_step_1	2.364758354313444	0.05	5	13	8	2.6	435509682696512.5	128141770.13611618	0.22281406876925303	-0.12254695037445781	25793
half_step_2	2.414758354313444	0.05	4	9	9	2.25	435509682696512.5	122818762.56463583	0.22648033386158772	-0.12250093418577625	25911
full_step	2.464758354313444	0.1	6	33	14	5.5	435509682696512.5	55101539.97009963	0.2303002133890999	-0.12236196306322669	25887
half_step_1	2.464758354313444	0.05	6	19	16	3.1666666666666665	435509682696512.5	297592974.9675331	0.2303002133890999	-0.12236196306322669	25887
half_step_2	2.514758354313444	0.05	4	6	3	1.5	435509682696512.5	110464513.20496656	0.23425478693452817	-0.12251522262591749	25755
full_step	2.5647583543134442	0.1	4	4	4	1	435509682696512.5	84445442.46806984	0.23843190675934522	-0.12271111838757577	25837
half_step_1	2.5647583543134442	0.05	3	2	2	0.6666666666666666	435509682696512.5	621112218.8395929	0.23843190675934522	-0.12271111838757577	25837
half_step_2	2.614758354313444	0.05	8	34	18	4.25	435509682696512.5	341046176.1487628	0.24342794904551823	-0.12218210346985614	25663
full_step	2.6647583543134443	0.1	6	3	3	0.5	435509682696512.5	83573805.05764191	0.2486829767503096	-0.12247747500956757	25793
half_step_1	2.6647583543134443	0.05	4	3	3	0.75	435509682696512.5	107039229.12230082	0.2486829767503096	-0.12247747500956757	25793
half_step_2	2.714758354313444	0.05	4	9	9	2.25	435509682696512.5	103655037.18897523	0.2501995478238257	-0.12230627448082683	25913
full_step	2.7647583543134444	0.1	4	8	8	2	435509682696512.5	56105582.36449396	0.2516546961868258	-0.1225876930832498	25896
half_step_1	2.7647583543134444	0.05	5	24	17	4.8	435509682696512.5	101819414.2811042	0.2516546961868258	-0.1225876930832498	25896
half_step_2	2.8147583543134442	0.05	4	11	9	2.75	435509682696512.5	102833506.29260425	0.25730495153729294	-0.12212099756170401	25795
full_step	2.8647583543134445	0.1	4	12	7	3	435509682696512.5	21489098113.20094	0.26015123899890824	-0.12242405176987024	25876
half_step_1	2.8647583543134445	0.05	4	11	11	2.75	435509682696512.5	102784447.47224607	0.26015123899890824	-0.12242405176987024	25876
half_step_2	2.9147583543134443	0.05	6	23	17	3.8333333333333335	435509682696512.5	100995142.75262067	0.2617959990675942	-0.12248660603349314	25790
full_step	2.9647583543134446	0.03524164568655541	8	11	5	1.375	435509682696512.5	113855652.27426478	0.26334104156160976	-0.12271599158706932	25845
half_step_1	2.9647583543134446	0.017620822843277706	4	5	5	1.25	435509682696512.5	150523872.81293222	0.26334104156160976	-0.12271599158706932	25845
half_step_2	2.982379177156722	0.017620822843277706	4	13	13	3.25	435509682696512.5	719924996.8722068	0.2546263028150477	-0.12242205369935194	25819
