sim_time,wall_time
0.0,4903133.826711119
0.001,4903133.850176993
0.006,4903133.862494989
0.016,4903133.876886487
0.026000000000000002,4903133.90777717
0.036000000000000004,4903133.922964293
0.041,4903133.941637834
0.04225,4903133.963613838
0.0485,4903133.984796313
0.0585,4903134.002889593
0.0635,4903134.024120924
0.066,4903134.044505288
0.06725,4903134.069046975
0.06803125,4903134.094074097
0.0690078125,4903134.130741698
0.073890625,4903134.162710046
0.083890625,4903134.189418609
0.09389062499999999,4903134.213453059
0.10389062499999999,4903134.233856778
0.11389062499999998,4903134.255654062
0.12389062499999998,4903134.277194768
0.13389062499999999,4903134.297133682
0.143890625,4903134.319303359
0.148890625,4903134.345286434
0.150140625,4903134.376433707
0.156390625,4903134.408306962
0.16639062500000001,4903134.433250548
0.17639062500000002,4903134.456823336
0.18639062500000003,4903134.47736497
0.19639062500000004,4903134.49475097
0.20639062500000005,4903134.510516229
0.21639062500000006,4903134.526240398
0.22639062500000007,4903134.542398326
0.23639062500000008,4903134.558052053
0.24639062500000009,4903134.574490329
0.2563906250000001,4903134.592726598
0.2663906250000001,4903134.610052894
0.2763906250000001,4903134.629834316
0.2863906250000001,4903134.648345534
0.29639062500000013,4903134.665133827
0.30639062500000014,4903134.683463565
0.31639062500000015,4903134.701469638
0.32639062500000016,4903134.717744672
0.33639062500000017,4903134.735341258
0.3463906250000002,4903134.750155314
0.3563906250000002,4903134.765186196
0.3663906250000002,4903134.78121572
0.3763906250000002,4903134.796525694
0.3863906250000002,4903134.812520465
0.3913906250000002,4903134.832293675
0.4013906250000002,4903134.853136873
0.41139062500000023,4903134.873036296
0.42139062500000024,4903134.889703087
0.43139062500000025,4903134.909160303
0.44139062500000026,4903134.927624833
0.45139062500000027,4903134.944397366
0.4613906250000003,4903134.961149368
0.4713906250000003,4903134.977878708
0.4813906250000003,4903134.997941863
0.4913906250000003,4903135.017555306
0.5013906250000003,4903135.036124541
0.5113906250000003,4903135.054766563
0.5213906250000003,4903135.0755719
0.5313906250000003,4903135.095969018
0.5413906250000003,4903135.116203235
0.5513906250000004,4903135.136146107
0.5613906250000004,4903135.155447851
0.5713906250000004,4903135.173287537
0.5813906250000004,4903135.191009107
0.5913906250000004,4903135.208500279
0.6013906250000004,4903135.225287973
0.6113906250000004,4903135.243803707
0.6213906250000004,4903135.26111918
0.6313906250000004,4903135.278739445
0.6413906250000004,4903135.296858648
0.6513906250000004,4903135.315312673
0.6613906250000005,4903135.332592738
0.6713906250000005,4903135.35109234
0.6813906250000005,4903135.368396144
0.6913906250000005,4903135.384663773
0.7013906250000005,4903135.401520256
0.7113906250000005,4903135.41841994
0.7213906250000005,4903135.436712054
0.7313906250000005,4903135.455931692
0.7413906250000005,4903135.473846275
0.7513906250000005,4903135.491700362
0.7613906250000005,4903135.509415382
0.7713906250000006,4903135.527371577
0.7813906250000006,4903135.545445351
0.7913906250000006,4903135.564945247
0.8013906250000006,4903135.584286217
0.8113906250000006,4903135.602370883
0.8213906250000006,4903135.62057686
0.8313906250000006,4903135.638563836
0.8413906250000006,4903135.655594659
0.8513906250000006,4903135.674057704
0.8613906250000006,4903135.692495509
0.8713906250000006,4903135.710548457
0.8813906250000006,4903135.728972403
0.8913906250000007,4903135.746232029
0.9013906250000007,4903135.763236395
0.9113906250000007,4903135.781452716
0.9213906250000007,4903135.798505656
0.9313906250000007,4903135.81546013
0.9413906250000007,4903135.832339717
0.9513906250000007,4903135.849768072
0.9613906250000007,4903135.867912021
0.9713906250000007,4903135.885649361
0.9813906250000007,4903135.902773189
0.9913906250000007,4903135.92133019
1.0013906250000006,4903135.938336257
1.0113906250000007,4903135.955219728
1.0213906250000007,4903135.971950126
1.0313906250000007,4903135.988619589
1.0413906250000007,4903136.007404682
1.0513906250000007,4903136.025098998
1.0613906250000007,4903136.041892688
1.0713906250000007,4903136.060014995
1.0813906250000007,4903136.079657527
1.0913906250000007,4903136.097772149
1.1013906250000007,4903136.117457381
1.1113906250000007,4903136.137172934
1.1213906250000008,4903136.15619601
1.1313906250000008,4903136.173545855
1.1413906250000008,4903136.190398701
1.1513906250000008,4903136.207678645
1.1613906250000008,4903136.224455775
1.1713906250000008,4903136.242298114
1.1813906250000008,4903136.259425625
1.1913906250000008,4903136.274262235
1.2013906250000008,4903136.289362287
1.2113906250000008,4903136.304564298
1.2213906250000008,4903136.319393876
1.2313906250000008,4903136.33354274
1.2413906250000009,4903136.349015673
1.2513906250000009,4903136.363109554
1.2613906250000009,4903136.376738669
1.2713906250000009,4903136.390453398
1.281390625000001,4903136.404246475
1.291390625000001,4903136.417820387
1.301390625000001,4903136.431625083
1.311390625000001,4903136.445497368
1.321390625000001,4903136.459372879
1.331390625000001,4903136.473968522
1.341390625000001,4903136.488585178
1.351390625000001,4903136.503065705
1.361390625000001,4903136.517109415
1.371390625000001,4903136.531544046
1.381390625000001,4903136.546186943
1.391390625000001,4903136.560711906
1.401390625000001,4903136.576116773
1.411390625000001,4903136.590477553
1.421390625000001,4903136.604873178
1.431390625000001,4903136.619380798
1.441390625000001,4903136.634631832
1.451390625000001,4903136.649473267
1.461390625000001,4903136.665030601
1.471390625000001,4903136.680776955
1.481390625000001,4903136.696862117
1.491390625000001,4903136.712539161
1.501390625000001,4903136.728425484
1.511390625000001,4903136.743402852
1.521390625000001,4903136.758357309
1.5313906250000011,4903136.773027889
1.5413906250000011,4903136.796265634
1.5513906250000011,4903136.81243826
1.5613906250000011,4903136.827116422
1.5713906250000012,4903136.841673458
1.5813906250000012,4903136.85697944
1.5913906250000012,4903136.872848131
1.6013906250000012,4903136.887499121
1.6113906250000012,4903136.902039277
1.6213906250000012,4903136.918053474
1.6313906250000012,4903136.932635974
1.6413906250000012,4903136.947319409
1.6513906250000012,4903136.961701426
1.6613906250000012,4903136.97589374
1.6713906250000012,4903136.98920192
1.6813906250000012,4903137.004696724
1.6913906250000013,4903137.019521688
1.7013906250000013,4903137.033616711
1.7113906250000013,4903137.047550918
1.7213906250000013,4903137.063007348
1.7313906250000013,4903137.079078283
1.7413906250000013,4903137.093810292
1.7513906250000013,4903137.108690936
1.7613906250000013,4903137.123411539
1.7713906250000013,4903137.138726897
1.7813906250000013,4903137.154357815
1.7913906250000013,4903137.168743418
1.8013906250000014,4903137.183676344
1.8113906250000014,4903137.199315898
1.8213906250000014,4903137.214700928
1.8313906250000014,4903137.228935794
1.8413906250000014,4903137.244259622
1.8513906250000014,4903137.259727226
1.8613906250000014,4903137.274371898
1.8713906250000014,4903137.288765747
1.8813906250000014,4903137.303373329
1.8913906250000014,4903137.318201879
1.9013906250000014,4903137.333035323
1.9113906250000015,4903137.348847564
1.9213906250000015,4903137.364449869
1.9313906250000015,4903137.379594272
1.9413906250000015,4903137.393907273
1.9513906250000015,4903137.40899002
1.9613906250000015,4903137.422717975
1.9713906250000015,4903137.436361633
1.9813906250000015,4903137.451011087
1.9913906250000015,4903137.465768456
2.0013906250000013,4903137.479410799
2.011390625000001,4903137.493099765
2.021390625000001,4903137.507144177
2.0313906250000007,4903137.520953349
2.0413906250000005,4903137.534731303
2.0513906250000002,4903137.548793831
2.061390625,4903137.563921188
2.071390625,4903137.57912934
2.0813906249999996,4903137.593992438
2.0913906249999994,4903137.608440071
2.101390624999999,4903137.622725322
2.111390624999999,4903137.637109303
2.1213906249999988,4903137.651564328
2.1313906249999985,4903137.665770567
2.1413906249999983,4903137.681597504
2.151390624999998,4903137.696150114
2.161390624999998,4903137.710541352
2.1713906249999977,4903137.724918872
2.1813906249999975,4903137.739374717
2.1913906249999973,4903137.753878086
2.201390624999997,4903137.768322937
2.211390624999997,4903137.781769465
2.2213906249999966,4903137.795133422
2.2313906249999964,4903137.81055662
2.241390624999996,4903137.825374001
2.251390624999996,4903137.840308076
2.2613906249999958,4903137.854898211
2.2713906249999956,4903137.869750013
2.2813906249999953,4903137.883317811
2.291390624999995,4903137.897510111
2.301390624999995,4903137.913338394
2.3113906249999947,4903137.928204815
2.3213906249999945,4903137.942550395
2.3313906249999943,4903137.957120583
2.341390624999994,4903137.971677659
2.351390624999994,4903137.987101499
2.3613906249999936,4903138.00296141
2.3713906249999934,4903138.018011876
2.381390624999993,4903138.033642388
2.391390624999993,4903138.049685813
2.401390624999993,4903138.066552544
2.4113906249999926,4903138.083265247
2.4213906249999924,4903138.099216289
2.431390624999992,4903138.11463361
2.441390624999992,4903138.129760427
2.4513906249999917,4903138.14426306
2.4613906249999915,4903138.161380042
2.4713906249999913,4903138.176702747
2.481390624999991,4903138.191789235
2.491390624999991,4903138.206618324
2.5013906249999907,4903138.221937566
2.5113906249999904,4903138.236111493
2.5213906249999902,4903138.249874053
2.53139062499999,4903138.265475255
2.54139062499999,4903138.279324582
2.5513906249999896,4903138.292916457
2.5613906249999894,4903138.306803323
2.571390624999989,4903138.320478113
2.581390624999989,4903138.334393082
2.5913906249999887,4903138.348281198
2.6013906249999885,4903138.364659698
2.6113906249999883,4903138.38021819
2.621390624999988,4903138.394840611
2.631390624999988,4903138.409714706
2.6413906249999877,4903138.423682748
2.6513906249999875,4903138.437342451
2.6613906249999872,4903138.450910053
2.671390624999987,4903138.464793789
2.681390624999987,4903138.478180176
2.6913906249999866,4903138.49312101
2.7013906249999864,4903138.507925478
2.711390624999986,4903138.521653478
2.721390624999986,4903138.535567445
2.7313906249999858,4903138.549400799
2.7413906249999855,4903138.563596084
2.7513906249999853,4903138.577148646
2.761390624999985,4903138.592086484
2.771390624999985,4903138.608643847
2.7813906249999847,4903138.622593639
2.7913906249999845,4903138.636416163
2.8013906249999843,4903138.650083374
2.811390624999984,4903138.664181672
2.821390624999984,4903138.679682221
2.8313906249999836,4903138.695049387
2.8413906249999834,4903138.709321615
2.851390624999983,4903138.723093945
2.861390624999983,4903138.737178598
2.8713906249999828,4903138.751283711
2.8813906249999826,4903138.765426597
2.8913906249999823,4903138.779093407
2.901390624999982,4903138.79246797
2.911390624999982,4903138.806786123
2.9213906249999817,4903138.821696905
2.9313906249999815,4903138.836827064
2.9413906249999813,4903138.851877429
2.951390624999981,4903138.866741327
2.961390624999981,4903138.880915986
2.9713906249999806,4903138.89428538
2.9813906249999804,4903138.908079169
2.99139062499998,4903138.923120016
3.00139062499998,4903138.93733226
3.01139062499998,4903138.950994109
3.0213906249999796,4903138.964914496
3.0313906249999794,4903138.978591682
3.041390624999979,4903138.992660595
3.051390624999979,4903139.007829667
3.0613906249999787,4903139.023196508
3.0713906249999785,4903139.038321846
3.0813906249999783,4903139.053184389
3.091390624999978,4903139.069196389
3.101390624999978,4903139.087130222
3.1113906249999776,4903139.103410395
3.1213906249999774,4903139.11861684
3.1313906249999772,4903139.134418042
3.141390624999977,4903139.149445587
3.151390624999977,4903139.164401575
3.1613906249999766,4903139.178340088
3.1713906249999764,4903139.193014867
3.181390624999976,4903139.208348776
3.191390624999976,4903139.226690669
3.2013906249999757,4903139.243947396
3.2113906249999755,4903139.262532789
3.2213906249999753,4903139.279939766
3.231390624999975,4903139.296625874
3.241390624999975,4903139.312239596
3.2513906249999747,4903139.327954619
3.2613906249999745,4903139.342923365
3.2713906249999742,4903139.35822831
3.281390624999974,4903139.372619766
3.291390624999974,4903139.387341824
3.3013906249999736,4903139.401593528
3.3113906249999734,4903139.41551453
3.321390624999973,4903139.429119394
3.331390624999973,4903139.44278125
3.3413906249999727,4903139.457470688
3.3513906249999725,4903139.47150559
3.3613906249999723,4903139.487259073
3.371390624999972,4903139.50256383
3.381390624999972,4903139.517983524
3.3913906249999717,4903139.532777665
3.4013906249999715,4903139.547081384
3.4113906249999713,4903139.561672281
3.421390624999971,4903139.575823643
3.431390624999971,4903139.590649289
3.4413906249999706,4903139.604693856
3.4513906249999704,4903139.61874142
3.46139062499997,4903139.632664541
3.47139062499997,4903139.64706672
3.4813906249999698,4903139.661810216
3.4913906249999695,4903139.676376945
3.5013906249999693,4903139.691193869
3.511390624999969,4903139.705876803
3.521390624999969,4903139.720863485
3.5313906249999687,4903139.735920826
3.5413906249999685,4903139.750151488
3.5513906249999683,4903139.764008166
3.561390624999968,4903139.777561092
3.571390624999968,4903139.791244247
3.5813906249999676,4903139.804968777
3.5913906249999674,4903139.820084684
3.601390624999967,4903139.835406173
3.611390624999967,4903139.850249994
3.621390624999967,4903139.865068565
3.6313906249999666,4903139.87855364
3.6413906249999664,4903139.892492311
3.651390624999966,4903139.906316905
3.661390624999966,4903139.920779067
3.6713906249999657,4903139.935020581
3.6813906249999655,4903139.949173636
3.6913906249999653,4903139.963030174
3.701390624999965,4903139.977354094
3.711390624999965,4903139.992167199
3.7213906249999646,4903140.007404424
3.7313906249999644,4903140.022255985
3.741390624999964,4903140.037430663
3.751390624999964,4903140.051520428
3.761390624999964,4903140.066323147
3.7713906249999636,4903140.08247613
3.7813906249999634,4903140.099074731
3.791390624999963,4903140.115264927
3.801390624999963,4903140.131444446
3.8113906249999627,4903140.146711434
3.8213906249999625,4903140.162937107
3.8313906249999623,4903140.177492444
3.841390624999962,4903140.191470729
3.851390624999962,4903140.205189545
3.8613906249999617,4903140.219315839
3.8713906249999614,4903140.233097679
3.8813906249999612,4903140.247653858
3.891390624999961,4903140.263873977
3.901390624999961,4903140.278910558
3.9113906249999606,4903140.293930114
3.9213906249999604,4903140.30924573
3.93139062499996,4903140.323580735
3.94139062499996,4903140.337509211
3.9513906249999597,4903140.351493825
3.9613906249999595,4903140.365813126
3.9713906249999593,4903140.379877172
3.981390624999959,4903140.395085117
3.991390624999959,4903140.409980753
4.001390624999959,4903140.424776672
4.011390624999959,4903140.439234015
4.021390624999959,4903140.45467552
4.0313906249999585,4903140.468439248
4.041390624999958,4903140.481777924
4.051390624999958,4903140.496895985
4.061390624999958,4903140.511377953
4.071390624999958,4903140.524984324
4.081390624999957,4903140.53928438
4.091390624999957,4903140.553015689
4.101390624999957,4903140.566920721
4.111390624999957,4903140.580272324
4.121390624999957,4903140.595514295
4.131390624999956,4903140.609782499
4.141390624999956,4903140.623776017
4.151390624999956,4903140.637502982
4.161390624999956,4903140.651171407
4.1713906249999555,4903140.665260608
4.181390624999955,4903140.678663021
4.191390624999955,4903140.692354944
4.201390624999955,4903140.706297592
4.211390624999955,4903140.721488794
4.221390624999954,4903140.735712073
4.231390624999954,4903140.749397833
4.241390624999954,4903140.763359773
4.251390624999954,4903140.77733065
4.261390624999954,4903140.790852244
4.271390624999953,4903140.804520186
4.281390624999953,4903140.819822062
4.291390624999953,4903140.834625956
4.301390624999953,4903140.849808533
4.3113906249999525,4903140.864068337
4.321390624999952,4903140.878736307
4.331390624999952,4903140.89220906
4.341390624999952,4903140.905746846
4.351390624999952,4903140.919535855
4.3613906249999514,4903140.933020988
4.371390624999951,4903140.946856394
4.381390624999951,4903140.96162199
4.391390624999951,4903140.975688569
4.401390624999951,4903140.989486467
4.41139062499995,4903141.004600344
4.42139062499995,4903141.01976206
4.43139062499995,4903141.034149729
4.44139062499995,4903141.047900414
4.4513906249999495,4903141.063847104
4.461390624999949,4903141.080472427
4.471390624999949,4903141.096013092
4.481390624999949,4903141.110498278
4.491390624999949,4903141.125968995
4.5013906249999485,4903141.140674967
4.511390624999948,4903141.154832288
4.521390624999948,4903141.17068407
4.531390624999948,4903141.185262002
4.541390624999948,4903141.199219245
4.551390624999947,4903141.213050123
4.561390624999947,4903141.226508406
4.571390624999947,4903141.240543163
4.581390624999947,4903141.254740614
4.5913906249999465,4903141.269949924
4.601390624999946,4903141.284789835
4.611390624999946,4903141.299710852
4.621390624999946,4903141.314625587
4.631390624999946,4903141.329117707
4.6413906249999455,4903141.343020685
4.651390624999945,4903141.357446114
4.661390624999945,4903141.373196831
4.671390624999945,4903141.387997734
4.681390624999945,4903141.402381017
4.691390624999944,4903141.417066659
4.701390624999944,4903141.431267155
4.711390624999944,4903141.446809434
4.721390624999944,4903141.46207749
4.731390624999944,4903141.477460405
4.741390624999943,4903141.491923369
4.751390624999943,4903141.507151815
4.761390624999943,4903141.522259326
4.771390624999943,4903141.536519464
4.7813906249999425,4903141.55130063
4.791390624999942,4903141.566399064
4.801390624999942,4903141.580895227
4.811390624999942,4903141.594947197
4.821390624999942,4903141.610228635
4.831390624999941,4903141.624472465
4.841390624999941,4903141.638353411
4.851390624999941,4903141.651903802
4.861390624999941,4903141.666052143
4.871390624999941,4903141.679499225
4.88139062499994,4903141.693264046
4.89139062499994,4903141.707010947
4.90139062499994,4903141.720876151
4.91139062499994,4903141.736163231
4.9213906249999395,4903141.750250909
4.931390624999939,4903141.764187504
4.941390624999939,4903141.7779566
4.951390624999939,4903141.791585592
4.961390624999939,4903141.805580252
4.9713906249999384,4903141.819519658
4.981390624999938,4903141.834494049
4.991390624999938,4903141.849357041
5.001390624999938,4903141.864698459
5.011390624999938,4903141.879317226
5.021390624999937,4903141.893967773
5.031390624999937,4903141.907601133
5.041390624999937,4903141.921458338
5.051390624999937,4903141.935975778
5.0613906249999365,4903141.950166338
5.071390624999936,4903141.964128478
5.081390624999936,4903141.97787752
5.091390624999936,4903141.991511485
5.101390624999936,4903142.006372535
5.1113906249999355,4903142.021117412
5.121390624999935,4903142.035881442
5.131390624999935,4903142.050331084
5.141390624999935,4903142.064383297
5.151390624999935,4903142.081195926
5.161390624999934,4903142.097214228
5.171390624999934,4903142.112486648
5.181390624999934,4903142.127932182
5.191390624999934,4903142.142821457
5.2013906249999335,4903142.157437646
5.211390624999933,4903142.172546574
5.221390624999933,4903142.187629212
5.231390624999933,4903142.201754795
5.241390624999933,4903142.215896612
5.2513906249999325,4903142.229386201
5.261390624999932,4903142.243207238
5.271390624999932,4903142.258719393
5.281390624999932,4903142.276062484
5.291390624999932,4903142.293410062
5.301390624999931,4903142.308755254
5.311390624999931,4903142.323665723
5.321390624999931,4903142.337442658
5.331390624999931,4903142.351186342
5.341390624999931,4903142.365074881
5.35139062499993,4903142.379477715
5.36139062499993,4903142.394385826
5.37139062499993,4903142.408304598
5.38139062499993,4903142.422051619
5.3913906249999295,4903142.436351449
5.401390624999929,4903142.451395865
5.411390624999929,4903142.465732704
5.421390624999929,4903142.48044846
5.431390624999929,4903142.494166644
5.441390624999928,4903142.507821961
5.451390624999928,4903142.523015485
5.461390624999928,4903142.537254819
5.471390624999928,4903142.551099468
5.481390624999928,4903142.574268903
5.491390624999927,4903142.588027635
5.501390624999927,4903142.601537128
5.511390624999927,4903142.616113331
5.521390624999927,4903142.630565975
5.5313906249999265,4903142.644616265
5.541390624999926,4903142.659446323
5.551390624999926,4903142.673756402
5.561390624999926,4903142.687398876
5.571390624999926,4903142.701219235
5.581390624999925,4903142.716265474
5.591390624999925,4903142.730191
5.601390624999925,4903142.743929894
5.611390624999925,4903142.757680364
5.621390624999925,4903142.771448031
5.631390624999924,4903142.78492209
5.641390624999924,4903142.798456119
5.651390624999924,4903142.812364636
5.661390624999924,4903142.8259526
5.6713906249999235,4903142.840376118
5.681390624999923,4903142.854915454
5.691390624999923,4903142.86961246
5.701390624999923,4903142.884683639
5.711390624999923,4903142.899080104
5.7213906249999225,4903142.913978202
5.731390624999922,4903142.927590255
5.741390624999922,4903142.942369528
5.751390624999922,4903142.956703896
5.761390624999922,4903142.970584892
5.771390624999921,4903142.984178824
5.781390624999921,4903142.998635788
5.791390624999921,4903143.01291692
5.801390624999921,4903143.027522768
5.8113906249999205,4903143.042442024
5.82139062499992,4903143.056620882
5.83139062499992,4903143.07212486
5.84139062499992,4903143.088989716
5.85139062499992,4903143.105028132
5.8613906249999195,4903143.120902018
5.871390624999919,4903143.135722126
5.881390624999919,4903143.15034839
5.891390624999919,4903143.166014078
5.901390624999919,4903143.180537109
5.911390624999918,4903143.194872412
5.921390624999918,4903143.209213988
5.931390624999918,4903143.223099788
5.941390624999918,4903143.236584686
5.9513906249999176,4903143.250287827
5.961390624999917,4903143.264134176
5.971390624999917,4903143.27795475
5.981390624999917,4903143.293482472
5.991390624999917,4903143.308977674
6.0013906249999165,4903143.324189992
6.011390624999916,4903143.338876351
6.021390624999916,4903143.352721701
6.031390624999916,4903143.366916468
6.041390624999916,4903143.380958011
6.051390624999915,4903143.394989784
6.061390624999915,4903143.410389473
6.071390624999915,4903143.42439448
6.081390624999915,4903143.438139951
6.091390624999915,4903143.45180395
6.101390624999914,4903143.465609732
6.111390624999914,4903143.479748109
6.121390624999914,4903143.49405073
6.131390624999914,4903143.508850958
6.1413906249999135,4903143.522977945
6.151390624999913,4903143.536627129
6.161390624999913,4903143.551045855
6.171390624999913,4903143.565586398
6.181390624999913,4903143.57992427
6.191390624999912,4903143.59395652
6.201390624999912,4903143.608189816
6.211390624999912,4903143.623168508
6.221390624999912,4903143.638874575
6.231390624999912,4903143.6533556
6.241390624999911,4903143.6697787
6.251390624999911,4903143.684213536
6.261390624999911,4903143.698558692
6.271390624999911,4903143.713040461
6.2813906249999105,4903143.728916535
6.29139062499991,4903143.744486724
6.30139062499991,4903143.760545157
6.31139062499991,4903143.775534819
6.32139062499991,4903143.790451894
6.3313906249999095,4903143.804249073
6.341390624999909,4903143.818007335
6.351390624999909,4903143.831521283
6.361390624999909,4903143.845282918
6.371390624999909,4903143.860255586
6.381390624999908,4903143.874731186
6.391390624999908,4903143.888240227
6.401390624999908,4903143.902178749
6.411390624999908,4903143.91643377
6.4213906249999075,4903143.930803122
6.431390624999907,4903143.945497682
6.441390624999907,4903143.960620952
6.451390624999907,4903143.975104078
6.461390624999907,4903143.988776182
6.4713906249999065,4903144.003403344
6.481390624999906,4903144.017432632
6.491390624999906,4903144.031022397
6.501390624999906,4903144.044974679
6.511390624999906,4903144.058855543
6.521390624999905,4903144.073455896
6.531390624999905,4903144.09021061
6.541390624999905,4903144.106399958
6.551390624999905,4903144.121836094
6.5613906249999046,4903144.136574875
6.571390624999904,4903144.151279235
6.581390624999904,4903144.166184099
6.591390624999904,4903144.180430983
6.601390624999904,4903144.195016796
6.6113906249999035,4903144.209561364
6.621390624999903,4903144.223382013
6.631390624999903,4903144.236904405
6.641390624999903,4903144.250551055
6.651390624999903,4903144.264616803
6.661390624999902,4903144.278717104
6.671390624999902,4903144.293810495
6.681390624999902,4903144.309887682
6.691390624999902,4903144.325407705
6.701390624999902,4903144.340266517
6.711390624999901,4903144.35423625
6.721390624999901,4903144.368198998
6.731390624999901,4903144.382074072
6.741390624999901,4903144.395732975
6.7513906249999005,4903144.410493697
6.7613906249999,4903144.42431682
6.7713906249999,4903144.438023314
6.7813906249999,4903144.451934897
6.7913906249999,4903144.466639722
6.801390624999899,4903144.481217172
6.811390624999899,4903144.495607509
6.821390624999899,4903144.510595199
6.831390624999899,4903144.525201661
6.841390624999899,4903144.539147513
6.851390624999898,4903144.552727101
6.861390624999898,4903144.567103304
6.871390624999898,4903144.580913806
6.881390624999898,4903144.594310417
6.8913906249998975,4903144.608200415
6.901390624999897,4903144.622382738
6.911390624999897,4903144.636819746
6.921390624999897,4903144.651525439
6.931390624999897,4903144.665563567
6.9413906249998965,4903144.679454879
6.951390624999896,4903144.693294215
6.961390624999896,4903144.707011722
6.971390624999896,4903144.720853557
6.981390624999896,4903144.735285952
6.991390624999895,4903144.749603077
7.001390624999895,4903144.764967654
7.011390624999895,4903144.779814529
7.021390624999895,4903144.794145738
7.0313906249998945,4903144.808525779
7.041390624999894,4903144.822580521
7.051390624999894,4903144.836674762
7.061390624999894,4903144.851567305
7.071390624999894,4903144.867119626
7.0813906249998935,4903144.880988417
7.091390624999893,4903144.894415352
7.101390624999893,4903144.908010966
7.111390624999893,4903144.922302523
7.121390624999893,4903144.935845965
7.131390624999892,4903144.949446849
7.141390624999892,4903144.963333647
7.151390624999892,4903144.978685201
7.161390624999892,4903144.992514755
7.1713906249998915,4903145.007041958
7.181390624999891,4903145.021232903
7.191390624999891,4903145.034798062
7.201390624999891,4903145.048651311
7.211390624999891,4903145.063131615
7.2213906249998905,4903145.079274781
7.23139062499989,4903145.095113711
7.24139062499989,4903145.110016384
7.25139062499989,4903145.12556206
7.26139062499989,4903145.140477439
7.271390624999889,4903145.154617409
7.281390624999889,4903145.169659812
7.291390624999889,4903145.183693961
7.301390624999889,4903145.197677484
7.311390624999889,4903145.213412672
7.321390624999888,4903145.227454569
7.331390624999888,4903145.241358879
7.341390624999888,4903145.25511249
7.351390624999888,4903145.269331085
7.3613906249998875,4903145.283362423
7.371390624999887,4903145.296941713
7.381390624999887,4903145.313888309
7.391390624999887,4903145.329880077
7.401390624999887,4903145.345157322
7.411390624999886,4903145.359488478
7.421390624999886,4903145.373378721
7.431390624999886,4903145.38705561
7.441390624999886,4903145.400688845
7.451390624999886,4903145.416278009
7.461390624999885,4903145.430215268
7.471390624999885,4903145.444138
7.481390624999885,4903145.457947174
7.491390624999885,4903145.473364166
7.5013906249998845,4903145.488212469
7.511390624999884,4903145.502892745
7.521390624999884,4903145.518289009
7.531390624999884,4903145.532580491
7.541390624999884,4903145.546824444
7.5513906249998834,4903145.561570646
7.561390624999883,4903145.575964181
7.571390624999883,4903145.589771348
7.581390624999883,4903145.6039591
7.591390624999883,4903145.618311967
7.601390624999882,4903145.632234902
7.611390624999882,4903145.647577208
7.621390624999882,4903145.662279189
7.631390624999882,4903145.676428879
7.6413906249998815,4903145.690515063
7.651390624999881,4903145.704399195
7.661390624999881,4903145.718799002
7.671390624999881,4903145.733136296
7.681390624999881,4903145.748846506
7.6913906249998805,4903145.76344476
7.70139062499988,4903145.777820484
7.71139062499988,4903145.791807583
7.72139062499988,4903145.805876827
7.73139062499988,4903145.82036241
7.741390624999879,4903145.835218738
7.751390624999879,4903145.849994532
7.761390624999879,4903145.865048996
7.771390624999879,4903145.881316366
7.7813906249998785,4903145.897065752
7.791390624999878,4903145.915538105
7.801390624999878,4903145.935813993
7.811390624999878,4903145.951241095
7.821390624999878,4903145.967848592
7.8313906249998775,4903145.984135528
7.841390624999877,4903145.999863337
7.851390624999877,4903146.015836628
7.861390624999877,4903146.031503114
7.871390624999877,4903146.047385428
7.881390624999876,4903146.063593308
7.891390624999876,4903146.081887568
7.901390624999876,4903146.101805588
7.911390624999876,4903146.120790059
7.921390624999876,4903146.137920854
7.931390624999875,4903146.15430072
7.941390624999875,4903146.170998505
7.951390624999875,4903146.186900733
7.961390624999875,4903146.202208013
7.9713906249998745,4903146.220012034
7.981390624999874,4903146.235770755
7.991390624999874,4903146.251501867
8.001390624999875,4903146.268898422
8.011390624999875,4903146.284552449
8.021390624999874,4903146.301498072
8.031390624999874,4903146.319362589
8.041390624999874,4903146.336598274
8.051390624999874,4903146.352953874
8.061390624999873,4903146.369808513
8.071390624999873,4903146.387803937
8.081390624999873,4903146.405254442
8.091390624999873,4903146.423278964
8.101390624999873,4903146.438850866
8.111390624999872,4903146.454020842
8.121390624999872,4903146.469389652
8.131390624999872,4903146.484567492
8.141390624999872,4903146.499362141
8.151390624999872,4903146.514606436
8.161390624999871,4903146.53114108
8.171390624999871,4903146.549531793
8.181390624999871,4903146.566959493
8.19139062499987,4903146.584374103
8.20139062499987,4903146.601314556
8.21139062499987,4903146.61971249
8.22139062499987,4903146.639304729
8.23139062499987,4903146.65884057
8.24139062499987,4903146.677708124
8.25139062499987,4903146.695606498
8.26139062499987,4903146.71388358
8.271390624999869,4903146.732841238
8.281390624999869,4903146.752845425
8.291390624999869,4903146.773182253
8.301390624999868,4903146.793239511
8.311390624999868,4903146.813752145
8.321390624999868,4903146.834669146
8.331390624999868,4903146.857930242
8.341390624999867,4903146.880058946
8.351390624999867,4903146.897988415
8.361390624999867,4903146.916502786
8.371390624999867,4903146.933897693
8.381390624999867,4903146.951966661
8.391390624999866,4903146.971394094
8.401390624999866,4903146.991170454
8.411390624999866,4903147.011115985
8.421390624999866,4903147.030272947
8.431390624999866,4903147.048450082
8.441390624999865,4903147.066526628
8.451390624999865,4903147.086833331
8.461390624999865,4903147.109013314
8.471390624999865,4903147.130324095
8.481390624999865,4903147.151117067
8.491390624999864,4903147.170242178
8.501390624999864,4903147.191067474
8.511390624999864,4903147.211582532
8.521390624999864,4903147.231322432
8.531390624999863,4903147.250250617
8.541390624999863,4903147.270040146
8.551390624999863,4903147.28941898
8.561390624999863,4903147.309840319
8.571390624999863,4903147.331681792
8.581390624999862,4903147.352136465
8.591390624999862,4903147.372363267
8.601390624999862,4903147.391122067
8.611390624999862,4903147.408358829
8.621390624999862,4903147.427901392
8.631390624999861,4903147.449962871
8.641390624999861,4903147.47059206
8.651390624999861,4903147.491684585
8.66139062499986,4903147.511836147
8.67139062499986,4903147.532169389
8.68139062499986,4903147.554106398
8.69139062499986,4903147.5728837
8.70139062499986,4903147.591480078
8.71139062499986,4903147.609713849
8.72139062499986,4903147.629248845
8.73139062499986,4903147.650615808
8.741390624999859,4903147.668324835
8.751390624999859,4903147.684939358
8.761390624999859,4903147.701433276
8.771390624999858,4903147.718862833
8.781390624999858,4903147.737084439
8.791390624999858,4903147.754589037
8.801390624999858,4903147.773653846
8.811390624999857,4903147.792698878
8.821390624999857,4903147.812345592
8.831390624999857,4903147.833034249
8.841390624999857,4903147.85065507
8.851390624999857,4903147.868898581
8.861390624999856,4903147.886785054
8.871390624999856,4903147.902665032
8.881390624999856,4903147.918932696
8.891390624999856,4903147.934592702
8.901390624999856,4903147.953113194
8.911390624999855,4903147.972543518
8.921390624999855,4903147.991789591
8.931390624999855,4903148.013125489
8.941390624999855,4903148.03281403
8.951390624999854,4903148.053519833
8.961390624999854,4903148.072696535
8.971390624999854,4903148.096693764
8.981390624999854,4903148.123357877
8.991390624999854,4903148.147522798
9.001390624999853,4903148.169133269
9.011390624999853,4903148.190266871
9.021390624999853,4903148.210204806
9.031390624999853,4903148.230538888
9.041390624999853,4903148.251981047
9.051390624999852,4903148.272481589
9.061390624999852,4903148.29445044
9.071390624999852,4903148.320175077
9.081390624999852,4903148.343440589
9.091390624999852,4903148.370219082
9.101390624999851,4903148.397844369
9.111390624999851,4903148.426779951
9.12139062499985,4903148.449380953
9.13139062499985,4903148.468935128
9.14139062499985,4903148.487747471
9.15139062499985,4903148.506227164
9.16139062499985,4903148.5244852
9.17139062499985,4903148.543042277
9.18139062499985,4903148.56228953
9.19139062499985,4903148.581132969
9.20139062499985,4903148.599964981
9.211390624999849,4903148.619924818
9.221390624999849,4903148.639997185
9.231390624999849,4903148.65749025
9.241390624999848,4903148.672698348
9.251390624999848,4903148.686988296
9.261390624999848,4903148.700524646
9.271390624999848,4903148.714377549
9.281390624999847,4903148.728574017
9.291390624999847,4903148.742557011
9.301390624999847,4903148.757084096
9.311390624999847,4903148.774236345
9.321390624999847,4903148.792341562
9.331390624999846,4903148.810711236
9.341390624999846,4903148.828880395
9.351390624999846,4903148.846744829
9.361390624999846,4903148.863217558
9.371390624999846,4903148.879166579
9.381390624999845,4903148.895030066
9.391390624999845,4903148.911194051
9.401390624999845,4903148.926679252
9.411390624999845,4903148.942131041
9.421390624999844,4903148.956643423
9.431390624999844,4903148.970886134
9.441390624999844,4903148.986029128
9.451390624999844,4903149.002154854
9.461390624999844,4903149.017166262
9.471390624999843,4903149.031779795
9.481390624999843,4903149.046237424
9.491390624999843,4903149.0622416
9.501390624999843,4903149.077649387
9.511390624999843,4903149.095632084
9.521390624999842,4903149.113232528
9.531390624999842,4903149.13030558
9.541390624999842,4903149.146254345
9.551390624999842,4903149.161511283
9.561390624999841,4903149.177069101
9.571390624999841,4903149.192755668
9.581390624999841,4903149.207141982
9.59139062499984,4903149.222461057
9.60139062499984,4903149.23732618
9.61139062499984,4903149.251883083
9.62139062499984,4903149.266113046
9.63139062499984,4903149.28037808
9.64139062499984,4903149.294505635
9.65139062499984,4903149.309434411
9.66139062499984,4903149.324662254
9.67139062499984,4903149.34070012
9.681390624999839,4903149.35578027
9.691390624999839,4903149.371108341
9.701390624999839,4903149.386545935
9.711390624999838,4903149.401293636
9.721390624999838,4903149.415717495
9.731390624999838,4903149.429953351
9.741390624999838,4903149.444303872
9.751390624999837,4903149.4588068
9.761390624999837,4903149.47435374
9.771390624999837,4903149.488612065
9.781390624999837,4903149.502655225
9.791390624999837,4903149.516878448
9.801390624999836,4903149.531034089
9.811390624999836,4903149.545377028
9.821390624999836,4903149.560996523
9.831390624999836,4903149.576057265
9.841390624999836,4903149.590531324
9.851390624999835,4903149.604555109
9.861390624999835,4903149.618877232
9.871390624999835,4903149.633076033
9.881390624999835,4903149.646854499
9.891390624999834,4903149.662227867
9.901390624999834,4903149.676537085
9.911390624999834,4903149.690588368
9.921390624999834,4903149.704843506
9.931390624999834,4903149.719722753
9.941390624999833,4903149.734577331
9.951390624999833,4903149.749661422
9.961390624999833,4903149.76360197
9.971390624999833,4903149.777443097
9.981390624999833,4903149.792558858
9.991390624999832,4903149.807568598
10.001390624999832,4903149.822780654
10.011390624999832,4903149.837868543
10.021390624999832,4903149.853743453
10.031390624999831,4903149.868701632
10.041390624999831,4903149.883570299
10.051390624999831,4903149.899766091
10.06139062499983,4903149.914843433
10.07139062499983,4903149.929851095
10.08139062499983,4903149.944863563
10.09139062499983,4903149.969703844
10.10139062499983,4903149.985569328
10.11139062499983,4903150.001263797
10.12139062499983,4903150.016793568
10.13139062499983,4903150.032959577
10.14139062499983,4903150.047965909
10.151390624999829,4903150.06289309
10.161390624999829,4903150.077966009
10.171390624999828,4903150.094747792
10.181390624999828,4903150.11106724
10.191390624999828,4903150.126982841
10.201390624999828,4903150.143524181
10.211390624999828,4903150.159818032
10.221390624999827,4903150.174859777
10.231390624999827,4903150.190439283
10.241390624999827,4903150.204828181
10.251390624999827,4903150.219011701
10.261390624999827,4903150.233730046
10.271390624999826,4903150.248464007
10.281390624999826,4903150.262515956
10.291390624999826,4903150.276473687
10.301390624999826,4903150.290663044
10.311390624999826,4903150.305016547
10.321390624999825,4903150.320206979
10.331390624999825,4903150.335371087
10.341390624999825,4903150.351011853
10.351390624999825,4903150.365592973
10.361390624999824,4903150.380666468
10.371390624999824,4903150.395545769
10.381390624999824,4903150.410121699
10.391390624999824,4903150.424116929
10.401390624999824,4903150.437697654
10.411390624999823,4903150.452152349
10.421390624999823,4903150.466811183
10.431390624999823,4903150.48166377
10.441390624999823,4903150.496015279
10.451390624999823,4903150.510228938
10.461390624999822,4903150.524535049
10.471390624999822,4903150.539952362
10.481390624999822,4903150.555091247
10.491390624999822,4903150.572063489
10.501390624999821,4903150.587731879
10.511390624999821,4903150.602507936
10.521390624999821,4903150.618312117
10.53139062499982,4903150.634016325
10.54139062499982,4903150.650057465
10.55139062499982,4903150.66564268
10.56139062499982,4903150.681231525
10.57139062499982,4903150.698009108
10.58139062499982,4903150.713559631
10.59139062499982,4903150.728941235
10.60139062499982,4903150.743442581
10.611390624999819,4903150.758060677
10.621390624999819,4903150.772250362
10.631390624999819,4903150.787220075
10.641390624999818,4903150.801904337
10.651390624999818,4903150.817630566
10.661390624999818,4903150.833876264
10.671390624999818,4903150.849548009
10.681390624999818,4903150.864805412
10.691390624999817,4903150.878915188
10.701390624999817,4903150.894075326
10.711390624999817,4903150.908496013
10.721390624999817,4903150.922814824
10.731390624999817,4903150.937100637
10.741390624999816,4903150.951407609
10.751390624999816,4903150.965718327
10.761390624999816,4903150.980938414
10.771390624999816,4903150.996422185
10.781390624999815,4903151.011513524
10.791390624999815,4903151.027056713
10.801390624999815,4903151.041961735
10.811390624999815,4903151.056226523
10.821390624999815,4903151.0705612
10.831390624999814,4903151.085837364
10.841390624999814,4903151.102403466
10.851390624999814,4903151.117804441
10.861390624999814,4903151.133285956
10.871390624999814,4903151.149485394
10.881390624999813,4903151.164877805
10.891390624999813,4903151.179958017
10.901390624999813,4903151.194985762
10.911390624999813,4903151.209219764
10.921390624999813,4903151.223557611
10.931390624999812,4903151.238411528
10.941390624999812,4903151.253116297
10.951390624999812,4903151.267289398
10.961390624999812,4903151.281655417
10.971390624999811,4903151.295741496
10.981390624999811,4903151.309857806
10.991390624999811,4903151.324788864
11.00139062499981,4903151.340113068
11.01139062499981,4903151.355734895
11.02139062499981,4903151.371028553
11.03139062499981,4903151.385628107
11.04139062499981,4903151.400282343
11.05139062499981,4903151.414966822
11.06139062499981,4903151.429198195
11.07139062499981,4903151.443226399
11.081390624999809,4903151.457390638
11.091390624999809,4903151.471850051
11.101390624999809,4903151.487177052
11.111390624999808,4903151.501216291
11.121390624999808,4903151.515216224
11.131390624999808,4903151.529360206
11.141390624999808,4903151.543566494
11.151390624999808,4903151.558308066
11.161390624999807,4903151.573450909
11.171390624999807,4903151.588256131
11.181390624999807,4903151.601998371
11.191390624999807,4903151.616096102
11.201390624999807,4903151.63033488
11.211390624999806,4903151.644918167
11.221390624999806,4903151.659757985
11.231390624999806,4903151.67461487
11.241390624999806,4903151.68944601
11.251390624999805,4903151.704733214
11.261390624999805,4903151.719808334
11.271390624999805,4903151.734331989
11.281390624999805,4903151.748969754
11.291390624999805,4903151.763474886
11.301390624999804,4903151.778148988
11.311390624999804,4903151.792960728
11.321390624999804,4903151.808381584
11.331390624999804,4903151.824234393
11.341390624999804,4903151.839702231
11.351390624999803,4903151.855288438
11.361390624999803,4903151.870352349
11.371390624999803,4903151.884815638
11.381390624999803,4903151.90055103
11.391390624999802,4903151.9158224
11.401390624999802,4903151.930560286
11.411390624999802,4903151.945228763
11.421390624999802,4903151.959904144
11.431390624999802,4903151.975360506
11.441390624999801,4903151.99076069
11.451390624999801,4903152.006913423
11.461390624999801,4903152.021876211
11.4713906249998,4903152.036801783
11.4813906249998,4903152.051523468
11.4913906249998,4903152.065801686
11.5013906249998,4903152.080620459
11.5113906249998,4903152.097078625
11.5213906249998,4903152.112740779
11.5313906249998,4903152.129228034
11.5413906249998,4903152.145444626
11.551390624999799,4903152.160367534
11.561390624999799,4903152.175314372
11.571390624999799,4903152.190175851
11.581390624999798,4903152.204720718
11.591390624999798,4903152.219166527
11.601390624999798,4903152.233802357
11.611390624999798,4903152.248843968
11.621390624999798,4903152.263546835
11.631390624999797,4903152.278390723
11.641390624999797,4903152.292925426
11.651390624999797,4903152.307380907
11.661390624999797,4903152.322096542
11.671390624999797,4903152.336469763
11.681390624999796,4903152.351560486
11.691390624999796,4903152.367804561
11.701390624999796,4903152.383616785
11.711390624999796,4903152.39843871
11.721390624999795,4903152.414829352
11.731390624999795,4903152.431138086
11.741390624999795,4903152.447629557
11.751390624999795,4903152.464772738
11.761390624999795,4903152.482096331
11.771390624999794,4903152.499188145
11.781390624999794,4903152.515775376
11.791390624999794,4903152.531608878
11.801390624999794,4903152.546747459
11.811390624999794,4903152.561900514
11.821390624999793,4903152.577028111
11.831390624999793,4903152.591959072
11.841390624999793,4903152.608412333
11.851390624999793,4903152.624568591
11.861390624999792,4903152.640468837
11.871390624999792,4903152.656703886
11.881390624999792,4903152.671935371
11.891390624999792,4903152.686926974
11.901390624999792,4903152.703200167
11.911390624999791,4903152.71856377
11.921390624999791,4903152.733704184
11.931390624999791,4903152.748536346
11.94139062499979,4903152.763087849
11.95139062499979,4903152.777589619
11.96139062499979,4903152.792778028
11.97139062499979,4903152.807892591
11.98139062499979,4903152.82309919
11.99139062499979,4903152.837809211
12.00139062499979,4903152.852279003
12.01139062499979,4903152.866799967
12.021390624999789,4903152.880727321
12.031390624999789,4903152.894567492
12.041390624999789,4903152.90835796
12.051390624999788,4903152.923582697
12.061390624999788,4903152.939650507
12.071390624999788,4903152.955264279
12.081390624999788,4903152.970217016
12.091390624999788,4903152.985441412
12.101390624999787,4903153.000293773
12.111390624999787,4903153.014572634
12.121390624999787,4903153.029996804
12.131390624999787,4903153.04428451
12.141390624999786,4903153.058292546
12.151390624999786,4903153.072282142
12.161390624999786,4903153.088919273
12.171390624999786,4903153.105754597
12.181390624999786,4903153.122138532
12.191390624999785,4903153.13811997
12.201390624999785,4903153.153776225
12.211390624999785,4903153.169189594
12.221390624999785,4903153.184048768
12.231390624999785,4903153.199218145
12.241390624999784,4903153.213427772
12.251390624999784,4903153.227384363
12.261390624999784,4903153.241017432
12.271390624999784,4903153.2550122
12.281390624999784,4903153.269770349
12.291390624999783,4903153.284473266
12.301390624999783,4903153.298322475
12.311390624999783,4903153.312081665
12.321390624999783,4903153.326431047
12.331390624999782,4903153.341890885
12.341390624999782,4903153.35707605
12.351390624999782,4903153.372657368
12.361390624999782,4903153.386953189
12.371390624999782,4903153.400886424
12.381390624999781,4903153.414661799
12.391390624999781,4903153.428889781
12.401390624999781,4903153.442741689
12.41139062499978,4903153.45730476
12.42139062499978,4903153.472572358
12.43139062499978,4903153.487476223
12.44139062499978,4903153.501333034
12.45139062499978,4903153.515113639
12.46139062499978,4903153.529464206
12.47139062499978,4903153.543449838
12.48139062499978,4903153.558533239
12.491390624999779,4903153.573285547
12.501390624999779,4903153.587656764
12.511390624999779,4903153.602924422
12.521390624999778,4903153.617350597
12.531390624999778,4903153.631845403
12.541390624999778,4903153.646016783
12.551390624999778,4903153.660269122
12.561390624999778,4903153.674558107
12.571390624999777,4903153.689523878
12.581390624999777,4903153.70435707
12.591390624999777,4903153.719702317
12.601390624999777,4903153.735481938
12.611390624999776,4903153.750274388
12.621390624999776,4903153.765445038
12.631390624999776,4903153.77976536
12.641390624999776,4903153.794061303
12.651390624999776,4903153.80790978
12.661390624999775,4903153.822634764
12.671390624999775,4903153.837410093
12.681390624999775,4903153.851437497
12.691390624999775,4903153.865407732
12.701390624999775,4903153.879833195
12.711390624999774,4903153.895485127
12.721390624999774,4903153.910186725
12.731390624999774,4903153.926693856
12.741390624999774,4903153.941572
12.751390624999773,4903153.955957788
12.761390624999773,4903153.970153437
12.771390624999773,4903153.984678187
12.781390624999773,4903153.999593906
12.791390624999773,4903154.014064453
12.801390624999772,4903154.028562712
12.811390624999772,4903154.042858279
12.821390624999772,4903154.058641258
12.831390624999772,4903154.073128693
12.841390624999772,4903154.089223365
12.851390624999771,4903154.105830109
12.861390624999771,4903154.121588033
12.871390624999771,4903154.137261053
12.88139062499977,4903154.152813655
12.89139062499977,4903154.169128441
12.90139062499977,4903154.184786478
12.91139062499977,4903154.200577505
12.92139062499977,4903154.215998427
12.93139062499977,4903154.230612338
12.94139062499977,4903154.244584716
12.95139062499977,4903154.259724056
12.961390624999769,4903154.274500155
12.971390624999769,4903154.289077778
12.981390624999769,4903154.303005802
12.991390624999768,4903154.317026592
13.001390624999768,4903154.331460795
13.011390624999768,4903154.346249366
13.021390624999768,4903154.361708462
13.031390624999768,4903154.37689847
13.041390624999767,4903154.39204963
13.051390624999767,4903154.406730004
13.061390624999767,4903154.421078635
13.071390624999767,4903154.435293346
13.081390624999766,4903154.449606949
13.091390624999766,4903154.464037496
13.101390624999766,4903154.478582033
13.111390624999766,4903154.494260467
13.121390624999766,4903154.508578706
13.131390624999765,4903154.522885143
13.141390624999765,4903154.537240144
13.151390624999765,4903154.551439516
13.161390624999765,4903154.565788946
13.171390624999765,4903154.580300761
13.181390624999764,4903154.59562201
13.191390624999764,4903154.60977651
13.201390624999764,4903154.624269203
13.211390624999764,4903154.638627452
13.221390624999763,4903154.653088223
13.231390624999763,4903154.66743834
13.241390624999763,4903154.681829697
13.251390624999763,4903154.695951156
13.261390624999763,4903154.710380497
13.271390624999762,4903154.72594503
13.281390624999762,4903154.741361123
13.291390624999762,4903154.756725203
13.301390624999762,4903154.77186009
13.311390624999762,4903154.786665587
13.321390624999761,4903154.800925306
13.331390624999761,4903154.815408871
13.341390624999761,4903154.831087473
13.35139062499976,4903154.845222886
13.36139062499976,4903154.859600828
13.37139062499976,4903154.873798196
13.38139062499976,4903154.887920061
13.39139062499976,4903154.902449578
13.40139062499976,4903154.918174743
13.41139062499976,4903154.934397977
13.42139062499976,4903154.948897122
13.431390624999759,4903154.964029233
13.441390624999759,4903154.979461101
13.451390624999759,4903154.994953452
13.461390624999758,4903155.0095493
13.471390624999758,4903155.023792506
13.481390624999758,4903155.03784707
13.491390624999758,4903155.052604249
13.501390624999758,4903155.067851226
13.511390624999757,4903155.083490374
13.521390624999757,4903155.100457785
13.531390624999757,4903155.116648576
13.541390624999757,4903155.132240845
13.551390624999756,4903155.146806903
13.561390624999756,4903155.162958687
13.571390624999756,4903155.178203886
13.581390624999756,4903155.192436305
13.591390624999756,4903155.207168028
13.601390624999755,4903155.221459891
13.611390624999755,4903155.236009652
13.621390624999755,4903155.250802959
13.631390624999755,4903155.265476903
13.641390624999755,4903155.282218312
13.651390624999754,4903155.296930137
13.661390624999754,4903155.310984557
13.671390624999754,4903155.325480252
13.681390624999754,4903155.33983533
13.691390624999753,4903155.354206103
13.701390624999753,4903155.368624157
13.711390624999753,4903155.383049434
13.721390624999753,4903155.398532232
13.731390624999753,4903155.415156852
13.741390624999752,4903155.430947002
13.751390624999752,4903155.446420807
13.761390624999752,4903155.461160835
13.771390624999752,4903155.475301783
13.781390624999752,4903155.489427727
13.791390624999751,4903155.503777258
13.801390624999751,4903155.519634609
13.811390624999751,4903155.534561078
13.82139062499975,4903155.549401188
13.83139062499975,4903155.564454389
13.84139062499975,4903155.579436406
13.85139062499975,4903155.593891779
13.86139062499975,4903155.608892556
13.87139062499975,4903155.624556855
13.88139062499975,4903155.639519052
13.89139062499975,4903155.654428349
13.901390624999749,4903155.669619295
13.911390624999749,4903155.684670578
13.921390624999749,4903155.70019369
13.931390624999748,4903155.716826306
13.941390624999748,4903155.735549206
13.951390624999748,4903155.763835386
13.961390624999748,4903155.782217397
13.971390624999747,4903155.801734042
13.981390624999747,4903155.81940949
13.991390624999747,4903155.837893646
14.001390624999747,4903155.85799996
14.011390624999747,4903155.878951746
14.021390624999746,4903155.89852749
14.031390624999746,4903155.91937105
14.041390624999746,4903155.940098857
14.051390624999746,4903155.959480615
14.061390624999746,4903155.978247262
14.071390624999745,4903155.996318771
14.081390624999745,4903156.013939797
14.091390624999745,4903156.030784451
14.101390624999745,4903156.048478842
14.111390624999745,4903156.06588694
14.121390624999744,4903156.083967674
14.131390624999744,4903156.103293445
14.141390624999744,4903156.123197238
14.151390624999744,4903156.142703825
14.161390624999743,4903156.161805974
14.171390624999743,4903156.180110473
14.181390624999743,4903156.199508572
14.191390624999743,4903156.218055526
14.201390624999743,4903156.236629733
14.211390624999742,4903156.255249754
14.221390624999742,4903156.27402887
14.231390624999742,4903156.29241887
14.241390624999742,4903156.309943458
14.251390624999742,4903156.327649294
14.261390624999741,4903156.344917416
14.271390624999741,4903156.362598449
14.28139062499974,4903156.381092251
14.29139062499974,4903156.399209797
14.30139062499974,4903156.419384519
14.31139062499974,4903156.438169567
14.32139062499974,4903156.456184226
14.33139062499974,4903156.473490616
14.34139062499974,4903156.489397995
14.35139062499974,4903156.507324562
14.36139062499974,4903156.527601108
14.371390624999739,4903156.548981893
14.381390624999739,4903156.571480062
14.391390624999739,4903156.593196606
14.401390624999738,4903156.615497638
14.411390624999738,4903156.638091643
14.421390624999738,4903156.660397362
14.431390624999738,4903156.680501193
14.441390624999737,4903156.69924234
14.451390624999737,4903156.717536071
14.461390624999737,4903156.736720903
14.471390624999737,4903156.755476304
14.481390624999737,4903156.774178471
14.491390624999736,4903156.791922384
14.501390624999736,4903156.808637583
14.511390624999736,4903156.826289969
14.521390624999736,4903156.844052853
14.531390624999736,4903156.861633839
14.541390624999735,4903156.879113059
14.551390624999735,4903156.897348938
14.561390624999735,4903156.915464924
14.571390624999735,4903156.934180394
14.581390624999734,4903156.951797701
14.591390624999734,4903156.969708683
14.601390624999734,4903156.987053434
14.611390624999734,4903157.004727654
14.621390624999734,4903157.021907294
14.631390624999733,4903157.038906069
14.641390624999733,4903157.056809498
14.651390624999733,4903157.075674426
14.661390624999733,4903157.09407037
14.671390624999733,4903157.111517406
14.681390624999732,4903157.130099433
14.691390624999732,4903157.147253267
14.701390624999732,4903157.163990377
14.711390624999732,4903157.182021666
14.721390624999732,4903157.199025621
14.731390624999731,4903157.216135891
14.741390624999731,4903157.232632182
14.75139062499973,4903157.24906682
14.76139062499973,4903157.266299934
14.77139062499973,4903157.28476748
14.78139062499973,4903157.301484011
14.79139062499973,4903157.31761998
14.80139062499973,4903157.333930775
14.81139062499973,4903157.349998816
14.82139062499973,4903157.366159144
14.83139062499973,4903157.382637223
14.841390624999729,4903157.39987024
14.851390624999729,4903157.418660738
14.861390624999729,4903157.436338029
14.871390624999728,4903157.454299546
14.881390624999728,4903157.471593898
14.891390624999728,4903157.487835924
14.901390624999728,4903157.504017504
14.911390624999727,4903157.52144206
14.921390624999727,4903157.538262635
14.931390624999727,4903157.555244308
14.941390624999727,4903157.572452025
14.951390624999727,4903157.588706596
14.961390624999726,4903157.604479275
14.971390624999726,4903157.622302004
14.981390624999726,4903157.638557838
14.991390624999726,4903157.655220705
15.001390624999726,4903157.672246513
15.011390624999725,4903157.688536371
15.021390624999725,4903157.703990916
15.031390624999725,4903157.71956282
15.041390624999725,4903157.73586865
15.051390624999724,4903157.752873213
15.061390624999724,4903157.768699262
15.071390624999724,4903157.784671184
15.081390624999724,4903157.800511501
15.091390624999724,4903157.816424424
15.101390624999723,4903157.83298292
15.111390624999723,4903157.849794457
15.121390624999723,4903157.865771384
15.131390624999723,4903157.882291447
15.141390624999723,4903157.898465296
15.151390624999722,4903157.914731382
15.161390624999722,4903157.931053828
15.171390624999722,4903157.947044851
15.181390624999722,4903157.964160337
15.191390624999721,4903157.981327623
15.201390624999721,4903157.998239726
15.211390624999721,4903158.014606331
15.22139062499972,4903158.030679363
15.23139062499972,4903158.046372902
15.24139062499972,4903158.062968357
15.25139062499972,4903158.079174788
15.26139062499972,4903158.094953877
15.27139062499972,4903158.11018924
15.28139062499972,4903158.126785186
15.29139062499972,4903158.142551408
15.30139062499972,4903158.158295389
15.311390624999719,4903158.174012658
15.321390624999719,4903158.190540101
15.331390624999718,4903158.207656575
15.341390624999718,4903158.224399364
15.351390624999718,4903158.241075162
15.361390624999718,4903158.258158147
15.371390624999718,4903158.274325152
15.381390624999717,4903158.290479141
15.391390624999717,4903158.307718027
15.401390624999717,4903158.323925034
15.411390624999717,4903158.340085616
15.421390624999717,4903158.355950751
15.431390624999716,4903158.371896731
15.441390624999716,4903158.388384096
15.451390624999716,4903158.404548668
15.461390624999716,4903158.420501456
15.471390624999716,4903158.436498312
15.481390624999715,4903158.452570799
15.491390624999715,4903158.468756628
15.501390624999715,4903158.48562723
15.511390624999715,4903158.501797176
15.521390624999714,4903158.518572872
15.531390624999714,4903158.536047366
15.541390624999714,4903158.552390557
15.551390624999714,4903158.569377834
15.561390624999714,4903158.585935123
15.571390624999713,4903158.602300546
15.581390624999713,4903158.619965879
15.591390624999713,4903158.637327867
15.601390624999713,4903158.654402846
15.611390624999713,4903158.671685812
15.621390624999712,4903158.688395043
15.631390624999712,4903158.705924992
15.641390624999712,4903158.72221185
15.651390624999712,4903158.74009505
15.661390624999711,4903158.759810402
15.671390624999711,4903158.77822627
15.681390624999711,4903158.797183603
15.69139062499971,4903158.815658479
15.70139062499971,4903158.8347732
15.71139062499971,4903158.855332079
15.72139062499971,4903158.874363652
15.73139062499971,4903158.894255044
15.74139062499971,4903158.915347404
15.75139062499971,4903158.937099046
15.76139062499971,4903158.957752912
15.77139062499971,4903158.979168596
15.781390624999709,4903159.000426769
15.791390624999709,4903159.019572633
15.801390624999708,4903159.037519102
15.811390624999708,4903159.056868861
15.821390624999708,4903159.076429562
15.831390624999708,4903159.097019599
15.841390624999708,4903159.119903922
15.851390624999707,4903159.140879956
15.861390624999707,4903159.162417964
15.871390624999707,4903159.179865063
15.881390624999707,4903159.198223676
15.891390624999707,4903159.219056345
15.901390624999706,4903159.237982346
15.911390624999706,4903159.256208596
15.921390624999706,4903159.275522845
15.931390624999706,4903159.295249347
15.941390624999705,4903159.316890845
15.951390624999705,4903159.33556161
15.956390624999706,4903159.361471036
15.966390624999706,4903159.391153244
15.976390624999706,4903159.410651406
15.986390624999705,4903159.428496586
15.996390624999705,4903159.445587436
16.006390624999707,4903159.463796737
16.01639062499971,4903159.481856177
16.02639062499971,4903159.500618189
16.03639062499971,4903159.518965691
16.046390624999713,4903159.537214114
16.056390624999715,4903159.556754744
16.066390624999716,4903159.577031705
16.076390624999718,4903159.595200941
16.08639062499972,4903159.613449101
16.09639062499972,4903159.631117868
16.106390624999722,4903159.649052944
16.116390624999724,4903159.668131455
16.126390624999726,4903159.687045509
16.136390624999727,4903159.709023848
16.14639062499973,4903159.730726849
16.15639062499973,4903159.755908457
16.166390624999732,4903159.779222519
16.176390624999733,4903159.80169666
16.186390624999735,4903159.821676652
16.196390624999736,4903159.840768874
16.206390624999738,4903159.858491479
16.21639062499974,4903159.877314634
16.22639062499974,4903159.895064152
16.236390624999743,4903159.912017754
16.246390624999744,4903159.929281209
16.256390624999746,4903159.947745103
16.266390624999747,4903159.96680754
16.27639062499975,4903159.9861326
16.28639062499975,4903160.005788877
16.296390624999752,4903160.023787723
16.306390624999754,4903160.041281979
16.316390624999755,4903160.059456359
16.326390624999757,4903160.077751823
16.33639062499976,4903160.096428288
16.34639062499976,4903160.117903628
16.35639062499976,4903160.138413879
16.366390624999763,4903160.157308099
16.376390624999765,4903160.175700549
16.386390624999766,4903160.193659461
16.396390624999768,4903160.213765597
16.40639062499977,4903160.232140619
16.41639062499977,4903160.25085785
16.426390624999772,4903160.269803433
16.436390624999774,4903160.287276584
16.446390624999776,4903160.305669948
16.456390624999777,4903160.323936696
16.46639062499978,4903160.341520456
16.47639062499978,4903160.358821255
16.486390624999782,4903160.376368614
16.496390624999783,4903160.395416272
16.506390624999785,4903160.413409981
16.516390624999786,4903160.431959135
16.526390624999788,4903160.450681669
16.53639062499979,4903160.471041871
16.54639062499979,4903160.489802796
16.556390624999793,4903160.509053225
16.566390624999794,4903160.527607448
16.576390624999796,4903160.546853726
16.586390624999797,4903160.564864238
16.5963906249998,4903160.582480949
16.6063906249998,4903160.599855294
16.616390624999802,4903160.617346556
16.626390624999804,4903160.635470928
16.636390624999805,4903160.653861061
16.646390624999807,4903160.673436325
16.65639062499981,4903160.692793707
16.66639062499981,4903160.710970386
16.67639062499981,4903160.729400813
16.686390624999813,4903160.746973247
16.696390624999815,4903160.764482383
16.706390624999816,4903160.782822662
16.716390624999818,4903160.800375208
16.72639062499982,4903160.818024524
16.73639062499982,4903160.836312023
16.746390624999822,4903160.856173663
16.756390624999824,4903160.876064543
16.766390624999826,4903160.894500151
16.776390624999827,4903160.912177045
16.78639062499983,4903160.928602784
16.79639062499983,4903160.945632861
16.806390624999832,4903160.962468626
16.816390624999833,4903160.979562501
16.826390624999835,4903160.997429954
16.836390624999837,4903161.014369987
16.846390624999838,4903161.030921598
16.85639062499984,4903161.047287935
16.86639062499984,4903161.063701758
16.876390624999843,4903161.080410542
16.886390624999844,4903161.098894504
16.896390624999846,4903161.117113497
16.906390624999847,4903161.134950913
16.91639062499985,4903161.151339842
16.92639062499985,4903161.168382185
16.936390624999852,4903161.186933239
16.946390624999854,4903161.204843834
16.956390624999855,4903161.223053023
16.966390624999857,4903161.241169204
16.97639062499986,4903161.258705821
16.98639062499986,4903161.276134239
16.99639062499986,4903161.292631413
17.006390624999863,4903161.308769772
17.016390624999865,4903161.326207783
17.026390624999866,4903161.342821426
17.036390624999868,4903161.359309446
17.04639062499987,4903161.375866444
17.05639062499987,4903161.39244254
17.066390624999872,4903161.409667927
17.076390624999874,4903161.429024923
17.086390624999876,4903161.450069854
17.096390624999877,4903161.470956978
17.10639062499988,4903161.493291969
17.11639062499988,4903161.514936687
17.126390624999882,4903161.535070318
17.136390624999883,4903161.555563969
17.146390624999885,4903161.574255086
17.156390624999887,4903161.592327077
17.166390624999888,4903161.61133536
17.17639062499989,4903161.630794228
17.18639062499989,4903161.651549826
17.196390624999893,4903161.670750837
17.206390624999894,4903161.690655386
17.216390624999896,4903161.710757212
17.226390624999897,4903161.730510506
17.2363906249999,4903161.749538445
17.2463906249999,4903161.768324266
17.256390624999902,4903161.7885476
17.266390624999904,4903161.807560178
17.276390624999905,4903161.82669816
17.286390624999907,4903161.846377128
17.29639062499991,4903161.865171986
17.30639062499991,4903161.884943104
17.31639062499991,4903161.903428576
17.326390624999913,4903161.920694983
17.336390624999915,4903161.938774129
17.346390624999916,4903161.956774313
17.356390624999918,4903161.975946994
17.36639062499992,4903161.995901085
17.37639062499992,4903162.01668738
17.386390624999922,4903162.036472347
17.396390624999924,4903162.055050421
17.406390624999926,4903162.073785975
17.416390624999927,4903162.092473377
17.42639062499993,4903162.113602062
17.43639062499993,4903162.134351277
17.446390624999932,4903162.153903755
17.456390624999933,4903162.173803939
17.466390624999935,4903162.192769609
17.476390624999937,4903162.212884494
17.486390624999938,4903162.232836196
17.49639062499994,4903162.251828142
17.50639062499994,4903162.270572464
17.516390624999943,4903162.289623217
17.526390624999944,4903162.310904061
17.536390624999946,4903162.330211528
17.546390624999948,4903162.350860245
17.55639062499995,4903162.370688837
17.56639062499995,4903162.390732566
17.576390624999952,4903162.410237225
17.586390624999954,4903162.42984076
17.596390624999955,4903162.451092164
17.606390624999957,4903162.472007735
17.61639062499996,4903162.494194255
17.62639062499996,4903162.515051852
17.63639062499996,4903162.536412376
17.646390624999963,4903162.55933095
17.656390624999965,4903162.581007326
17.666390624999966,4903162.601040469
17.676390624999968,4903162.622443544
17.68639062499997,4903162.642274741
17.69639062499997,4903162.663322259
17.706390624999973,4903162.68718813
17.716390624999974,4903162.711849247
17.726390624999976,4903162.733130864
17.736390624999977,4903162.754112834
17.74639062499998,4903162.774464894
17.75639062499998,4903162.796700586
17.766390624999982,4903162.816565129
17.776390624999983,4903162.836883107
17.786390624999985,4903162.858626884
17.796390624999987,4903162.881609825
17.806390624999988,4903162.90284475
17.81639062499999,4903162.922801766
17.82639062499999,4903162.944155388
17.836390624999993,4903162.964952477
17.846390624999994,4903162.986035824
17.856390624999996,4903163.008956771
17.866390624999998,4903163.034519238
17.876390625,4903163.057971248
17.886390625,4903163.08114236
17.896390625000002,4903163.103530574
17.906390625000004,4903163.128249075
17.916390625000005,4903163.151787574
17.926390625000007,4903163.174025772
17.93639062500001,4903163.19692498
17.94639062500001,4903163.220509599
17.95639062500001,4903163.244006501
17.966390625000013,4903163.266852175
17.976390625000015,4903163.289380382
17.986390625000016,4903163.310523703
17.996390625000018,4903163.333525122
18.00639062500002,4903163.355388947
18.01639062500002,4903163.377321309
18.026390625000023,4903163.39939507
18.036390625000024,4903163.420956902
18.046390625000026,4903163.443396571
18.056390625000027,4903163.468339076
18.06639062500003,4903163.493892354
18.07639062500003,4903163.517857243
18.086390625000032,4903163.542563156
18.096390625000033,4903163.570569855
18.106390625000035,4903163.596077843
18.116390625000037,4903163.621472162
18.126390625000038,4903163.64454018
18.13639062500004,4903163.668663271
18.14639062500004,4903163.692216237
18.156390625000043,4903163.71660781
18.166390625000044,4903163.74111312
18.176390625000046,4903163.765568433
18.186390625000048,4903163.789301319
18.19639062500005,4903163.811754369
18.20639062500005,4903163.83398657
18.216390625000052,4903163.857416628
18.226390625000054,4903163.880614761
18.236390625000055,4903163.90605722
18.246390625000057,4903163.92880244
18.25639062500006,4903163.955735399
18.26639062500006,4903163.976615196
18.27639062500006,4903164.00189815
18.286390625000063,4903164.025369394
18.296390625000065,4903164.05727661
18.306390625000066,4903164.085787308
18.316390625000068,4903164.109568363
18.32639062500007,4903164.134781309
18.33639062500007,4903164.159535311
18.346390625000073,4903164.183607794
18.356390625000074,4903164.206305799
18.366390625000076,4903164.229408868
18.376390625000077,4903164.252314568
18.38639062500008,4903164.275356923
18.39639062500008,4903164.298629898
18.406390625000082,4903164.321735704
18.416390625000084,4903164.345560129
18.426390625000085,4903164.370022662
18.436390625000087,4903164.394128339
18.446390625000088,4903164.418366062
18.45639062500009,4903164.442776352
18.46639062500009,4903164.466898884
18.476390625000093,4903164.493733473
18.486390625000094,4903164.521774113
18.496390625000096,4903164.547782183
18.506390625000098,4903164.574521664
18.5163906250001,4903164.600637556
18.5263906250001,4903164.625708669
18.536390625000102,4903164.649340714
18.546390625000104,4903164.673054967
18.556390625000105,4903164.6967491
18.566390625000107,4903164.720087661
18.57639062500011,4903164.743574425
18.58639062500011,4903164.765596868
18.59639062500011,4903164.788354837
18.606390625000113,4903164.81138729
18.616390625000115,4903164.83369824
18.626390625000116,4903164.855913966
18.636390625000118,4903164.877566241
18.64639062500012,4903164.901048115
18.65639062500012,4903164.924114846
18.666390625000123,4903164.946715793
18.676390625000124,4903164.968786195
18.686390625000126,4903164.990793848
18.696390625000127,4903165.014504254
18.70639062500013,4903165.037816185
18.71639062500013,4903165.060243839
18.726390625000132,4903165.082522354
18.736390625000134,4903165.10497187
18.746390625000135,4903165.128652347
18.756390625000137,4903165.149693085
18.766390625000138,4903165.172285421
18.77639062500014,4903165.194630301
18.78639062500014,4903165.218169002
18.796390625000143,4903165.240254439
18.806390625000144,4903165.263484798
18.816390625000146,4903165.286679629
18.826390625000148,4903165.310492863
18.83639062500015,4903165.331870195
18.84639062500015,4903165.353181973
18.856390625000152,4903165.374676397
18.866390625000154,4903165.39556473
18.876390625000155,4903165.416889413
18.886390625000157,4903165.438531045
18.89639062500016,4903165.464821597
18.90639062500016,4903165.487886491
18.91639062500016,4903165.511310899
18.926390625000163,4903165.534927005
18.936390625000165,4903165.558633285
18.946390625000166,4903165.581783916
18.956390625000168,4903165.604598968
18.96639062500017,4903165.627340816
18.97639062500017,4903165.649042074
18.986390625000173,4903165.671087718
18.996390625000174,4903165.693687291
19.006390625000176,4903165.715521018
19.016390625000177,4903165.737214073
19.02639062500018,4903165.758593645
19.03639062500018,4903165.781201404
19.046390625000182,4903165.803693062
19.056390625000184,4903165.825280189
19.066390625000185,4903165.847852806
19.076390625000187,4903165.870361298
19.08639062500019,4903165.892886852
19.09639062500019,4903165.915878604
19.10639062500019,4903165.938278887
19.116390625000193,4903165.960054319
19.126390625000194,4903165.98126497
19.136390625000196,4903166.005012627
19.146390625000198,4903166.028286693
19.1563906250002,4903166.051047237
19.1663906250002,4903166.072083225
19.176390625000202,4903166.093275988
19.186390625000204,4903166.114407926
19.196390625000205,4903166.135818127
19.206390625000207,4903166.15889501
19.21639062500021,4903166.184309037
19.22639062500021,4903166.208599974
19.23639062500021,4903166.230036407
19.246390625000213,4903166.250899125
19.256390625000215,4903166.27052969
19.266390625000216,4903166.290925462
19.276390625000218,4903166.31026567
19.28639062500022,4903166.329418954
19.29639062500022,4903166.351591946
19.306390625000223,4903166.3735641
19.316390625000224,4903166.394867993
19.326390625000226,4903166.415413078
19.336390625000227,4903166.436122227
19.34639062500023,4903166.456325399
19.35639062500023,4903166.474944911
19.366390625000232,4903166.495675085
19.376390625000234,4903166.51598019
19.386390625000235,4903166.535487718
19.396390625000237,4903166.554850365
19.40639062500024,4903166.57393892
19.41639062500024,4903166.594437652
19.42639062500024,4903166.612825612
19.436390625000243,4903166.630718869
19.446390625000245,4903166.648994473
19.456390625000246,4903166.668743191
19.466390625000248,4903166.686979231
19.47639062500025,4903166.705927869
19.48639062500025,4903166.725604237
19.496390625000252,4903166.743518229
19.506390625000254,4903166.761594818
19.516390625000255,4903166.779738435
19.526390625000257,4903166.79897712
19.53639062500026,4903166.820632945
19.54639062500026,4903166.838612016
19.55639062500026,4903166.855864871
19.566390625000263,4903166.872765541
19.576390625000265,4903166.892323486
19.586390625000266,4903166.913268857
19.596390625000268,4903166.930599939
19.60639062500027,4903166.949140087
19.61639062500027,4903166.966340909
19.626390625000273,4903166.985767125
19.636390625000274,4903167.005796377
19.646390625000276,4903167.024916367
19.656390625000277,4903167.045576337
19.66639062500028,4903167.066598716
19.67639062500028,4903167.085279701
19.686390625000282,4903167.103849172
19.696390625000284,4903167.121616222
19.706390625000285,4903167.141169397
19.716390625000287,4903167.158519443
19.72639062500029,4903167.175198408
19.73639062500029,4903167.192486725
19.74639062500029,4903167.210195024
19.756390625000293,4903167.229527639
19.766390625000295,4903167.247153349
19.776390625000296,4903167.263939498
19.786390625000298,4903167.281409207
19.7963906250003,4903167.297993367
19.8063906250003,4903167.314218625
19.816390625000302,4903167.330466738
19.826390625000304,4903167.347090155
19.836390625000305,4903167.36418732
19.846390625000307,4903167.381358632
19.85639062500031,4903167.398074642
19.86639062500031,4903167.41450803
19.87639062500031,4903167.430838437
19.886390625000313,4903167.447859424
19.896390625000315,4903167.464165118
19.906390625000316,4903167.480985482
19.916390625000318,4903167.498997086
19.92639062500032,4903167.515787949
19.93639062500032,4903167.532405416
19.946390625000323,4903167.550271725
19.956390625000324,4903167.568515579
19.966390625000326,4903167.586782315
19.976390625000327,4903167.60497346
19.98639062500033,4903167.622616192
19.99639062500033,4903167.639767187
20.0,4903167.657764061
