theta	N	feasible	t_us
0.1	1	1	4.251
0.1	2	1	7.695
0.1	4	1	14.899
0.1	8	1	27.645
0.1	16	1	55.706
0.1	32	1	104.855
0.1	64	1	205.775
0.5	1	1	4.342
0.5	2	1	7.595
0.5	4	1	14.16
0.5	8	1	27.38
0.5	16	1	53.997
0.5	32	1	109.721
0.5	64	1	222.276
1	1	0	5.573
1	2	0	8.829
1	4	0	11.56
1	8	0	21.636
1	16	0	42.334
1	32	0	78.665
1	64	0	147.055
1.5707963267948966	1	0	6.064
1.5707963267948966	2	0	5.598
1.5707963267948966	4	0	8.73
1.5707963267948966	8	0	15.24
1.5707963267948966	16	0	28.314
1.5707963267948966	32	0	50.488
1.5707963267948966	64	0	97.374
3.141592653589793	1	0	7.252
3.141592653589793	2	0	5.978
3.141592653589793	4	0	5.638
3.141592653589793	8	0	8.629
3.141592653589793	16	0	15.592
3.141592653589793	32	0	28.654
3.141592653589793	64	0	51.668
4.71238898038469	1	0	5.801
4.71238898038469	2	0	6.738
4.71238898038469	4	0	5.568
4.71238898038469	8	0	8.81
4.71238898038469	16	0	12.692
4.71238898038469	32	0	19.459
4.71238898038469	64	0	36.686
