omega	dt	theta	linear_feasible	linear_toi	curved_feasible	curved_toi	false_negative	t_linear_us
0.5	0.001	0.0005	1	1	1	1	0	18.343
0.5	0.0013102269311622118	0.0006551134655811059	1	1	1	1	0	3.21
0.5	0.0017166946111427472	0.0008583473055713736	1	1	1	1	0	3.136
0.5	0.0022492595121002684	0.0011246297560501342	1	1	1	1	0	3.189
0.5	0.0029470403879265483	0.0014735201939632741	1	1	1	1	0	3.402
0.5	0.0038612916834840955	0.0019306458417420477	1	1	1	1	0	3.191
0.5	0.005059168352773537	0.0025295841763867686	1	1	1	1	0	3.209
0.5	0.006628658625087455	0.0033143293125437274	1	1	1	1	0	3.33
0.5	0.00868504704807026	0.00434252352403513	1	1	1	1	0	3.01
0.5	0.011379382540792526	0.005689691270396263	1	1	1	1	0	2.929
0.5	0.01490957346494344	0.00745478673247172	1	1	1	1	0	2.903
0.5	0.01953492468591039	0.009767462342955195	1	1	1	1	0	3.36
0.5	0.025595184421705303	0.012797592210852651	1	1	1	1	0	3.302
0.5	0.03353549993738179	0.016767749968690893	1	1	1	1	0	3.323
0.5	0.043939115167946304	0.021969557583973152	1	1	1	1	0	3.007
0.5	0.05757021202448127	0.028785106012240633	1	1	1	1	0	3.183
0.5	0.07543004222719393	0.037715021113596967	1	1	1	1	0	3.291
0.5	0.09883047274477236	0.04941523637238618	1	1	1	1	0	2.961
0.5	0.12949034700969375	0.06474517350484688	1	1	1	1	0	3.315
0.5	0.16966173997764092	0.08483086998882046	1	1	1	1	0	3.098
0.5	0.22229538090654555	0.11114769045327277	1	1	1	1	0	3.272
0.5	0.291257394736718	0.145628697368359	1	1	1	1	0	3.615
0.5	0.3816132824841912	0.1908066412420956	1	1	1	1	0	3.501
0.5	0.5	0.25	1	1	1	1	0	3.202
0.63632075624254	0.001	0.0006363207562425401	1	1	1	1	0	2.978
0.63632075624254	0.0013102269311622118	0.000833724591686481	1	1	1	1	0	2.861
0.63632075624254	0.0017166946111427472	0.0010923684131998461	1	1	1	1	0	3.139
0.63632075624254	0.0022492595121002684	0.0014312505137253693	1	1	1	1	0	3.15
0.63632075624254	0.0029470403879265483	0.0018752629683227297	1	1	1	1	0	3.306
0.63632075624254	0.0038612916834840955	0.00245702004410763	1	1	1	1	0	2.947
0.63632075624254	0.005059168352773537	0.0032192538321951826	1	1	1	1	0	3.04
0.63632075624254	0.006628658625087455	0.0042179530691892845	1	1	1	1	0	3.192
0.63632075624254	0.00868504704807026	0.005526475705630108	1	1	1	1	0	2.91
0.63632075624254	0.011379382540792526	0.007240937303930256	1	1	1	1	0	3.223
0.63632075624254	0.01490957346494344	0.009487271062466518	1	1	1	1	0	3.41
0.63632075624254	0.01953492468591039	0.012430478049279563	1	1	1	1	0	3.28
0.63632075624254	0.025595184421705303	0.016286747107386798	1	1	1	1	0	3.21
0.63632075624254	0.03353549993738179	0.02133933468112643	1	1	1	1	0	3.175
0.63632075624254	0.043939115167946304	0.027959370992295653	1	1	1	1	0	2.951
0.63632075624254	0.05757021202448127	0.036633120852461294	1	1	1	1	0	3.042
0.63632075624254	0.07543004222719393	0.04799770151341477	1	1	1	1	0	2.949
0.63632075624254	0.09883047274477236	0.06288788115676129	1	1	1	1	0	2.875
0.63632075624254	0.12949034700969375	0.08239739553531726	1	1	1	1	0	3.26
0.63632075624254	0.16966173997764092	0.10795928668799766	1	1	1	1	0	3.212
0.63632075624254	0.22229538090654555	0.14145116488767656	1	1	1	1	0	3.365
0.63632075624254	0.291257394736718	0.1853331256801004	1	1	1	1	0	3.738
0.63632075624254	0.3816132824841912	0.2428284525025386	1	1	1	1	0	3.564
0.63632075624254	0.5	0.31816037812127	1	1	1	1	0	3.492
0.809808209650156	0.001	0.000809808209650156	1	1	1	1	0	3.384
0.809808209650156	0.0013102269311622118	0.001061032525359889	1	1	1	1	0	3.164
0.809808209650156	0.0017166946111427472	0.0013901933895655789	1	1	1	1	0	3.19
0.809808209650156	0.0022492595121002684	0.0018214688185325017	1	1	1	1	0	2.91
0.809808209650156	0.0029470403879265483	0.002386537500313499	1	1	1	1	0	3.063
0.809808209650156	0.0038612916834840955	0.003126905705139292	1	1	1	1	0	2.931
0.809808209650156	0.005059168352773537	0.004096956066078267	1	1	1	1	0	3.515
0.809808209650156	0.006628658625087455	0.005367942173564137	1	1	1	1	0	3.517
0.809808209650156	0.00868504704807026	0.007033222400725149	1	1	1	1	0	3.53
0.809808209650156	0.011379382540792526	0.009215117402283438	1	1	1	1	0	3.744
0.809808209650156	0.01490957346494344	0.01207389499429332	1	1	1	1	0	3.662
0.809808209650156	0.01953492468591039	0.015819542385547728	1	1	1	1	0	3.598
0.809808209650156	0.025595184421705303	0.020727190472206735	1	1	1	1	0	3.736
0.809808209650156	0.03353549993738179	0.027157323164014063	1	1	1	1	0	3.634
0.809808209650156	0.043939115167946304	0.03558225618776661	1	1	1	1	0	3.595
0.809808209650156	0.05757021202448127	0.046620830328725056	1	1	1	1	0	3.694
0.809808209650156	0.07543004222719393	0.06108386744983958	1	1	1	1	0	3.802
0.809808209650156	0.09883047274477236	0.08003372819232264	1	1	1	1	0	3.744
0.809808209650156	0.12949034700969375	0.10486234607889752	1	1	1	1	0	3.732
0.809808209650156	0.16966173997764092	0.13739346989742368	1	1	1	1	0	3.709
0.809808209650156	0.22229538090654555	0.18001662442542912	1	1	1	1	0	3.726
0.809808209650156	0.291257394736718	0.2358626293791104	1	1	1	1	0	4.117
0.809808209650156	0.3816132824841912	0.3090335690672421	1	1	1	1	0	3.993
0.809808209650156	0.5	0.404904104825078	1	1	1	1	0	4.074
1.0305955447520094	0.001	0.0010305955447520094	1	1	1	1	0	3.791
1.0305955447520094	0.0013102269311622118	0.0013503140378698733	1	1	1	1	0	3.852
1.0305955447520094	0.0017166946111427472	0.0017692178179434985	1	1	1	1	0	3.734
1.0305955447520094	0.0022492595121002684	0.002318076832161615	1	1	1	1	0	3.978
1.0305955447520094	0.0029470403879265483	0.003037206694001334	1	1	1	1	0	3.665
1.0305955447520094	0.0038612916834840955	0.003979430005986695	1	1	1	1	0	3.756
1.0305955447520094	0.005059168352773537	0.00521395636451877	1	1	1	1	0	3.777
1.0305955447520094	0.006628658625087455	0.006831466046697111	1	1	1	1	0	3.744
1.0305955447520094	0.00868504704807026	0.0089507707937028	1	1	1	1	0	3.751
1.0305955447520094	0.011379382540792526	0.011727540948569579	1	1	1	1	0	3.712
1.0305955447520094	0.01490957346494344	0.01536573998712349	1	1	1	1	0	3.876
1.0305955447520094	0.01953492468591039	0.020132606348365296	1	1	1	1	0	3.788
1.0305955447520094	0.025595184421705303	0.02637828303211552	1	1	1	1	0	3.881
1.0305955447520094	0.03353549993738179	0.03456153682649696	1	1	1	1	0	4.015
1.0305955447520094	0.043939115167946304	0.0452834563324309	1	1	1	1	0	3.859
1.0305955447520094	0.05757021202448127	0.059331604022858954	1	1	1	1	0	3.866
1.0305955447520094	0.07543004222719393	0.077737865459802	1	1	1	1	0	3.817
1.0305955447520094	0.09883047274477236	0.10185424489649729	1	1	1	1	0	3.845
1.0305955447520094	0.12949034700969375	0.13345217471658208	1	1	1	1	0	3.79
1.0305955447520094	0.16966173997764092	0.17485263333583062	1	1	1	1	0	3.668
1.0305955447520094	0.22229538090654555	0.22909662918123674	1	1	1	1	0	4.126
1.0305955447520094	0.291257394736718	0.30016857339173897	1	1	1	1	0	4.037
1.0305955447520094	0.3816132824841912	0.39328894874639747	1	1	1	1	0	3.977
1.0305955447520094	0.5	0.5152977723760047	1	1	1	1	0	3.995
1.311578672833582	0.001	0.0013115786728335821	1	1	1	1	0	3.778
1.311578672833582	0.0013102269311622118	0.001718465699484551	1	1	1	1	0	3.69
1.311578672833582	0.0017166946111427472	0.0022515800397431666	1	1	1	1	0	3.711
1.311578672833582	0.0022492595121002684	0.0029500808057387803	1	1	1	1	0	3.721
1.311578672833582	0.0029470403879265483	0.003865275320783667	1	1	1	1	0	3.728
1.311578672833582	0.0038612916834840955	0.005064387821647418	1	1	1	1	0	3.753
1.311578672833582	0.005059168352773537	0.006635497313772376	1	1	1	1	0	3.681
1.311578672833582	0.006628658625087455	0.008694007282159081	1	1	1	1	0	3.678
1.311578672833582	0.00868504704807026	0.01139112248080521	1	1	1	1	0	3.759
1.311578672833582	0.011379382540792526	0.014924955450518296	1	1	1	1	0	3.793
1.311578672833582	0.01490957346494344	0.019555078577665308	1	1	1	1	0	3.885
1.311578672833582	0.01953492468591039	0.02562159059345033	1	1	1	1	0	3.73
1.311578672833582	0.025595184421705303	0.03357009801475102	1	1	1	1	0	3.708
1.311578672833582	0.03353549993738179	0.04398444650068188	1	1	1	1	0	3.762
1.311578672833582	0.043939115167946304	0.05762960635745693	1	1	1	1	0	3.762
1.311578672833582	0.05757021202448127	0.07550786228181706	1	1	1	1	0	3.877
1.311578672833582	0.07543004222719393	0.09893243467612407	1	1	1	1	0	3.871
1.311578672833582	0.09883047274477236	0.12962394027810403	1	1	1	1	0	3.864
1.311578672833582	0.12949034700969375	0.16983677747573414	1	1	1	1	0	3.735
1.311578672833582	0.16966173997764092	0.22252471975051058	1	1	1	1	0	4.167
1.311578672833582	0.22229538090654555	0.2915578806664426	1	1	1	1	0	4.099
1.311578672833582	0.291257394736718	0.38200698724175136	1	1	1	1	0	4.047
1.311578672833582	0.3816132824841912	0.5005158425762823	1	1	1	1	0	4.165
1.311578672833582	0.5	0.655789336416791	1	1	1	1	0	3.987
1.6691694659381038	0.001	0.0016691694659381037	1	1	1	1	0	4.102
1.6691694659381038	0.0013102269311622118	0.0021869907869457497	1	1	1	1	0	3.639
1.6691694659381038	0.0017166946111427472	0.0028654542272599603	1	1	1	1	0	3.77
1.6691694659381038	0.0022492595121002684	0.003754395298568605	1	1	1	1	0	3.658
1.6691694659381038	0.0029470403879265483	0.004919109830413378	1	1	1	1	0	3.776
1.6691694659381038	0.0038612916834840955	0.006445150177152389	1	1	1	1	0	3.743
1.6691694659381038	0.005059168352773537	0.008444609337489962	1	1	1	1	0	3.748
1.6691694659381038	0.006628658625087455	0.011064354577123233	1	1	1	1	0	3.72
1.6691694659381038	0.00868504704807026	0.014496815342874739	1	1	1	1	0	3.666
1.6691694659381038	0.011379382540792526	0.018994117878320043	1	1	1	1	0	3.726
1.6691694659381038	0.01490957346494344	0.024886604777844566	1	1	1	1	0	3.787
1.6691694659381038	0.01953492468591039	0.03260709980512212	1	1	1	1	0	3.915
1.6691694659381038	0.025595184421705303	0.042722700311765116	1	1	1	1	0	3.897
1.6691694659381038	0.03353549993738179	0.05597643252044687	1	1	1	1	0	3.874
1.6691694659381038	0.043939115167946304	0.07334182939867377	1	1	1	1	0	3.951
1.6691694659381038	0.05757021202448127	0.09609444005884679	1	1	1	1	0	3.841
1.6691694659381038	0.07543004222719393	0.12590552330005392	1	1	1	1	0	3.77
1.6691694659381038	0.09883047274477236	0.164964807409802	1	1	1	1	0	3.746
1.6691694659381038	0.12949034700969375	0.21614133336231026	1	1	1	1	0	4.249
1.6691694659381038	0.16966173997764092	0.28319419590860834	1	1	1	1	0	4.158
1.6691694659381038	0.22229538090654555	0.371048662228286	1	1	1	1	0	3.888
1.6691694659381038	0.291257394736718	0.4861579500232111	1	1	1	1	0	3.938
1.6691694659381038	0.3816132824841912	0.6369772389190241	1	1	1	1	0	3.931
1.6691694659381038	0.5	0.8345847329690519	0	0.8730156127772984	0	0.8305608562401898	0	9.214
2.124254353725382	0.001	0.0021242543537253822	1	1	1	1	0	3.757
2.124254353725382	0.0013102269311622118	0.002783255262889575	1	1	1	1	0	3.804
2.124254353725382	0.0017166946111427472	0.0036466960017368824	1	1	1	1	0	3.677
2.124254353725382	0.0022492595121002684	0.004777999311237223	1	1	1	1	0	3.765
2.124254353725382	0.0029470403879265483	0.006260263374657508	1	1	1	1	0	3.804
2.124254353725382	0.0038612916834840955	0.008202365669644699	1	1	1	1	0	3.781
2.124254353725382	0.005059168352773537	0.010746960399608855	1	1	1	1	0	3.78
2.124254353725382	0.006628658625087455	0.014080956943701331	1	1	1	1	0	3.812
2.124254353725382	0.00868504704807026	0.018449249004173024	1	1	1	1	0	3.757
2.124254353725382	0.011379382540792526	0.024172702904985122	1	1	1	1	0	3.742
2.124254353725382	0.01490957346494344	0.031671726345094534	1	1	1	1	0	3.614
2.124254353725382	0.01953492468591039	0.041497148813742585	1	1	1	1	0	3.668
2.124254353725382	0.025595184421705303	0.05437068194221156	1	1	1	1	0	3.775
2.124254353725382	0.03353549993738179	0.07123793174634054	1	1	1	1	0	3.763
2.124254353725382	0.043939115167946304	0.0933378566943509	1	1	1	1	0	3.719
2.124254353725382	0.05757021202448127	0.12229377353789767	1	1	1	1	0	3.678
2.124254353725382	0.07543004222719393	0.16023259560280612	1	1	1	1	0	3.762
2.124254353725382	0.09883047274477236	0.20994106200882037	1	1	1	1	0	4.048
2.124254353725382	0.12949034700969375	0.27507043340075243	1	1	1	1	0	3.889
2.124254353725382	0.16966173997764092	0.3604046898081274	1	1	1	1	0	4.006
2.124254353725382	0.22229538090654555	0.47221193070377154	1	1	1	1	0	4.077
2.124254353725382	0.291257394736718	0.6187047888241854	1	1	1	1	0	4.2
2.124254353725382	0.3816132824841912	0.8106436767564772	0	0.8912331144132948	0	0.8550971252373676	0	7.262
2.124254353725382	0.5	1.062127176862691	0	0.7213039489132713	0	0.6526424406516314	0	6.798
2.7034142736280864	0.001	0.0027034142736280862	1	1	1	1	0	3.828
2.7034142736280864	0.0013102269311622118	0.003542086187395848	1	1	1	1	0	3.895
2.7034142736280864	0.0017166946111427472	0.0046409367152237205	1	1	1	1	0	3.918
2.7034142736280864	0.0022492595121002684	0.006080680270105611	1	1	1	1	0	3.756
2.7034142736280864	0.0029470403879265483	0.007967071049679083	1	1	1	1	0	3.79
2.7034142736280864	0.0038612916834840955	0.010438671051772326	1	1	1	1	0	3.763
2.7034142736280864	0.005059168352773537	0.013677027937575473	1	1	1	1	0	3.891
2.7034142736280864	0.006628658625087455	0.017920010342069352	1	1	1	1	0	3.785
2.7034142736280864	0.00868504704807026	0.023479280156884615	1	1	1	1	0	3.966
2.7034142736280864	0.011379382540792526	0.030763185185852755	1	1	1	1	0	3.667
2.7034142736280864	0.01490957346494344	0.04030675371883466	1	1	1	1	0	3.7
2.7034142736280864	0.01953492468591039	0.05281099423013981	1	1	1	1	0	3.701
2.7034142736280864	0.025595184421705303	0.06919438690178135	1	1	1	1	0	3.671
2.7034142736280864	0.03353549993738179	0.09066034920397172	1	1	1	1	0	3.765
2.7034142736280864	0.043939115167946304	0.1187856311156144	1	1	1	1	0	3.664
2.7034142736280864	0.05757021202448127	0.15563613292277795	1	1	1	1	0	3.707
2.7034142736280864	0.07543004222719393	0.20391865281736538	1	1	1	1	0	3.967
2.7034142736280864	0.09883047274477236	0.26717971068762914	1	1	1	1	0	3.935
2.7034142736280864	0.12949034700969375	0.3500660524030601	1	1	1	1	0	4.089
2.7034142736280864	0.16966173997764092	0.4586659695441314	1	1	1	1	0	3.947
2.7034142736280864	0.22229538090654555	0.6009565057043477	1	1	1	1	0	4.006
2.7034142736280864	0.291257394736718	0.7873893982309734	0	0.9100540333021163	0	0.8803527840022095	0	6.333
2.7034142736280864	0.3816132824841912	1.0316587948738294	0	0.7436294746335782	0	0.6718888553126114	0	6.533
2.7034142736280864	0.5	1.3517071368140432	0	0.568583983212386	0	0.5128323666470144	0	6.585
3.4404772300638014	0.001	0.0034404772300638013	1	1	1	1	0	3.792
3.4404772300638014	0.0013102269311622118	0.004507805922879962	1	1	1	1	0	3.817
3.4404772300638014	0.0017166946111427472	0.005906248720609853	1	1	1	1	0	3.841
3.4404772300638014	0.0022492595121002684	0.007738526135885389	1	1	1	1	0	3.814
3.4404772300638014	0.0029470403879265483	0.010139225350739682	1	1	1	1	0	3.854
3.4404772300638014	0.0038612916834840955	0.013284686115661753	1	1	1	1	0	3.865
3.4404772300638014	0.005059168352773537	0.017405953520776743	1	1	1	1	0	3.719
3.4404772300638014	0.006628658625087455	0.022805749065479414	1	1	1	1	0	3.825
3.4404772300638014	0.00868504704807026	0.02988070661091856	1	1	1	1	0	3.944
3.4404772300638014	0.011379382540792526	0.03915050652378225	1	1	1	1	0	3.623
3.4404772300638014	0.01490957346494344	0.05129604801610136	1	1	1	1	0	3.67
3.4404772300638014	0.01953492468591039	0.06720946357288596	1	1	1	1	0	3.619
3.4404772300638014	0.025595184421705303	0.08805964920216082	1	1	1	1	0	2.109
3.4404772300638014	0.03353549993738179	0.11537812393336808	1	1	1	1	0	2.335
3.4404772300638014	0.043939115167946304	0.15117152524447025	1	1	1	1	0	2.132
3.4404772300638014	0.05757021202448127	0.19806900360017307	1	1	1	1	0	2.329
3.4404772300638014	0.07543004222719393	0.25951534274541177	1	1	1	1	0	2.73
3.4404772300638014	0.09883047274477236	0.3400239911148304	1	1	1	1	0	2.4
3.4404772300638014	0.12949034700969375	0.4455085903999116	1	1	1	1	0	2.334
3.4404772300638014	0.16966173997764092	0.583717353206079	1	1	1	1	0	2.435
3.4404772300638014	0.22229538090654555	0.7648021963573295	0	0.9294945498512588	0	0.9063262760078302	0	2.405
3.4404772300638014	0.291257394736718	1.0020644346793828	0	0.7668590418378954	0	0.6917611364923426	0	4.218
3.4404772300638014	0.3816132824841912	1.312931809076765	0	0.5841392729172774	0	0.5279799627003016	0	3.814
3.4404772300638014	0.5	1.7202386150319007	0	0.2456013586381453	0	0.40298564230077294	0	5.162
4.378494145738875	0.001	0.004378494145738875	1	1	1	1	0	2.137
4.378494145738875	0.0013102269311622118	0.005736820947683157	1	1	1	1	0	2.333
4.378494145738875	0.0017166946111427472	0.007516537304909993	1	1	1	1	0	2.286
4.378494145738875	0.0022492595121002684	0.009848369605978504	1	1	1	1	0	2.155
4.378494145738875	0.0029470403879265483	0.012903599085792415	1	1	1	1	0	2.221
4.378494145738875	0.0038612916834840955	0.016906643031125317	1	1	1	1	0	2.353
4.378494145738875	0.005059168352773537	0.02215153901492632	1	1	1	1	0	2.527
4.378494145738875	0.006628658625087455	0.029023542984046923	1	1	1	1	0	2.115
4.378494145738875	0.00868504704807026	0.03802742765544233	1	1	1	1	0	2.302
4.378494145738875	0.011379382540792526	0.04982455983698324	1	1	1	1	0	2.296
4.378494145738875	0.01490957346494344	0.06528148013171853	1	1	1	1	0	2.221
4.378494145738875	0.01953492468591039	0.08553355337470847	1	1	1	1	0	2.345
4.378494145738875	0.025595184421705303	0.11206836514954352	1	1	1	1	0	2.316
4.378494145738875	0.03353549993738179	0.14683499015025256	1	1	1	1	0	2.257
4.378494145738875	0.043939115167946304	0.1923871585317991	1	1	1	1	0	2.378
4.378494145738875	0.05757021202448127	0.25207083631813704	1	1	1	1	0	2.283
4.378494145738875	0.07543004222719393	0.3302699983046048	1	1	1	1	0	2.302
4.378494145738875	0.09883047274477236	0.4327286463335912	1	1	1	1	0	2.251
4.378494145738875	0.12949034700969375	0.5669727263116395	1	1	1	1	0	2.192
4.378494145738875	0.16966173997764092	0.742862935247972	0	0.9495713556102228	0	0.9331146085609134	0	2.31
4.378494145738875	0.22229538090654555	0.973319023924103	0	0.7861694346577492	0	0.7121958661614157	0	3.909
4.378494145738875	0.291257394736718	1.2752687977578765	0	0.6004548740168164	0	0.543571384719093	0	3.783
4.378494145738875	0.3816132824841912	1.6708915232932267	0	0.47734456029775263	0	0.4149049706963689	0	4.653
4.378494145738875	0.5	2.1892470728694375	0	0.13659929996604725	0	0.31668357439510914	0	4.913
5.572253412040189	0.001	0.005572253412040189	1	1	1	1	0	2.08
5.572253412040189	0.0013102269311622118	0.007300916487715582	1	1	1	1	0	2.117
5.572253412040189	0.0017166946111427472	0.00956585740437118	1	1	1	1	0	2.077
5.572253412040189	0.0022492595121002684	0.012533443990864573	1	1	1	1	0	2.229
5.572253412040189	0.0029470403879265483	0.016421655857043953	1	1	1	1	0	2.105
5.572253412040189	0.0038612916834840955	0.02151609575817666	1	1	1	1	0	2.075
5.572253412040189	0.005059168352773537	0.028190968115828087	1	1	1	1	0	2.116
5.572253412040189	0.006628658625087455	0.036936565640893204	1	1	1	1	0	2.155
5.572253412040189	0.00868504704807026	0.048395283047339074	1	1	1	1	0	2.069
5.572253412040189	0.011379382540792526	0.06340880318984171	1	1	1	1	0	2.147
5.572253412040189	0.01490957346494344	0.08307992161209496	1	1	1	1	0	2.061
5.572253412040189	0.01953492468591039	0.1088535507350123	1	1	1	1	0	2.059
5.572253412040189	0.025595184421705303	0.1426228537256453	1	1	1	1	0	2.093
5.572253412040189	0.03353549993738179	0.1868683039505492	1	1	1	1	0	2.117
5.572253412040189	0.043939115167946304	0.24483988441661564	1	1	1	1	0	2.151
5.572253412040189	0.05757021202448127	0.32079581038529287	1	1	1	1	0	2.192
5.572253412040189	0.07543004222719393	0.42031531017081697	1	1	1	1	0	2.107
5.572253412040189	0.09883047274477236	0.5507084389656027	1	1	1	1	0	3.242
5.572253412040189	0.12949034700969375	0.7215530279510342	0	0.970301667843545	0	0.9606764697285513	0	2.348
5.572253412040189	0.16966173997764092	0.9453982094830851	0	0.8014479455360365	0	0.7332031945470348	0	3.445
5.572253412040189	0.22229538090654555	1.238686194737272	0	0.6175439730387972	0	0.5596200988606111	0	3.585
5.572253412040189	0.291257394736718	1.6229600116036134	0	0.4876193888626501	0	0.4271495611901105	0	3.989
5.572253412040189	0.3816132824841912	2.126445915402391	0	0.14336874822774714	0	0.3260074579765067	0	4.1
5.572253412040189	0.5	2.7861267060200947	0	0.1040748052093735	0	0.2488181298745938	0	5.544
7.091481010248976	0.001	0.007091481010248976	1	1	1	1	0	2.801
7.091481010248976	0.0013102269311622118	0.009291449401453617	1	1	1	1	0	1.973
7.091481010248976	0.0017166946111427472	0.012173907235315543	1	1	1	1	0	1.956
7.091481010248976	0.0022492595121002684	0.01595058111718093	1	1	1	1	0	1.927
7.091481010248976	0.0029470403879265483	0.020898880947417892	1	1	1	1	0	2.019
7.091481010248976	0.0038612916834840955	0.027382276648459762	1	1	1	1	0	2.15
7.091481010248976	0.005059168352773537	0.03587699630134613	1	1	1	1	0	2
7.091481010248976	0.006628658625087455	0.047007006763230774	1	1	1	1	0	1.991
7.091481010248976	0.00868504704807026	0.061589846214509164	1	1	1	1	0	2.036
7.091481010248976	0.011379382540792526	0.08069667519638894	1	1	1	1	0	1.891
7.091481010248976	0.01490957346494344	0.10573095709755843	1	1	1	1	0	2.114
7.091481010248976	0.01953492468591039	0.13853154744677745	1	1	1	1	0	1.99
7.091481010248976	0.025595184421705303	0.18150776428034357	1	1	1	1	0	2.015
7.091481010248976	0.03353549993738179	0.23781636097514866	1	1	1	1	0	2.261
7.091481010248976	0.043939115167946304	0.31159340082063397	1	1	1	1	0	2.112
7.091481010248976	0.05757021202448127	0.40825806532761616	1	1	1	1	0	2.091
7.091481010248976	0.07543004222719393	0.5349107120564242	1	1	1	1	0	2.138
7.091481010248976	0.09883047274477236	0.7008544207034821	0	0.9917032445978934	0	0.9890428419503866	0	2.142
7.091481010248976	0.12949034700969375	0.9182783368297935	0	0.8172523250479296	0	0.7548762967663506	0	3.547
7.091481010248976	0.16966173997764092	1.20315300721724	0	0.6354210095681726	0	0.5761390385201066	0	3.57
7.091481010248976	0.22229538090654555	1.5764034723648306	0	0.4986060480216579	0	0.4397382743586788	0	3.898
7.091481010248976	0.291257394736718	2.065446283870026	0	0.1510346253639961	0	0.33567393840662363	0	3.949
7.091481010248976	0.3816132824841912	2.70620334599542	0	0.10621267543865197	0	0.25623297259569755	0	5.453
7.091481010248976	0.5	3.545740505124488	0	0.10531714956948257	0	0.1956208135690647	0	5.349
9.024913118642479	0.001	0.009024913118642479	1	1	1	1	0	2.033
9.024913118642479	0.0013102269311622118	0.011824684219444522	1	1	1	1	0	2.094
9.024913118642479	0.0017166946111427472	0.015493019716805029	1	1	1	1	0	3.055
9.024913118642479	0.0022492595121002684	0.020299371677985095	1	1	1	1	0	2.221
9.024913118642479	0.0029470403879265483	0.026596783458167524	1	1	1	1	0	2.04
9.024913118642479	0.0038612916834840955	0.034847821969180716	1	1	1	1	0	2.099
9.024913118642479	0.005059168352773537	0.04565855483636676	1	1	1	1	0	2.011
9.024913118642479	0.006628658625087455	0.059823068184554386	1	1	1	1	0	2.061
9.024913118642479	0.00868504704807026	0.07838179504015641	1	1	1	1	0	2.182
9.024913118642479	0.011379382540792526	0.10269793877444965	1	1	1	1	0	2.073
9.024913118642479	0.01490957346494344	0.13455760515713186	1	1	1	1	0	2.191
9.024913118642479	0.01953492468591039	0.17630099806956548	1	1	1	1	0	2.068
9.024913118642479	0.025595184421705303	0.2309943156615218	1	1	1	1	0	2.157
9.024913118642479	0.03353549993738179	0.30265497332511093	1	1	1	1	0	2.386
9.024913118642479	0.043939115167946304	0.3965466969007413	1	1	1	1	0	2.244
9.024913118642479	0.05757021202448127	0.5195661617427699	1	1	1	1	0	3.498
9.024913118642479	0.07543004222719393	0.6807495776359587	1	1	1	1	0	2.3
9.024913118642479	0.09883047274477236	0.891936429995934	0	0.8335962744659219	0	0.777165741556146	0	4.056
9.024913118642479	0.12949034700969375	1.168639131465352	0	0.6541016115005569	0	0.593140666911672	0	3.782
9.024913118642479	0.16966173997764092	1.5311824628559205	0	0.5103051091637371	0	0.4527017176645075	0	4.432
9.024913118642479	0.22229538090654555	2.0061964993571095	0	0.1597669882571478	0	0.3455395757750696	0	4.162
9.024913118642479	0.291257394736718	2.628572682661037	0	0.10879265107546363	0	0.2637425837720488	0	5.347
9.024913118642479	0.3816132824841912	3.444026719339795	0	0.10292384082371654	0	0.20131559628659065	0	5.514
9.024913118642479	0.5	4.512456559321239	0	0.21894726062031045	0	0.15369965760967122	0	4.38
11.485479081355603	0.001	0.011485479081355603	1	1	1	1	0	2.113
11.485479081355603	0.0013102269311622118	0.015048584009692332	1	1	1	1	0	2.04
11.485479081355603	0.0017166946111427472	0.019717060045355915	1	1	1	1	0	2.266
11.485479081355603	0.0022492595121002684	0.025833823074767743	1	1	1	1	0	2.046
11.485479081355603	0.0029470403879265483	0.03384817072744047	1	1	1	1	0	2.286
11.485479081355603	0.0038612916834840955	0.04434878485766894	1	1	1	1	0	2.158
11.485479081355603	0.005059168352773537	0.058106972284836744	1	1	1	1	0	2.157
11.485479081355603	0.006628658625087455	0.07613331997588936	1	1	1	1	0	2.17
11.485479081355603	0.00868504704807026	0.09975192619120019	1	1	1	1	0	2.201
11.485479081355603	0.011379382540792526	0.13069766013101572	1	1	1	1	0	2.289
11.485479081355603	0.01490957346494344	0.17124359414354245	1	1	1	1	0	2.262
11.485479081355603	0.01953492468591039	0.22436796883588095	1	1	1	1	0	2.502
11.485479081355603	0.025595184421705303	0.2939729552589351	1	1	1	1	0	2.254
11.485479081355603	0.03353549993738179	0.38517128301360065	1	1	1	1	0	2.259
11.485479081355603	0.043939115167946304	0.504661788114722	1	1	1	1	0	2.303
11.485479081355603	0.05757021202448127	0.6612214659163864	1	1	1	1	0	2.223
11.485479081355603	0.07543004222719393	0.8663501721062057	0	0.8504939377032238	0	0.8001130376594756	0	5.112
11.485479081355603	0.09883047274477236	1.135115327310568	0	0.6736025409067424	0	0.6106642059456105	0	3.694
11.485479081355603	0.12949034700969375	1.4872586718173155	0	0.5227194161381781	0	0.4660961512522299	0	4.031
11.485479081355603	0.16966173997764092	1.9486463654195885	0	0.16980832065420157	0	0.35576419345093496	0	4.246
11.485479081355603	0.22229538090654555	2.5531689472841044	0	0.11182618891863534	0	0.27157873531561694	0	5.345
11.485479081355603	0.291257394736718	3.3452307145387064	0	0.10130918359976626	0	0.20730535736120329	0	5.484
11.485479081355603	0.3816132824841912	4.383011373139625	0	0.17983283266701344	0	0.1582188657776017	0	4.418
11.485479081355603	0.5	5.7427395406778015	1	1	0	0.12086415205730594	1	2.495
14.616897469712148	0.001	0.014616897469712148	1	1	1	1	0	2.036
14.616897469712148	0.0013102269311622118	0.019151452714853648	1	1	1	1	0	3.14
14.616897469712148	0.0017166946111427472	0.025092749117880904	1	1	1	1	0	2.141
14.616897469712148	0.0022492595121002684	0.032877195671144395	1	1	1	1	0	2.201
14.616897469712148	0.0029470403879265483	0.043076587189423074	1	1	1	1	0	2.181
14.616897469712148	0.0038612916834840955	0.056440104638139234	1	1	1	1	0	3.092
14.616897469712148	0.005059168352773537	0.0739493450945033	1	1	1	1	0	2.162
14.616897469712148	0.006628658625087455	0.09689042348462643	1	1	1	1	0	2.068
14.616897469712148	0.00868504704807026	0.12694844222126914	1	1	1	1	0	2.033
14.616897469712148	0.011379382540792526	0.16633126786739685	1	1	1	1	0	2.146
14.616897469712148	0.01490957346494344	0.21793170665421915	1	1	1	1	0	2.391
14.616897469712148	0.01953492468591039	0.28553999121250095	1	1	1	1	0	2.216
14.616897469712148	0.025595184421705303	0.37412218641044004	1	1	1	1	0	2.284
14.616897469712148	0.03353549993738179	0.49018496418024776	1	1	1	1	0	2.18
14.616897469712148	0.043939115167946304	0.642253541319745	1	1	1	1	0	2.116
14.616897469712148	0.05757021202448127	0.8414978864714321	0	0.8679599131337028	0	0.8237464099833146	0	3.47
14.616897469712148	0.07543004222719393	1.1025531933709516	0	0.6939416490750911	0	0.628715576354213	0	3.541
14.616897469712148	0.09883047274477236	1.4445948869935186	0	0.535853860403069	0	0.4798733836729375	0	3.62
14.616897469712148	0.12949034700969375	1.8927471255581405	0	0.18152523196755121	0	0.36628764539921577	0	3.91
14.616897469712148	0.16966173997764092	2.47992825778614	0	0.11533290958193652	0	0.27954320688178463	0	4.802
14.616897469712148	0.22229538090654555	3.2492687907015836	0	0.10036334853702493	0	0.2134346344832902	0	5.316
14.616897469712148	0.291257394736718	4.257279476162086	0	0.15670184061116244	0	0.16297124746939956	0	3.932
14.616897469712148	0.3816132824841912	5.578002223151722	0	0.9871188831648374	0	0.12430093649352783	0	2.167
14.616897469712148	0.5	7.308448734856074	0	0.7485157729140032	0	0.09491995274618945	0	4.931
18.602070503693803	0.001	0.018602070503693804	1	1	1	1	0	1.945
18.602070503693803	0.0013102269311622118	0.024372933749317833	1	1	1	1	0	2.041
18.602070503693803	0.0017166946111427472	0.0319340741897886	1	1	1	1	0	2.018
18.602070503693803	0.0022492595121002684	0.04184088402519312	1	1	1	1	0	2.133
18.602070503693803	0.0029470403879265483	0.05482105307344279	1	1	1	1	0	1.933
18.602070503693803	0.0038612916834840955	0.07182802013149768	1	1	1	1	0	2.112
18.602070503693803	0.005059168352773537	0.09411100638834978	1	1	1	1	0	1.982
18.602070503693803	0.006628658625087455	0.12330677508879485	1	1	1	1	0	2.126
18.602070503693803	0.00868504704807026	0.1615598575161007	1	1	1	1	0	2.104
18.602070503693803	0.011379382540792526	0.21168007631232488	1	1	1	1	0	2.951
18.602070503693803	0.01490957346494344	0.27734893677488015	1	1	1	1	0	2.179
18.602070503693803	0.01953492468591039	0.36339004629165356	1	1	1	1	0	2.194
18.602070503693803	0.025595184421705303	0.4761234251676073	1	1	1	1	0	2.2
18.602070503693803	0.03353549993738179	0.6238297342117951	1	1	1	1	0	2.232
18.602070503693803	0.043939115167946304	0.8173585182240589	0	0.8860092659658494	0	0.8480728714892815	0	3.672
18.602070503693803	0.05757021202448127	1.0709251429920013	0	0.7151378395341436	0	0.6472918932802408	0	3.636
18.602070503693803	0.07543004222719393	1.4031549636068623	0	0.5497151918112255	0	0.49404951514060247	0	4.04
18.602070503693803	0.09883047274477236	1.8384514219116441	0	0.19552258829678593	0	0.37706583681492706	0	3.896
18.602070503693803	0.12949034700969375	2.4087885646220992	0	0.11934127110079745	0	0.2878493572286439	0	5.189
18.602070503693803	0.16966173997764092	3.1560596488434416	0	0.10000654077109629	0	0.21965384253488085	0	5.795
18.602070503693803	0.22229538090654555	4.13515434826903	0	0.14092530780690424	0	0.1677432770747525	0	4.316
18.602070503693803	0.291257394736718	5.417990591614605	0	0.8512822679773772	0	0.12806392398608427	0	3.841
18.602070503693803	0.3816132824841912	7.098797185916943	0	0.8873592980366898	0	0.09784927253002998	0	4.919
18.602070503693803	0.5	9.301035251846901	0	0.10048030863127173	0	0.07475066499485586	0	5.984
23.673767141174974	0.001	0.023673767141174973	1	1	1	1	0	2.119
23.673767141174974	0.0013102269311622118	0.031018007270430494	1	1	1	1	0	2.066
23.673767141174974	0.0017166946111427472	0.04064062847670332	1	1	1	1	0	2.186
23.673767141174974	0.0022492595121002684	0.05324844592953459	1	1	1	1	0	2.19
23.673767141174974	0.0029470403879265483	0.06976754789941107	1	1	1	1	0	2.936
23.673767141174974	0.0038612916834840955	0.09141132017895798	1	1	1	1	0	2.159
23.673767141174974	0.005059168352773537	0.11976957351156248	1	1	1	1	0	2.093
23.673767141174974	0.006628658625087455	0.15692532074866147	1	1	1	1	0	2.024
23.673767141174974	0.00868504704807026	0.2056077814261644	1	1	1	1	0	2.181
23.673767141174974	0.011379382540792526	0.2693928524810743	1	1	1	1	0	2.123
23.673767141174974	0.01490957346494344	0.35296577038331234	1	1	1	1	0	2.372
23.673767141174974	0.01953492468591039	0.46246525813463324	1	1	1	1	0	2.427
23.673767141174974	0.025595184421705303	0.6059344359348806	1	1	1	1	0	2.405
23.673767141174974	0.03353549993738179	0.7939116164804644	0	0.9046575411506351	0	0.8731069426898493	0	3.796
23.673767141174974	0.043939115167946304	1.0402043808752302	0	0.7372110380514227	0	0.6664036923242457	0	3.633
23.673767141174974	0.05757021202448127	1.362903793735641	0	0.5643118590880778	0	0.5086399658746011	0	3.573
23.673767141174974	0.07543004222719393	1.7857132551355845	0	0.21294908474402863	0	0.3882039473951842	0	4.278
23.673767141174974	0.09883047274477236	2.3396895982119807	0	0.12388983151267065	0	0.29627407645827275	0	4.314
23.673767141174974	0.12949034700969375	3.065524322137433	0	0.10018108122648747	0	0.22622708472206618	0	5.437
23.673767141174974	0.16966173997764092	4.016532524997248	0	0.12952083732480194	0	0.17260332987710922	0	4.241
23.673767141174974	0.22229538090654555	5.2625690841403525	0	0.7521117755062573	0	0.13190621799492921	0	3.771
23.673767141174974	0.291257394736718	6.8951597411423435	1	1	0	0.10077968162096493	1	2.172
23.673767141174974	0.3816132824841912	9.034223987510169	0	0.10495178749869558	0	0.07682386634442527	0	7.335
23.673767141174974	0.5	11.836883570587487	0	0.962435011542612	0	0.05886051146093213	0	3.285
30.128218820764502	0.001	0.030128218820764503	1	1	1	1	0	2.156
30.128218820764502	0.0013102269311622118	0.03947480368691387	1	1	1	1	0	2.024
30.128218820764502	0.0017166946111427472	0.051720950892935914	1	1	1	1	0	1.995
30.128218820764502	0.0022492595121002684	0.06776618276524289	1	1	1	1	0	2.052
30.128218820764502	0.0029470403879265483	0.08878907768108175	1	1	1	1	0	2.071
30.128218820764502	0.0038612916834840955	0.11633384077080697	1	1	1	1	0	2.02
30.128218820764502	0.005059168352773537	0.15242373118344782	1	1	1	1	0	2.087
30.128218820764502	0.006628658625087455	0.1997096775447828	1	1	1	1	0	2.294
30.128218820764502	0.00868504704807026	0.26166499793289555	1	1	1	1	0	2.345
30.128218820764502	0.011379382540792526	0.34284052723418434	1	1	1	1	0	2.59
30.128218820764502	0.01490957346494344	0.44919889187608	1	1	1	1	0	2.264
30.128218820764502	0.01953492468591039	0.5885524855842624	1	1	1	1	0	2.236
30.128218820764502	0.025595184421705303	0.7711373170149601	0	0.9239207768077573	0	0.8989082166057585	0	2.393
30.128218820764502	0.03353549993738179	1.0103648803771728	0	0.7601821687642658	0	0.6860614576547297	0	3.756
30.128218820764502	0.043939115167946304	1.3238072765706588	0	0.5796538751780981	0	0.5236594766498501	0	3.744
30.128218820764502	0.05757021202448127	1.7344879454313793	0	0.2366546248436386	0	0.3996957318594875	0	4.152
30.128218820764502	0.07543004222719393	2.2725728178804054	0	0.12902929237436242	0	0.30509429894094753	0	4.139
30.128218820764502	0.09883047274477236	2.9775861090141036	0	0.10084613965660119	0	0.23283111807126058	0	5.506
30.128218820764502	0.12949034700969375	3.9013135098847815	0	0.12103090703731935	0	0.1778090060313736	0	5.393
30.128218820764502	0.16966173997764092	5.111606027558015	0	0.6524567961249387	0	0.13576463552459161	0	3.809
30.128218820764502	0.22229538090654555	6.697363878797599	1	1	0	0.10372257368045484	1	2.213
30.128218820764502	0.291257394736718	8.775066521793624	0	0.11471988133527655	0	0.07906738413339395	0	5.24
30.128218820764502	0.3816132824841912	11.497328479593929	0	0.7164473592431572	0	0.06047199164508203	0	3.736
30.128218820764502	0.5	15.064109410382251	0	0.11442546038008228	0	0.046110464188584575	0	5.056
38.342421968539206	0.001	0.03834242196853921	1	1	1	1	0	2.14
38.342421968539206	0.0013102269311622118	0.0502372738691657	1	1	1	1	0	2.158
38.342421968539206	0.0017166946111427472	0.06582222917155255	1	1	1	1	0	2.114
38.342421968539206	0.0022492595121002684	0.08624205732969911	1	1	1	1	0	2.054
38.342421968539206	0.0029470403879265483	0.11299666611220718	1	1	1	1	0	2.186
38.342421968539206	0.0038612916834840955	0.1480512750717583	1	1	1	1	0	3.232
38.342421968539206	0.005059168352773537	0.1939807677919224	1	1	1	1	0	2.219
38.342421968539206	0.006628658625087455	0.2541588260885001	1	1	1	1	0	2.11
38.342421968539206	0.00868504704807026	0.3330057387337257	1	1	1	1	0	2.145
38.342421968539206	0.011379382540792526	0.4363130871204948	1	1	1	1	0	2.109
38.342421968539206	0.01490957346494344	0.5716691571637966	1	1	1	1	0	2.107
38.342421968539206	0.01953492468591039	0.7490163254308094	0	0.9438155181588626	0	0.9254464111483748	0	2.223
38.342421968539206	0.025595184421705303	0.9813813614596059	0	0.7819329447855563	0	0.7063340411323726	0	3.5
38.342421968539206	0.03353549993738179	1.2858322895250125	0	0.5957527035276561	0	0.539122128979513	0	3.47
38.342421968539206	0.043939115167946304	1.6847320946936386	0	0.2855653331714817	0	0.41149160174918703	0	3.899
38.342421968539206	0.05757021202448127	2.2073813622609304	0	0.13482566772590815	0	0.31404827629215787	0	3.752
38.342421968539206	0.07543004222719393	2.8921705081798006	0	0.10197418669457728	0	0.2397641011599715	0	6.562
38.342421968539206	0.09883047274477236	3.789399689330275	0	0.11462373094684786	0	0.1830336085110982	0	5.093
38.342421968539206	0.12949034700969375	4.964973525898246	0	0.581949408280019	0	0.13965178140315088	0	3.619
38.342421968539206	0.16966173997764092	6.505242026139285	1	1	0	0.10668754463361928	1	2.135
38.342421968539206	0.22229538090654555	8.523343296375923	0	0.13180339023374837	0	0.08154300066724107	0	3.879
38.342421968539206	0.291257394736718	11.167513930452632	0	0.5512189787545602	0	0.06210754949090078	0	3.818
38.342421968539206	0.3816132824841912	14.63197750580821	0	0.1510128138165423	0	0.04745378730556079	0	3.763
38.342421968539206	0.5	19.171210984269603	1	1	0	0.036811490599661066	1	2.157
48.796157886382886	0.001	0.04879615788638289	1	1	1	1	0	1.943
48.796157886382886	0.0013102269311622118	0.06393404019998221	1	1	1	1	0	1.947
48.796157886382886	0.0017166946111427472	0.08376810128802417	1	1	1	1	0	1.93
48.796157886382886	0.0022492595121002684	0.10975522227989323	1	1	1	1	0	2.26
48.796157886382886	0.0029470403879265483	0.1438042480668109	1	1	1	1	0	1.956
48.796157886382886	0.0038612916834840955	0.1884161986326671	1	1	1	1	0	2.137
48.796157886382886	0.005059168352773537	0.24686797771572916	1	1	1	1	0	2.081
48.796157886382886	0.006628658625087455	0.32345307284470115	1	1	1	1	0	2.231
48.796157886382886	0.00868504704807026	0.42379692700829996	1	1	1	1	0	2.271
48.796157886382886	0.011379382540792526	0.555270147110061	1	1	1	1	0	2.15
48.796157886382886	0.01490957346494344	0.7275299008140048	0	0.9643588319600275	0	0.9527603939965282	0	2.341
48.796157886382886	0.01953492468591039	0.953229269272282	0	0.7970648442090329	0	0.7272049597242337	0	3.385
48.796157886382886	0.025595184421705303	1.2489466601726196	0	0.6126211620841273	0	0.5550413828042451	0	3.536
48.796157886382886	0.03353549993738179	1.636403549743265	0	0.48463494342236746	0	0.4236112715506655	0	3.797
48.796157886382886	0.043939115167946304	2.144060001123069	0	0.14136519161486213	0	0.3233596853500161	0	3.716
48.796157886382886	0.05757021202448127	2.8092051554991264	0	0.10354861010633262	0	0.24681246070025448	0	4.857
48.796157886382886	0.07543004222719393	3.6806962498946834	0	0.10978015907956652	0	0.18835129123081545	0	5.109
48.796157886382886	0.09883047274477236	4.822547352039773	0	0.5307847214379545	0	0.14385060292666013	0	3.89
48.796157886382886	0.12949034700969375	6.318631417447524	1	1	0	0.10972160628995006	1	1.994
48.796157886382886	0.16966173997764092	8.278841051227406	0	0.16147875889880683	0	0.08401440958959815	0	3.975
48.796157886382886	0.22229538090654555	10.84716050412942	0	0.2463149379150881	0	0.06404983652090415	0	3.839
48.796157886382886	0.291257394736718	14.212241819149437	0	0.48258179423181835	0	0.04903027518469067	0	3.921
48.796157886382886	0.3816132824841912	18.621261983639425	1	1	0	0.0378949091249597	1	2.137
48.796157886382886	0.5	24.398078943191443	0	0.9573996590699444	0	0.02883765597240777	0	2.239
62.10001617598707	0.001	0.06210001617598707	1	1	1	1	0	1.908
62.10001617598707	0.0013102269311622118	0.08136511361938725	1	1	1	1	0	1.955
62.10001617598707	0.0017166946111427472	0.10660676312119444	1	1	1	1	0	1.923
62.10001617598707	0.0022492595121002684	0.13967905208541945	1	1	1	1	0	1.977
62.10001617598707	0.0029470403879265483	0.18301125576152585	1	1	1	1	0	2.039
62.10001617598707	0.0038612916834840955	0.23978627600456667	1	1	1	1	0	2.136
62.10001617598707	0.005059168352773537	0.3141744365442785	1	1	1	1	0	2.165
62.10001617598707	0.006628658625087455	0.4116398078430272	1	1	1	1	0	2.177
62.10001617598707	0.00868504704807026	0.5393415621743719	1	1	1	1	0	2.172
62.10001617598707	0.011379382540792526	0.7066598398559607	0	0.9855683214290155	0	0.9809140143756903	0	2.336
62.10001617598707	0.01490957346494344	0.9258847533500553	0	0.812718807941712	0	0.7486566463865629	0	3.681
62.10001617598707	0.01953492468591039	1.2131191389917244	0	0.6302733423626778	0	0.571430129119557	0	3.754
62.10001617598707	0.025595184421705303	1.5894613666152717	0	0.4954199001758501	0	0.43611610898103326	0	3.692
62.10001617598707	0.03353549993738179	2.0825550885812225	0	0.1487620882717105	0	0.3329063036177855	0	3.725
62.10001617598707	0.043939115167946304	2.7286197626880244	0	0.10556215907800255	0	0.2541113296799122	0	4.876
62.10001617598707	0.05757021202448127	3.575111097975292	0	0.10615681919209462	0	0.19401285326166445	0	4.906
62.10001617598707	0.07543004222719393	4.684206842464131	0	0.4931498241120701	0	0.14814995924847574	0	3.791
62.10001617598707	0.09883047274477236	6.137373956130813	1	1	0	0.11310688143902951	1	1.989
62.10001617598707	0.12949034700969375	8.041352643936161	0	0.22448427018685277	0	0.08649211616107497	0	3.684
62.10001617598707	0.16966173997764092	10.535996797057614	0	0.15603031907555465	0	0.06606854662317622	0	4.043
62.10001617598707	0.22229538090654555	13.804546750143686	0	0.6177914099991264	0	0.05058986509258331	0	3.522
62.10001617598707	0.291257394736718	18.087088924526043	0	0.9315737254807958	0	0.03898261742847338	0	2.242
62.10001617598707	0.3816132824841912	23.698191015239797	0	0.5391103345596471	0	0.029554930086428653	0	3.771
62.10001617598707	0.5	31.050008087993536	1	1	0	0.02343626974121122	1	2.175
79.03105851155611	0.001	0.07903105851155612	1	1	1	1	0	1.991
79.03105851155611	0.0013102269311622118	0.10354862126009737	1	1	1	1	0	2.123
79.03105851155611	0.0017166946111427472	0.1356721922596955	1	1	1	1	0	2.393
79.03105851155611	0.0022492595121002684	0.17776136010847046	1	1	1	1	0	2.038
79.03105851155611	0.0029470403879265483	0.23290772133414206	1	1	1	1	0	2.225
79.03105851155611	0.0038612916834840955	0.30516196896761655	1	1	1	1	0	2.249
79.03105851155611	0.005059168352773537	0.3998314301078584	1	1	1	1	0	3.468
79.03105851155611	0.006628658625087455	0.5238699076524177	1	1	1	1	0	2.427
79.03105851155611	0.00868504704807026	0.6863884614316583	1	1	1	1	0	2.248
79.03105851155611	0.011379382540792526	0.8993246474067541	0	0.8289084138716966	0	0.7707853144542046	0	3.951
79.03105851155611	0.01490957346494344	1.1783193728902894	0	0.6487245413933851	0	0.5883007547186045	0	3.445
79.03105851155611	0.01953492468591039	1.543865775871026	0	0.5069168554410886	0	0.44902059478325324	0	3.938
79.03105851155611	0.025595184421705303	2.022814517645861	0	0.1571713785274091	0	0.34268967647659937	0	4.111
79.03105851155611	0.03353549993738179	2.6503460577655065	0	0.10801601456757937	0	0.2616095650051005	0	5.155
79.03105851155611	0.043939115167946304	3.472554781783967	0	0.10351740204573517	0	0.1996975570020282	0	5.336
79.03105851155611	0.05757021202448127	4.54983479502947	0	0.2373136938240144	0	0.1524696866266934	0	4.03
79.03105851155611	0.07543004222719393	5.961316080786512	1	1	0	0.11649389623082046	1	2.254
79.03105851155611	0.09883047274477236	7.810676874216855	0	0.5113072349994439	0	0.08898487499777243	0	3.969
79.03105851155611	0.12949034700969375	10.233759191204811	0	0.12439629071415632	0	0.06808140785721997	0	4.323
79.03105851155611	0.16966173997764092	13.408546899345358	0	0.8674685472137919	0	0.05214197000264534	0	3.716
79.03105851155611	0.22229538090654555	17.568239255273856	0	0.5977504390147778	0	0.04007827364976971	0	3.6
79.03105851155611	0.291257394736718	23.018380205360955	0	0.1447946993852571	0	0.03028925856475071	0	4.068
79.03105851155611	0.3816132824841912	30.159301656795105	0	0.609004433379598	0	0.024047114064552857	0	3.731
79.03105851155611	0.5	39.515529255778056	0	0.20222600129323157	0	0.018470070084058463	0	3.903
100.57820583744368	0.001	0.10057820583744367	1	1	1	1	0	2.064
100.57820583744368	0.0013102269311622118	0.1317802739761951	1	1	1	1	0	2.123
100.57820583744368	0.0017166946111427472	0.17266206395954556	1	1	1	1	0	2.632
100.57820583744368	0.0022492595121002684	0.22622648618984892	1	1	1	1	0	2.215
100.57820583744368	0.0029470403879265483	0.2964080347481362	1	1	1	1	0	2.404
100.57820583744368	0.0038612916834840955	0.3883617897398728	1	1	1	1	0	2.269
100.57820583744368	0.005059168352773537	0.5088420759515376	1	1	1	1	0	2.583
100.57820583744368	0.006628658625087455	0.6666985916201924	1	1	1	1	0	2.171
100.57820583744368	0.00868504704807026	0.8735264497086931	0	0.8456476792818931	0	0.7935405845092384	0	4
100.57820583744368	0.011379382540792526	1.1445178794908435	0	0.6679912047353014	0	0.6056652161501561	0	3.628
100.57820583744368	0.01490957346494344	1.4995781489055697	0	0.5191280335494792	0	0.4622899801199609	0	3.939
100.57820583744368	0.01953492468591039	1.9647876760784548	0	0.1668112491532655	0	0.35286133613260967	0	4.051
100.57820583744368	0.025595184421705303	2.5743177272136077	0	0.1109193727055351	0	0.26932846049245085	0	5.321
100.57820583744368	0.03353549993738179	3.3729404155635647	0	0.10169477007187003	0	0.20557223567838503	0	5.357
100.57820583744368	0.043939115167946304	4.419317369676847	0	0.18858135597653203	0	0.15687302223147387	0	4.055
100.57820583744368	0.05757021202448127	5.7903086351035515	1	1	0	0.11989573008337392	1	2.395
100.57820583744368	0.07543004222719393	7.58661831345378	0	0.5881379146585127	0	0.09150014283145275	0	3.598
100.57820583744368	0.09883047274477236	9.940191630735582	0	0.10888064899230765	0	0.07009742477556477	0	5.219
100.57820583744368	0.12949034700969375	13.023906775502986	1	1	0	0.05369410755792522	1	2.323
100.57820583744368	0.16966173997764092	17.064273406210013	0	0.213113511618365	0	0.041185010685611756	0	4.095
100.57820583744368	0.22229538090654555	22.358070577531485	0	0.10435080351175634	0	0.031041442568680237	0	5.289
100.57820583744368	0.291257394736718	29.29414619950721	0	0.14391418484840757	0	0.02466694398471464	0	4.198
100.57820583744368	0.3816132824841912	38.38197927599752	1	1	0	0.0190904075811806	1	2.253
100.57820583744368	0.5	50.28910291872184	1	1	0	0.014240795594110523	1	2.199
128	0.001	0.128	1	1	1	1	0	2.195
128	0.0013102269311622118	0.16770904718876312	1	1	1	1	0	2.173
128	0.0017166946111427472	0.21973691022627165	1	1	1	1	0	2.288
128	0.0022492595121002684	0.28790521754883436	1	1	1	1	0	2.27
128	0.0029470403879265483	0.3772211696545982	1	1	1	1	0	2.193
128	0.0038612916834840955	0.4942453354859642	1	1	1	1	0	2.179
128	0.005059168352773537	0.6475735491550128	1	1	1	1	0	2.201
128	0.006628658625087455	0.8484683040111942	0	0.8629510725085615	0	0.816979931326846	0	3.394
128	0.00868504704807026	1.1116860221529932	0	0.6880908790486172	0	0.6235351200673958	0	3.325
128	0.011379382540792526	1.4565609652214433	0	0.5320577662598783	0	0.47594121329649364	0	3.96
128	0.01490957346494344	1.9084254035127604	0	0.17800539700163773	0	0.3632630090743109	0	3.645
128	0.01953492468591039	2.50047035979653	0	0.11428949443015475	0	0.2772810551703703	0	4.663
128	0.025595184421705303	3.2761836059782787	0	0.10056860689973127	0	0.21169445025606162	0	5.19
128	0.03353549993738179	4.292543991984869	0	0.16231178549395475	0	0.16162306092970335	0	3.854
128	0.043939115167946304	5.624206741497127	1	1	0	0.12332340770948366	1	2.441
128	0.05757021202448127	7.368987139133602	0	0.7049829474007213	0	0.09408807152282153	0	3.467
128	0.07543004222719393	9.655045405080823	0	0.10167877114738685	0	0.0721240556586624	0	4.69
128	0.09883047274477236	12.650300511330862	1	1	0	0.05525244513540978	1	2.119
128	0.12949034700969375	16.5747644172408	0	0.12884675855174754	0	0.042305563344066294	0	3.806
128	0.16966173997764092	21.716702717138038	0	0.1023980088797052	0	0.03209317176290127	0	4.749
128	0.22229538090654555	28.45380875603783	0	0.10101460323562861	0	0.025296996536721725	0	7.394
128	0.291257394736718	37.28094652629991	1	1	0	0.019696012960279227	1	3.123
128	0.3816132824841912	48.84650015797647	0	0.5442867565516355	0	0.014545249434715057	0	5.416
128	0.5	64	0	0.6543779685315452	0	0.012008435380362722	0	4.67
