full_step	0	0.010000000000000002	1	0	0	0	999.9999999999998	999.9999999999998	0	0	0
half_step_1	0	0.005000000000000001	0	0	0	0	999.9999999999998	999.9999999999998	0	0	0
half_step_2	0.005000000000000001	0.005000000000000001	0	0	0	0	999.9999999999998	999.9999999999998	0	0	0
full_step	0.010000000000000002	0.05000000000000001	1	0	0	0	999.9999999999998	999.9999999999998	0	0	0
half_step_1	0.010000000000000002	0.025000000000000005	0	0	0	0	999.9999999999998	999.9999999999998	0	0	0
half_step_2	0.035	0.025000000000000005	0	0	0	0	999.9999999999998	999.9999999999998	0	0	0
full_step	0.06000000000000001	0.1	1	0	0	0	999.9999999999998	999.9999999999998	0	0	0
half_step_1	0.06000000000000001	0.05	0	0	0	0	999.9999999999998	999.9999999999998	0	0	0
half_step_2	0.11000000000000001	0.05	7	0	0	0	23498816951.2067	998744147.4386977	0.7567503621422288	0.23510309748783884	2410
full_step	0.06000000000000001	0.08653301474726346	1	0	0	0	23498816951.2067	999.9999999999998	0	0	0
half_step_1	0.06000000000000001	0.04326650737363173	0	0	0	0	23498816951.2067	999.9999999999998	0	0	0
half_step_2	0.10326650737363174	0.04326650737363173	7	0	0	0	23498816951.2067	597138938.9118576	0.6119759599872356	0.15641544426611187	1866
full_step	0.1465330147472635	0.08653301474726346	10	0	0	0	23498816951.2067	147206479.46056905	0.5486064225060853	0.10051090579154096	2716
half_step_1	0.1465330147472635	0.04326650737363173	7	0	0	0	23498816951.2067	230770734.00447008	0.5486064225060853	0.10051090579154096	2716
half_step_2	0.18979952212089524	0.04326650737363173	8	0	0	0	38878301910.745674	777702503.6411327	0.4842394521524166	0.13024392798824636	4530
full_step	0.1465330147472635	0.06818620594166652	9	0	0	0	38878301910.745674	190224543.82705975	0.5486064225060853	0.10051090579154096	2716
half_step_1	0.1465330147472635	0.03409310297083326	7	0	0	0	38878301910.745674	239005522.10298723	0.5486064225060853	0.10051090579154096	2716
half_step_2	0.18062611771809675	0.03409310297083326	10	0	0	0	38878301910.745674	131636244.07115935	0.49783580306348973	0.07887391474647092	3416
full_step	0.21471922068893	0.06818620594166652	8	0	0	0	38878301910.745674	614103229.3715147	0.44694346747018376	0.09164987615442927	4830
half_step_1	0.21471922068893	0.03409310297083326	7	0	0	0	38878301910.745674	448719254.4134569	0.44694346747018376	0.09164987615442927	4830
half_step_2	0.24881232365976327	0.03409310297083326	8	0	0	0	38878301910.745674	199316570.64486384	0.46685667764617467	0.138044357413841	6697
full_step	0.21471922068893	0.05531700103855284	8	0	0	0	38878301910.745674	595392788.262449	0.44694346747018376	0.09164987615442927	4830
half_step_1	0.21471922068893	0.02765850051927642	7	0	0	0	38878301910.745674	385881553.8238798	0.44694346747018376	0.09164987615442927	4830
half_step_2	0.24237772120820644	0.02765850051927642	16	40	8	2.5	38878301910.745674	61856528.388452716	0.4057947735307599	0.08947764273680354	5801
full_step	0.2700362217274829	0.05531700103855284	7	20	9	2.857142857142857	38878301910.745674	6188992.630415512	0.3648984517954482	0.07843869570030375	5083
half_step_1	0.2700362217274829	0.02765850051927642	5	2	2	0.4	38878301910.745674	5564385.823270516	0.3648984517954482	0.07843869570030375	5083
half_step_2	0.2976947222467593	0.02765850051927642	5	9	6	1.8	38878301910.745674	14026240.412088158	0.3240737112497485	0.06754574534192954	4484
full_step	0.32535322276603573	0.09999999999999998	10	57	10	5.7	38878301910.745674	64324126.23500249	0.2834041463289617	0.06049787568236112	3677
half_step_1	0.32535322276603573	0.04999999999999999	7	24	8	3.4285714285714284	38878301910.745674	27017274.668572444	0.2834041463289617	0.06049787568236112	3677
half_step_2	0.3753532227660357	0.04999999999999999	3	18	7	6	38878301910.745674	117312897.75792924	0.21043260751013604	0.04248187512591982	2784
full_step	0.4253532227660357	0.09999999999999998	11	67	11	6.090909090909091	38878301910.745674	11614266.86908126	0.1383510582119507	0.024290210717463658	2068
half_step_1	0.4253532227660357	0.04999999999999999	7	13	9	1.8571428571428572	38878301910.745674	28762887.435518183	0.1383510582119507	0.024290210717463658	2068
half_step_2	0.4753532227660357	0.04999999999999999	11	58	9	5.2727272727272725	38878301910.745674	3291687.1180653106	0.06674398295658113	0.008928659416705209	1285
full_step	0.5253532227660357	0.09999999999999998	15	89	11	5.933333333333334	38878301910.745674	10533138.712262353	0.005955217360915754	-0.0005530923710587941	381
half_step_1	0.5253532227660357	0.04999999999999999	14	80	12	5.714285714285714	38878301910.745674	3571599.0045483955	0.005955217360915754	-0.0005530923710587941	381
half_step_2	0.5753532227660356	0.04999999999999999	10	35	9	3.5	38878301910.745674	2582083.1795960283	0.0013968498522414219	-0.001652100622499558	183
full_step	0.5253532227660357	0.08793289795232037	12	82	11	6.833333333333333	38878301910.745674	10022652.871481458	0.005955217360915754	-0.0005530923710587941	381
half_step_1	0.5253532227660357	0.043966448976160186	12	52	9	4.333333333333333	38878301910.745674	3397089.3710399796	0.005955217360915754	-0.0005530923710587941	381
half_step_2	0.5693196717421959	0.043966448976160186	10	31	10	3.1	38878301910.745674	2710336.7590952734	0.0019040985122188436	-0.001647204656319639	256
full_step	0.6132861207183561	0.08793289795232037	21	94	9	4.476190476190476	38878301910.745674	59339484.62894841	0.10182561138451551	0.016389492762558293	374
half_step_1	0.6132861207183561	0.043966448976160186	19	90	11	4.7368421052631575	38878301910.745674	55439971.6583924	0.10182561138451551	0.016389492762558293	374
half_step_2	0.6572525696945163	0.043966448976160186	25	106	12	4.24	38878301910.745674	140594453.87005094	0.1726538701830025	0.04123082394343303	1004
full_step	0.6132861207183561	0.06084587631640602	21	87	7	4.142857142857143	38878301910.745674	61734465.16840446	0.10182561138451551	0.016389492762558293	374
half_step_1	0.6132861207183561	0.03042293815820301	16	71	13	4.4375	38878301910.745674	62113307.234636225	0.10182561138451551	0.016389492762558293	374
half_step_2	0.643709058876559	0.03042293815820301	24	93	10	3.875	38878301910.745674	81029438.77081391	0.08239882592012593	0.015168408914399611	720
full_step	0.6132861207183561	0.053742248422587985	17	63	9	3.7058823529411766	38878301910.745674	59615113.926869296	0.10182561138451551	0.016389492762558293	374
half_step_1	0.6132861207183561	0.026871124211293992	16	72	13	4.5	38878301910.745674	62111027.85757604	0.10182561138451551	0.016389492762558293	374
half_step_2	0.6401572449296501	0.026871124211293992	19	66	10	3.473684210526316	38878301910.745674	65507608.564420685	0.06926751403190146	0.011810827404483833	678
full_step	0.6670283691409441	0.053742248422587985	12	55	15	4.583333333333333	38878301910.745674	17729493.726927917	0.029355386944900697	0.0018431137898868874	327
half_step_1	0.6670283691409441	0.026871124211293992	11	60	15	5.454545454545454	38878301910.745674	16597398.521443935	0.029355386944900697	0.0018431137898868874	327
half_step_2	0.6938994933522381	0.026871124211293992	16	50	10	3.125	38878301910.745674	30965284.22242166	0.08797625091775862	0.00763261750534826	384
full_step	0.7207706175635321	0.053742248422587985	27	139	13	5.148148148148148	38878301910.745674	51238916.307625525	0.07466667684836636	0.00894795059011651	483
half_step_1	0.7207706175635321	0.026871124211293992	21	113	13	5.380952380952381	38878301910.745674	42874041.96179076	0.07466667684836636	0.00894795059011651	483
half_step_2	0.7476417417748261	0.026871124211293992	21	74	11	3.5238095238095237	38878301910.745674	121146106.13246162	0.15753779631807985	0.03167363903115155	929
full_step	0.7207706175635321	0.03781240727298064	27	148	12	5.481481481481482	38878301910.745674	43931157.809669256	0.07466667684836636	0.00894795059011651	483
half_step_1	0.7207706175635321	0.01890620363649032	18	103	15	5.722222222222222	38878301910.745674	41659175.40176677	0.07466667684836636	0.00894795059011651	483
half_step_2	0.7396768212000224	0.01890620363649032	18	65	10	3.611111111111111	38878301910.745674	68708967.63240896	0.11727119509878037	0.016099681702268494	780
full_step	0.7207706175635321	0.02783997914302865	24	131	11	5.458333333333333	38878301910.745674	42786687.67335308	0.07466667684836636	0.00894795059011651	483
half_step_1	0.7207706175635321	0.013919989571514324	22	117	12	5.318181818181818	38878301910.745674	40888347.21033975	0.07466667684836636	0.00894795059011651	483
half_step_2	0.7346906071350464	0.013919989571514324	24	112	10	4.666666666666667	38878301910.745674	65280729.806280464	0.08768474315428221	0.011573844691733545	610
full_step	0.7486105967065607	0.02783997914302865	17	46	9	2.7058823529411766	38878301910.745674	96221018.7438922	0.1740667186153566	0.0338695859840311	722
half_step_1	0.7486105967065607	0.013919989571514324	15	55	10	3.6666666666666665	38878301910.745674	80189270.44494942	0.1740667186153566	0.0338695859840311	722
half_step_2	0.762530586278075	0.013919989571514324	23	120	14	5.217391304347826	38878301910.745674	35794650.31412117	0.1589408642728668	0.025835419316560686	691
full_step	0.7764505758495893	0.02783997914302865	29	138	12	4.758620689655173	38878301910.745674	34759086.44183194	0.14160061880513308	0.022289503766313116	582
half_step_1	0.7764505758495893	0.013919989571514324	19	101	12	5.315789473684211	38878301910.745674	40436409.02699412	0.14160061880513308	0.022289503766313116	582
half_step_2	0.7903705654211036	0.013919989571514324	28	123	11	4.392857142857143	38878301910.745674	108877293.1440519	0.16526702147845695	0.03841781902428606	1120
full_step	0.7764505758495893	0.024213567090476687	24	113	12	4.708333333333333	38878301910.745674	34464934.308465384	0.14160061880513308	0.022289503766313116	582
half_step_1	0.7764505758495893	0.012106783545238343	20	114	14	5.7	38878301910.745674	38869464.817487754	0.14160061880513308	0.022289503766313116	582
half_step_2	0.7885573593948276	0.012106783545238343	29	113	11	3.896551724137931	38878301910.745674	77444447.48858522	0.13553532995044215	0.030767749491564897	1029
full_step	0.800664142940066	0.024213567090476687	29	138	12	4.758620689655173	38878301910.745674	93987679.37539253	0.1505348870332731	0.032685075392424955	1665
half_step_1	0.800664142940066	0.012106783545238343	21	109	15	5.190476190476191	38878301910.745674	99724849.2764776	0.1505348870332731	0.032685075392424955	1665
half_step_2	0.8127709264853044	0.012106783545238343	27	139	13	5.148148148148148	38878301910.745674	7159876.551664555	0.1363135053030552	0.026524483390857445	1261
full_step	0.8248777100305428	0.024213567090476687	15	57	9	3.8	38878301910.745674	1743209.905211515	0.11816405369302363	0.024219124437659723	837
half_step_1	0.8248777100305428	0.012106783545238343	6	37	10	6.166666666666667	38878301910.745674	1298665.1254676091	0.11816405369302363	0.024219124437659723	837
half_step_2	0.8369844935757811	0.012106783545238343	20	79	10	3.95	38878301910.745674	72963447.38872127	0.2347205739149968	0.027364406397537726	755
full_step	0.8490912771210195	0.03421928012302638	19	48	11	2.526315789473684	38878301910.745674	245142342.53792414	0.30305447973270894	0.026527815124147498	1108
half_step_1	0.8490912771210195	0.01710964006151319	16	51	13	3.1875	38878301910.745674	155869507.20884976	0.30305447973270894	0.026527815124147498	1108
half_step_2	0.8662009171825327	0.01710964006151319	23	97	11	4.217391304347826	38878301910.745674	280649921.9506477	0.43201944435781114	0.0371585562885028	1692
full_step	0.8833105572440458	0.03421928012302638	27	121	12	4.481481481481482	38878301910.745674	155559077.42488402	0.40734601151218786	0.031039249896466756	1918
half_step_1	0.8833105572440458	0.01710964006151319	22	95	11	4.318181818181818	38878301910.745674	108827575.21254401	0.40734601151218786	0.031039249896466756	1918
half_step_2	0.900420197305559	0.01710964006151319	22	98	12	4.454545454545454	38878301910.745674	130855832.97494726	0.3821159488951136	0.03625572837178166	2267
full_step	0.9175298373670722	0.03421928012302638	16	52	13	3.25	38878301910.745674	54953432.99507967	0.3567384922501894	0.030268958082403888	2293
half_step_1	0.9175298373670722	0.01710964006151319	13	59	13	4.538461538461538	38878301910.745674	35093497.257291466	0.3567384922501894	0.030268958082403888	2293
half_step_2	0.9346394774285853	0.01710964006151319	36	200	13	5.555555555555555	38878301910.745674	14526669.909013513	0.33139815602977074	0.026126085348429133	2172
full_step	0.9517491174900985	0.04466588434159141	27	103	9	3.814814814814815	38878301910.745674	398384825.86747164	0.39564463792218174	0.02929380278765968	2363
half_step_1	0.9517491174900985	0.022332942170795705	23	116	12	5.043478260869565	38878301910.745674	328311395.492169	0.39564463792218174	0.02929380278765968	2363
half_step_2	0.9740820596608942	0.022332942170795705	17	81	12	4.764705882352941	38878301910.745674	73826210.4546619	0.3636168382850532	0.02489171894243335	2172
full_step	0.99641500183169	0.08254940206740072	27	114	10	4.222222222222222	38878301910.745674	23426665.140042186	0.33097536581376397	0.02016421345411826	1880
half_step_1	0.99641500183169	0.04127470103370036	19	80	9	4.2105263157894735	38878301910.745674	29158881.23993592	0.33097536581376397	0.02016421345411826	1880
half_step_2	1.0376897028653904	0.04127470103370036	29	101	14	3.4827586206896552	38878301910.745674	344317012.56615156	0.34392312348254217	0.028104765811304642	1815
full_step	0.99641500183169	0.043729417063475384	23	95	11	4.130434782608695	38878301910.745674	26120260.16929576	0.33097536581376397	0.02016421345411826	1880
half_step_1	0.99641500183169	0.021864708531737692	19	88	12	4.631578947368421	38878301910.745674	24062710.632926576	0.33097536581376397	0.02016421345411826	1880
half_step_2	1.0182797103634276	0.021864708531737692	20	105	13	5.25	38878301910.745674	43410761.868721	0.2988735006361195	0.017539008118768545	1616
full_step	1.0401444188951654	0.05794691616465311	21	100	12	4.761904761904762	38878301910.745674	9107532.305197189	0.2667698055455623	0.014310410310270786	1319
half_step_1	1.0401444188951654	0.028973458082326556	24	157	15	6.541666666666667	38878301910.745674	8334439.328943212	0.2667698055455623	0.014310410310270786	1319
half_step_2	1.069117876977492	0.028973458082326556	27	155	13	5.7407407407407405	38878301910.745674	38631666.53659673	0.2241726888040565	0.012935563261673558	1087
full_step	1.0401444188951654	0.03618827679133337	17	70	14	4.117647058823529	38878301910.745674	9321626.058044279	0.2667698055455623	0.014310410310270786	1319
half_step_1	1.0401444188951654	0.018094138395666686	20	121	17	6.05	38878301910.745674	7188001.625687856	0.2667698055455623	0.014310410310270786	1319
half_step_2	1.0582385572908322	0.018094138395666686	22	97	10	4.409090909090909	38878301910.745674	16506550.239143763	0.2401484565141777	0.014621688205105792	1056
full_step	1.0763326956864987	0.03618827679133337	13	41	8	3.1538461538461537	38878301910.745674	4926697.212239509	0.2137465666608156	0.010500231287591972	880
half_step_1	1.0763326956864987	0.018094138395666686	9	32	10	3.5555555555555554	38878301910.745674	3260777.913450016	0.2137465666608156	0.010500231287591972	880
half_step_2	1.0944268340821655	0.018094138395666686	22	115	12	5.2272727272727275	38878301910.745674	14843702.441330714	0.18739413160055696	0.008708506039450213	940
full_step	1.112520972477832	0.06702419798736425	27	118	12	4.37037037037037	38878301910.745674	20964507.28428924	0.16116507756778187	0.0075279794260091435	904
half_step_1	1.112520972477832	0.03351209899368213	22	97	11	4.409090909090909	38878301910.745674	33521358.29442358	0.16116507756778187	0.0075279794260091435	904
half_step_2	1.1460330714715141	0.03351209899368213	18	107	15	5.944444444444445	38878301910.745674	7425742.821456977	0.1127506813169169	0.004048262238244288	768
full_step	1.1795451704651962	0.08572183348909139	21	106	11	5.0476190476190474	38878301910.745674	21474461.50757672	0.06467566613173159	0.0022004990727579627	764
half_step_1	1.1795451704651962	0.042860916744545695	18	87	11	4.833333333333333	38878301910.745674	16251946.116532337	0.06467566613173159	0.0022004990727579627	764
half_step_2	1.222406087209742	0.042860916744545695	17	91	11	5.352941176470588	38878301910.745674	3252021.6678258325	0.00521102660890016	-0.0014301382654260432	453
full_step	1.2652670039542877	0.08572183348909139	26	121	14	4.653846153846154	38878301910.745674	31002412.599574283	0.07168528423062381	0.0003438031801778195	612
half_step_1	1.2652670039542877	0.042860916744545695	25	114	10	4.56	38878301910.745674	22364602.15371782	0.07168528423062381	0.0003438031801778195	612
half_step_2	1.3081279206988334	0.042860916744545695	13	56	8	4.3076923076923075	38878301910.745674	3094742.6064329897	0.021975159487192086	-0.000852598380875454	521
full_step	1.3509888374433792	0.1	19	59	9	3.1052631578947367	38878301910.745674	54111320.99958618	0.26035418332773963	0.0112799963416641	794
half_step_1	1.3509888374433792	0.05	10	28	10	2.8	38878301910.745674	98418757.33819067	0.26035418332773963	0.0112799963416641	794
half_step_2	1.4009888374433792	0.05	10	48	10	4.8	38878301910.745674	27128806.278434206	0.18981678182353545	0.007026675571693447	738
full_step	1.4509888374433793	0.1	7	31	10	4.428571428571429	38878301910.745674	7784230.701892337	0.11821345310155007	0.0024029421998237946	685
half_step_1	1.4509888374433793	0.05	4	0	0	0	38878301910.745674	5251735.778805518	0.11821345310155007	0.0024029421998237946	685
half_step_2	1.5009888374433793	0.05	5	19	8	3.8	38878301910.745674	3936605.116954631	0.04674258350882521	6.187766613822202e-05	629
full_step	1.5509888374433793	0.1	9	55	11	6.111111111111111	38878301910.745674	9878004.081262557	0.0008333953057573229	-0.0014784844588942696	511
half_step_1	1.5509888374433793	0.05	8	45	12	5.625	38878301910.745674	4244668.963951139	0.0008333953057573229	-0.0014784844588942696	511
half_step_2	1.6009888374433794	0.05	4	10	6	2.5	38878301910.745674	4075341.8148794244	0.0019797721302651228	-0.0014826839336691555	536
full_step	1.6509888374433794	0.1	5	26	11	5.2	38878301910.745674	8077315.206399607	0.0002734374789242766	-0.0015247718286340783	528
half_step_1	1.6509888374433794	0.05	4	15	9	3.75	38878301910.745674	4074814.469864649	0.0002734374789242766	-0.0015247718286340783	528
half_step_2	1.7009888374433795	0.05	6	27	9	4.5	38878301910.745674	159139.42699548998	0.0002751323045157017	-0.0014862847382780618	538
full_step	1.7509888374433795	0.1	3	7	3	2.3333333333333335	38878301910.745674	345925.17043842346	0.0002758552941556358	-0.0014935462633767467	528
half_step_1	1.7509888374433795	0.05	2	0	0	0	38878301910.745674	165526.0694938786	0.0002758552941556358	-0.0014935462633767467	528
half_step_2	1.8009888374433796	0.05	2	0	0	0	38878301910.745674	159361.4827950101	0.0002759650687772508	-0.0014716193293952964	536
full_step	1.8509888374433796	0.1	2	3	3	1.5	38878301910.745674	230798.5667003398	0.0002759188017145142	-0.0014922247174726986	517
half_step_1	1.8509888374433796	0.05	2	0	0	0	38878301910.745674	159327.40920896493	0.0002759188017145142	-0.0014922247174726986	517
half_step_2	1.9009888374433797	0.05	2	0	0	0	38878301910.745674	159319.17795337594	0.00027588011496570974	-0.001491360420054998	537
full_step	1.9509888374433797	0.1	2	3	3	1.5	38878301910.745674	194950.84833615055	0.0002758727726204224	-0.0015038750950434787	536
half_step_1	1.9509888374433797	0.05	2	0	0	0	38878301910.745674	159168.50009178618	0.0002758727726204224	-0.0015038750950434787	536
half_step_2	2.0009888374433795	0.05	2	0	0	0	38878301910.745674	159258.9609561131	0.0002758789060184341	-0.0015018931069924074	544
full_step	2.05098883744338	0.1	2	3	3	1.5	38878301910.745674	230443.1054957277	0.0002758818190886636	-0.0014814697262971626	543
half_step_1	2.05098883744338	0.05	2	0	0	0	38878301910.745674	159312.16454453912	0.0002758818190886636	-0.0014814697262971626	543
half_step_2	2.1009888374433796	0.05	2	0	0	0	38878301910.745674	159324.17577459177	0.000275877024596638	-0.001509619649968194	541
full_step	2.15098883744338	0.1	2	3	3	1.5	38878301910.745674	196229.74376710659	0.00027587410666707335	-0.0015051448522794386	524
half_step_1	2.15098883744338	0.05	2	0	0	0	38878301910.745674	159223.6363310815	0.00027587410666707335	-0.0015051448522794386	524
half_step_2	2.2009888374433797	0.05	2	0	0	0	38878301910.745674	159321.28151300905	0.000275879710198601	-0.0014991763969847906	555
full_step	2.25098883744338	0.1	2	2	2	1	38878301910.745674	243817.7183002595	0.00027588046588500337	-0.001475850384714859	562
half_step_1	2.25098883744338	0.05	2	0	0	0	38878301910.745674	159275.666452973	0.00027588046588500337	-0.001475850384714859	562
half_step_2	2.30098883744338	0.05	2	0	0	0	38878301910.745674	159259.28795144847	0.00027587961180697285	-0.0014873092581663484	534
full_step	2.35098883744338	0.1	2	2	2	1	38878301910.745674	196029.51807091697	0.0002758800961167873	-0.0014970875734794822	533
half_step_1	2.35098883744338	0.05	2	0	0	0	38878301910.745674	159353.63327512928	0.0002758800961167873	-0.0014970875734794822	533
half_step_2	2.40098883744338	0.05	2	0	0	0	38878301910.745674	159161.4996453212	0.00027587937724682376	-0.0015262325319885524	532
full_step	2.45098883744338	0.1	2	2	2	1	38878301910.745674	230813.0543694681	0.00027587730560418855	-0.0014854999746431402	545
half_step_1	2.45098883744338	0.05	2	0	0	0	38878301910.745674	159312.79559405128	0.00027587730560418855	-0.0014854999746431402	545
half_step_2	2.50098883744338	0.05	2	0	0	0	38878301910.745674	159253.812371318	0.00027587352727687087	-0.0014899880766102084	549
full_step	2.5509888374433802	0.1	2	2	2	1	38878301910.745674	232640.34310792538	0.0002758765922594719	-0.0014754794364748656	542
half_step_1	2.5509888374433802	0.05	2	0	0	0	38878301910.745674	159237.24533105115	0.0002758765922594719	-0.0014754794364748656	542
half_step_2	2.60098883744338	0.05	2	0	0	0	38878301910.745674	159386.72437917322	0.0002758776610621849	-0.0014942707325604357	522
full_step	2.6509888374433803	0.1	2	3	3	1.5	38878301910.745674	232871.61074261036	0.0002758748090710972	-0.0015086469145996727	528
half_step_1	2.6509888374433803	0.05	2	0	0	0	38878301910.745674	159318.88203079437	0.0002758748090710972	-0.0015086469145996727	528
half_step_2	2.70098883744338	0.05	2	0	0	0	38878301910.745674	159334.3856974619	0.0002758755230449772	-0.0014779601134625308	522
full_step	2.7509888374433804	0.1	2	2	2	1	38878301910.745674	232656.1692797809	0.00027587676466778177	-0.0014997296201833044	530
half_step_1	2.7509888374433804	0.05	2	0	0	0	38878301910.745674	159275.89951599788	0.00027587676466778177	-0.0014997296201833044	530
half_step_2	2.8009888374433802	0.05	2	0	0	0	38878301910.745674	159299.19038272343	0.00027587651530625035	-0.0015078266581864226	536
full_step	2.8509888374433805	0.1	2	3	3	1.5	38878301910.745674	232704.9351897034	0.0002758771760054124	-0.0014712398894706769	545
half_step_1	2.8509888374433805	0.05	2	0	0	0	38878301910.745674	159298.235927911	0.0002758771760054124	-0.0014712398894706769	545
half_step_2	2.9009888374433803	0.05	2	0	0	0	38878301910.745674	159274.7017503016	0.00027587650978921907	-0.0015074652745629689	514
full_step	2.9509888374433806	0.049011162556619414	1	0	0	0	38878301910.745674	158392.26235704357	0.00027587722417465876	-0.0014737529293893323	537
half_step_1	2.9509888374433806	0.024505581278309707	1	2	2	2	38878301910.745674	146969.6326778292	0.00027587722417465876	-0.0014737529293893323	537
half_step_2	2.9754944187216905	0.024505581278309707	1	2	2	2	38878301910.745674	146965.82944482955	0.0002758740301520568	-0.0014565248963801117	543
