step_type	time	step_size	num_solver_iterations	total_linesearch_iterations	max_linesearch_iterations	mean_linesearch_iterations	max_condition_number	last_condition_number	max_e0	mean_e0	total_num_constraint_pairs
full_step	0	0.010000000000000002	1	0	0	0	206.6666	206.6666	0	0	0
half_step_1	0	0.005000000000000001	0	0	0	0	206.6666	206.6666	0	0	0
half_step_2	0.005000000000000001	0.005000000000000001	0	0	0	0	206.6666	206.6666	0	0	0
full_step	0.010000000000000002	0.05000000000000001	1	0	0	0	206.6666	206.6666	0	0	0
half_step_1	0.010000000000000002	0.025000000000000005	0	0	0	0	206.6666	206.6666	0	0	0
half_step_2	0.035	0.025000000000000005	0	0	0	0	206.6666	206.6666	0	0	0
full_step	0.06000000000000001	0.039999999999999994	1	0	0	0	206.6666	206.6666	0	0	0
half_step_1	0.06000000000000001	0.019999999999999997	0	0	0	0	206.6666	206.6666	0	0	0
half_step_2	0.08000000000000002	0.019999999999999997	0	0	0	0	206.6666	206.6666	0	0	0
full_step	0.1	0.05000000000000001	1	0	0	0	206.6666	206.6666	0	0	0
full_step	0.1	0.025000000000000005	1	0	0	0	206.6666	206.6666	0	0	0
full_step	0.1	0.012500000000000002	1	0	0	0	206.6666	206.6666	0	0	0
half_step_1	0.1	0.006250000000000001	0	0	0	0	206.6666	206.6666	0	0	0
half_step_2	0.10625000000000001	0.006250000000000001	0	0	0	0	206.6666	206.6666	0	0	0
full_step	0.1125	0.05746957711326843	1	0	0	0	206.6666	206.6666	0	0	0
full_step	0.1125	0.028734788556634215	1	0	0	0	206.6666	206.6666	0	0	0
full_step	0.1125	0.014367394278317108	1	0	0	0	206.6666	206.6666	0	0	0
full_step	0.1125	0.007183697139158554	1	0	0	0	206.6666	206.6666	0	0	0
half_step_1	0.1125	0.003591848569579277	0	0	0	0	206.6666	206.6666	0	0	0
half_step_2	0.11609184856957928	0.003591848569579277	0	0	0	0	206.6666	206.6666	0	0	0
full_step	0.11968369713915855	0.03591848569579277	1	0	0	0	206.6666	206.6666	0	0	0
full_step	0.11968369713915855	0.017959242847896385	1	0	0	0	206.6666	206.6666	0	0	0
full_step	0.11968369713915855	0.008979621423948193	1	0	0	0	206.6666	206.6666	0	0	0
full_step	0.11968369713915855	0.004489810711974096	1	0	0	0	206.6666	206.6666	0	0	0
half_step_1	0.11968369713915855	0.002244905355987048	0	0	0	0	206.6666	206.6666	0	0	0
half_step_2	0.1219286024951456	0.002244905355987048	0	0	0	0	206.6666	206.6666	0	0	0
full_step	0.12417350785113265	0.02244905355987048	1	0	0	0	206.6666	206.6666	0	0	0
full_step	0.12417350785113265	0.01122452677993524	1	0	0	0	206.6666	206.6666	0	0	0
full_step	0.12417350785113265	0.00561226338996762	1	0	0	0	206.6666	206.6666	0	0	0
full_step	0.12417350785113265	0.00280613169498381	1	0	0	0	206.6666	206.6666	0	0	0
half_step_1	0.12417350785113265	0.001403065847491905	0	0	0	0	206.6666	206.6666	0	0	0
half_step_2	0.12557657369862457	0.001403065847491905	0	0	0	0	206.6666	206.6666	0	0	0
full_step	0.12697963954611646	0.01403065847491905	9	0	0	0	7410729435.074498	203994780.64776233	0.3198280622616494	-0.652568540466043	1340
half_step_1	0.12697963954611646	0.007015329237459525	8	0	0	0	7410729435.074498	201212552.6053516	0.3198280622616494	-0.652568540466043	1340
half_step_2	0.13399496878357597	0.007015329237459525	2	17	10	8.5	7410729435.074498	24664402.006080247	0.0022754837283400775	-0.7812700464907969	1483
full_step	0.1410102980210355	0.05746957711326843	3	5	3	1.6666666666666667	7410729435.074498	223909180.2250963	0.0002183579379106959	-0.7946874327694182	1492
full_step	0.1410102980210355	0.028734788556634215	3	5	4	1.6666666666666667	7410729435.074498	223583879.02238646	0.0002183579379106959	-0.7946874327694182	1492
half_step_1	0.1410102980210355	0.014367394278317108	1	7	7	7	7410729435.074498	193124.1237774898	0.0002183579379106959	-0.7946874327694182	1492
half_step_2	0.1553776922993526	0.014367394278317108	1	2	2	2	7410729435.074498	220961812.12832358	0.0002079904305674063	-0.7864060119803049	1488
full_step	0.16974508657766973	0.05746957711326884	2	3	2	1.5	7410729435.074498	196562805.98833892	9.227004875356215e-05	-0.7952542866606725	1486
full_step	0.16974508657766973	0.02873478855663442	2	3	2	1.5	7410729435.074498	215413099.32829538	9.227004875356215e-05	-0.7952542866606725	1486
full_step	0.16974508657766973	0.01436739427831721	2	1	1	0.5	7410729435.074498	220136894.21345213	9.227004875356215e-05	-0.7952542866606725	1486
half_step_1	0.16974508657766973	0.007183697139158605	1	0	0	0	7410729435.074498	218812795.52116424	9.227004875356215e-05	-0.7952542866606725	1486
half_step_2	0.17692878371682835	0.007183697139158605	1	0	0	0	7410729435.074498	219186958.0276219	2.3135445076150063e-05	-0.7852613938735179	1478
full_step	0.18411248085598694	0.057469577113268076	2	0	0	0	7410729435.074498	223242294.10354418	2.3166523874351697e-05	-0.794900045872786	1489
full_step	0.18411248085598694	0.028734788556634038	1	0	0	0	7410729435.074498	222974539.14416546	2.3166523874351697e-05	-0.794900045872786	1489
full_step	0.18411248085598694	0.014367394278317019	1	0	0	0	7410729435.074498	220251945.21507043	2.3166523874351697e-05	-0.794900045872786	1489
full_step	0.18411248085598694	0.0071836971391585095	1	0	0	0	7410729435.074498	218854746.448417	2.3166523874351697e-05	-0.794900045872786	1489
full_step	0.18411248085598694	0.0035918485695792548	1	0	0	0	7410729435.074498	213340203.9265903	2.3166523874351697e-05	-0.794900045872786	1489
half_step_1	0.18411248085598694	0.0017959242847896274	1	0	0	0	7410729435.074498	143328653.48757082	2.3166523874351697e-05	-0.794900045872786	1489
half_step_2	0.18590840514077658	0.0017959242847896274	1	6	6	6	7410729435.074498	35423.80403981462	2.214025130342634e-06	-0.7919669196677818	1485
full_step	0.1877043294255662	0.017959242847896274	1	0	0	0	7410729435.074498	221090165.59570384	2.235766487501678e-06	-0.7996493821140858	1493
full_step	0.1877043294255662	0.008979621423948137	1	0	0	0	7410729435.074498	219287715.80164585	2.235766487501678e-06	-0.7996493821140858	1493
full_step	0.1877043294255662	0.004489810711974069	1	0	0	0	7410729435.074498	217393456.53815117	2.235766487501678e-06	-0.7996493821140858	1493
full_step	0.1877043294255662	0.0022449053559870343	1	0	0	0	7410729435.074498	177136142.192967	2.235766487501678e-06	-0.7996493821140858	1493
full_step	0.1877043294255662	0.0011224526779935171	1	0	0	0	7410729435.074498	72246152.65146658	2.235766487501678e-06	-0.7996493821140858	1493
half_step_1	0.1877043294255662	0.0005612263389967586	1	0	0	0	7410729435.074498	18199435.68132887	2.235766487501678e-06	-0.7996493821140858	1493
half_step_2	0.18826555576456294	0.0005612263389967586	1	0	0	0	7410729435.074498	18199143.917709332	1.700978373264661e-06	-0.8033535321219183	1502
full_step	0.18882678210355971	0.005612263389967585	1	0	0	0	7410729435.074498	218639343.1171317	1.7009733710438013e-06	-0.7879929819503668	1480
full_step	0.18882678210355971	0.0028061316949837926	1	0	0	0	7410729435.074498	201118866.50821212	1.7009733710438013e-06	-0.7879929819503668	1480
full_step	0.18882678210355971	0.0014030658474918963	1	0	0	0	7410729435.074498	104908534.51698273	1.7009733710438013e-06	-0.7879929819503668	1480
full_step	0.18882678210355971	0.0007015329237459482	1	0	0	0	7410729435.074498	28436031.372441646	1.7009733710438013e-06	-0.7879929819503668	1480
full_step	0.18882678210355971	0.0003507664618729741	1	0	0	0	7410729435.074498	7109161.628830201	1.7009733710438013e-06	-0.7879929819503668	1480
half_step_1	0.18882678210355971	0.00017538323093648704	0	0	0	0	7410729435.074498	7109161.628830201	1.7009733710438013e-06	-0.7879929819503668	1480
half_step_2	0.1890021653344962	0.00017538323093648704	0	0	0	0	7410729435.074498	7109161.628830201	1.7009667772072135e-06	-0.7965317939328438	1496
full_step	0.1891775485654327	0.0017538323093648704	15	0	0	0	7410729435.074498	139990838.71166584	1.7009488146868534e-06	-1.0075331079534589	5996
half_step_1	0.1891775485654327	0.0008769161546824352	15	0	0	0	7410729435.074498	44635815.824108526	1.7009488146868534e-06	-1.0075331079534589	5996
half_step_2	0.19005446472011514	0.0008769161546824352	4	14	7	3.5	7410729435.074498	44453159.16011035	0.0003659747628717014	-0.9037151142983962	5912
full_step	0.19093138087479758	0.008769161546824352	13	8	5	0.6153846153846154	7410729435.074498	215050959.19329077	7.659373977730866e-06	-0.8586441060888971	5922
half_step_1	0.19093138087479758	0.004384580773412176	1	2	2	2	7410729435.074498	40981677.2996104	7.659373977730866e-06	-0.8586441060888971	5922
half_step_2	0.19531596164820975	0.004384580773412176	6	4	4	0.6666666666666666	7410729435.074498	215502507.6037225	0.001410568649362176	-0.7344329347276305	5945
full_step	0.19970054242162194	0.043845807734121764	1	8	8	8	7410729435.074498	386968188.56151927	0.00017322014741694147	-0.7191665834818333	5964
full_step	0.19970054242162194	0.021922903867060882	1	7	7	7	7410729435.074498	90258042.85546863	0.00017322014741694147	-0.7191665834818333	5964
half_step_1	0.19970054242162194	0.010961451933530441	1	7	7	7	7410729435.074498	17707205.390232377	0.00017322014741694147	-0.7191665834818333	5964
half_step_2	0.21066199435515237	0.010961451933530441	3	0	0	0	7410729435.074498	225500203.68761146	0.00240677415808932	-0.6851877765514587	5955
full_step	0.22162344628868283	0.0574721336292411	4	2	2	0.5	7410729435.074498	239295237.06337252	0.009389886457483954	-0.6704642924898927	5997
full_step	0.22162344628868283	0.02873606681462055	4	6	4	1.5	7410729435.074498	237329326.09654015	0.009389886457483954	-0.6704642924898927	5997
full_step	0.22162344628868283	0.014368033407310275	1	2	2	2	7410729435.074498	76723717.40747084	0.009389886457483954	-0.6704642924898927	5997
half_step_1	0.22162344628868283	0.007184016703655137	3	9	4	3	7410729435.074498	219464953.18424836	0.009389886457483954	-0.6704642924898927	5997
half_step_2	0.22880746299233798	0.007184016703655137	3	6	4	2	7410729435.074498	220163387.82521173	0.00876067041508577	-0.6653396560391861	6108
full_step	0.2359914796959931	0.03318275625102737	3	3	3	1	7410729435.074498	241970373.79663935	0.0037763093396279146	-0.6797849697385974	6155
full_step	0.2359914796959931	0.016591378125513687	3	5	5	1.6666666666666667	7410729435.074498	229668647.70012856	0.0037763093396279146	-0.6797849697385974	6155
full_step	0.2359914796959931	0.008295689062756843	3	0	0	0	7410729435.074498	219392791.86858618	0.0037763093396279146	-0.6797849697385974	6155
full_step	0.2359914796959931	0.004147844531378422	3	0	0	0	7410729435.074498	216128150.36731744	0.0037763093396279146	-0.6797849697385974	6155
full_step	0.2359914796959931	0.002073922265689211	3	5	3	1.6666666666666667	7410729435.074498	165927187.82917076	0.0037763093396279146	-0.6797849697385974	6155
full_step	0.2359914796959931	0.0010369611328446054	3	5	3	1.6666666666666667	7410729435.074498	63995033.814149156	0.0037763093396279146	-0.6797849697385974	6155
half_step_1	0.2359914796959931	0.0005184805664223027	3	0	0	0	7410729435.074498	17430455.61699645	0.0037763093396279146	-0.6797849697385974	6155
half_step_2	0.23650996026241541	0.0005184805664223027	1	6	6	6	7410729435.074498	237144.45748029312	0.0003909543161171314	-0.6876637534353016	6123
full_step	0.2370284408288377	0.005184805664223027	5	19	13	3.8	7410729435.074498	219160029.0452893	3.5655643841892015e-06	-0.6825991145749367	6115
full_step	0.2370284408288377	0.0025924028321115135	5	22	9	4.4	7410729435.074498	193250451.82053068	3.5655643841892015e-06	-0.6825991145749367	6115
full_step	0.2370284408288377	0.0012962014160557568	7	26	7	3.7142857142857144	7410729435.074498	89346615.51780547	3.5655643841892015e-06	-0.6825991145749367	6115
full_step	0.2370284408288377	0.0006481007080278784	6	9	6	1.5	7410729435.074498	10889279.860209582	3.5655643841892015e-06	-0.6825991145749367	6115
half_step_1	0.2370284408288377	0.0003240503540139392	4	7	5	1.75	7410729435.074498	2621516.9280015766	3.5655643841892015e-06	-0.6825991145749367	6115
half_step_2	0.23735249118285165	0.0003240503540139392	3	4	4	1.3333333333333333	7410729435.074498	4503953.631055978	2.652629177646304e-05	-0.6655132887887629	6075
full_step	0.23767654153686557	0.003240503540139392	3	0	0	0	7410729435.074498	218547033.59130436	1.0677998375285824e-05	-0.6597506436693706	6083
full_step	0.23767654153686557	0.001620251770069696	8	5	5	0.625	7410729435.074498	127025188.210912	1.0677998375285824e-05	-0.6597506436693706	6083
full_step	0.23767654153686557	0.000810125885034848	3	7	7	2.3333333333333335	7410729435.074498	38418946.503634125	1.0677998375285824e-05	-0.6597506436693706	6083
full_step	0.23767654153686557	0.000405062942517424	3	3	3	1	7410729435.074498	6567649.362867268	1.0677998375285824e-05	-0.6597506436693706	6083
full_step	0.23767654153686557	0.000202531471258712	2	2	2	1	7410729435.074498	2370205.4172961228	1.0677998375285824e-05	-0.6597506436693706	6083
half_step_1	0.23767654153686557	0.000101265735629356	1	2	2	2	7410729435.074498	592691.6931690942	1.0677998375285824e-05	-0.6597506436693706	6083
half_step_2	0.23777780727249492	0.000101265735629356	19	3	3	0.15789473684210525	7410729435.074498	9213279.076060811	1.7141900343631278e-06	-0.9131551058057474	10644
full_step	0.23787907300812428	0.00101265735629356	17	41	19	2.411764705882353	7410729435.074498	209029186.04521933	0.0030911113876754825	-0.8807410945429942	11240
half_step_1	0.23787907300812428	0.00050632867814678	19	39	12	2.0526315789473686	7410729435.074498	181070067.6652747	0.0030911113876754825	-0.8807410945429942	11240
half_step_2	0.23838540168627106	0.00050632867814678	5	18	8	3.6	7410729435.074498	165671793.2353057	0.0014138643782644067	-0.8332131759312464	11191
full_step	0.23889173036441783	0.0050632867814677995	13	12	6	0.9230769230769231	7410729435.074498	260451082.34988913	0.0013517101003799326	-0.8101980218579152	11165
half_step_1	0.23889173036441783	0.0025316433907338998	14	13	5	0.9285714285714286	7410729435.074498	225467331.94876704	0.0013517101003799326	-0.8101980218579152	11165
half_step_2	0.24142337375515172	0.0025316433907338998	5	17	10	3.4	7410729435.074498	222665248.16315833	0.001243436341837878	-0.7879434157591433	10998
full_step	0.24395501714588563	0.025316433907339	3	0	0	0	7410729435.074498	419694364.3204517	0.0011126395784231136	-0.7650339273235427	11000
half_step_1	0.24395501714588563	0.0126582169536695	14	7	4	0.5	7410729435.074498	277792957.2842667	0.0011126395784231136	-0.7650339273235427	11000
half_step_2	0.2566132340995551	0.0126582169536695	11	11	7	1	7410729435.074498	275094781.1521461	0.001134613943122531	-0.767676539052986	11048
full_step	0.26927145105322464	0.05746957711326917	3	0	0	0	7410729435.074498	394930000.7021128	0.0011375552342087758	-0.74252829200024	11038
full_step	0.26927145105322464	0.028734788556634586	3	0	0	0	7410729435.074498	323863853.27198553	0.0011375552342087758	-0.74252829200024	11038
full_step	0.26927145105322464	0.014367394278317293	3	4	4	1.3333333333333333	7410729435.074498	289397997.82263	0.0011375552342087758	-0.74252829200024	11038
full_step	0.26927145105322464	0.007183697139158647	4	17	11	4.25	7410729435.074498	259510797.90070042	0.0011375552342087758	-0.74252829200024	11038
half_step_1	0.26927145105322464	0.0035918485695793233	5	20	12	4	7410729435.074498	237833196.62583125	0.0011375552342087758	-0.74252829200024	11038
half_step_2	0.272863299622804	0.0035918485695793233	1	6	6	6	7410729435.074498	215714740.73132098	0.0009791509128262987	-0.7364163876054763	11107
full_step	0.2764551481923833	0.035918485695793236	3	0	0	0	7410729435.074498	339428871.5714127	0.0008998061794045498	-0.7324981490064612	10979
full_step	0.2764551481923833	0.017959242847896618	3	0	0	0	7410729435.074498	295218443.2976978	0.0008998061794045498	-0.7324981490064612	10979
full_step	0.2764551481923833	0.008979621423948309	3	0	0	0	7410729435.074498	265103385.78276774	0.0008998061794045498	-0.7324981490064612	10979
full_step	0.2764551481923833	0.0044898107119741544	4	6	6	1.5	7410729435.074498	236429317.07199433	0.0008998061794045498	-0.7324981490064612	10979
full_step	0.2764551481923833	0.0022449053559870772	5	11	8	2.2	7410729435.074498	199347859.13388845	0.0008998061794045498	-0.7324981490064612	10979
full_step	0.2764551481923833	0.0011224526779935386	5	9	7	1.8	7410729435.074498	154475245.36513367	0.0008998061794045498	-0.7324981490064612	10979
half_step_1	0.2764551481923833	0.0005612263389967693	2	0	0	0	7410729435.074498	162450542.5506954	0.0008998061794045498	-0.7324981490064612	10979
half_step_2	0.27701637453138006	0.0005612263389967693	1	2	2	2	7410729435.074498	161284968.96121094	0.0008596592615504051	-0.7222950825198226	10919
full_step	0.27757760087037686	0.005612263389967693	3	0	0	0	7410729435.074498	271623572.0951542	0.0008320100928358443	-0.7141328339661945	10972
full_step	0.27757760087037686	0.0028061316949838464	3	0	0	0	7410729435.074498	219723890.20704237	0.0008320100928358443	-0.7141328339661945	10972
full_step	0.27757760087037686	0.0014030658474919232	3	0	0	0	7410729435.074498	154640988.8707548	0.0008320100928358443	-0.7141328339661945	10972
full_step	0.27757760087037686	0.0007015329237459616	3	6	6	2	7410729435.074498	156115624.9061853	0.0008320100928358443	-0.7141328339661945	10972
half_step_1	0.27757760087037686	0.0003507664618729808	2	0	0	0	7410729435.074498	119722811.41261768	0.0008320100928358443	-0.7141328339661945	10972
half_step_2	0.27792836733224985	0.0003507664618729808	1	2	2	2	7410729435.074498	119147025.93801379	0.000808235368140231	-0.7148775721470618	10924
full_step	0.27827913379412283	0.003507664618729808	17	13	5	0.7647058823529411	32141167763.134014	365169153.5413147	0.7408751903030861	-0.7485329787820117	20581
half_step_1	0.27827913379412283	0.001753832309364904	17	9	4	0.5294117647058824	32141167763.134014	331071127.36201644	0.7408751903030861	-0.7485329787820117	20581
half_step_2	0.2800329661034877	0.001753832309364904	10	8	5	0.8	32141167763.134014	309851424.7132597	0.7160893819109333	-0.7524572453536854	20932
full_step	0.28178679841285265	0.01753832309364904	5	8	3	1.6	32141167763.134014	465953607.99930966	0.6846740106307152	-0.7532646088639983	20811
half_step_1	0.28178679841285265	0.00876916154682452	1	2	2	2	32141167763.134014	497194074.89056784	0.6846740106307152	-0.7532646088639983	20811
half_step_2	0.29055595995967715	0.00876916154682452	3	6	3	2	32141167763.134014	461689138.6493306	0.6708327028663916	-0.8458233150811081	22203
full_step	0.2993251215065017	0.05746957711326866	1	2	2	2	32141167763.134014	620505557.6882164	0.6139648592395588	-0.8333039808576935	21682
full_step	0.2993251215065017	0.02873478855663433	1	2	2	2	32141167763.134014	594363239.3166809	0.6139648592395588	-0.8333039808576935	21682
full_step	0.2993251215065017	0.014367394278317165	1	6	6	6	32141167763.134014	437899226.00961274	0.6139648592395588	-0.8333039808576935	21682
half_step_1	0.2993251215065017	0.007183697139158582	4	3	3	0.75	32141167763.134014	381900131.49874884	0.6139648592395588	-0.8333039808576935	21682
half_step_2	0.30650881864566026	0.007183697139158582	3	2	2	0.6666666666666666	32141167763.134014	407174299.64790016	0.5790506161788471	-0.8334155081931459	21321
full_step	0.2993251215065017	0.007183697139158582	1	6	6	6	32141167763.134014	375839954.98211354	0.6139648592395588	-0.8333039808576935	21682
half_step_1	0.2993251215065017	0.003591848569579291	4	2	2	0.5	32141167763.134014	348284147.0666024	0.6139648592395588	-0.8333039808576935	21682
half_step_2	0.302916970076081	0.003591848569579291	4	6	3	1.5	32141167763.134014	350767735.5144055	0.5840228910969927	-0.8197063725890249	21106
full_step	0.30650881864566026	0.033181841519310466	4	3	3	0.75	32141167763.134014	504108046.4373389	0.5568269331408828	-0.8552810952648984	21734
full_step	0.30650881864566026	0.016590920759655233	4	3	3	0.75	32141167763.134014	459971483.0373477	0.5568269331408828	-0.8552810952648984	21734
full_step	0.30650881864566026	0.008295460379827617	3	2	2	0.6666666666666666	32141167763.134014	421736891.2910403	0.5568269331408828	-0.8552810952648984	21734
full_step	0.30650881864566026	0.004147730189913808	3	4	4	1.3333333333333333	32141167763.134014	369456971.9822073	0.5568269331408828	-0.8552810952648984	21734
half_step_1	0.30650881864566026	0.002073865094956904	2	0	0	0	32141167763.134014	296298414.67655045	0.5568269331408828	-0.8552810952648984	21734
half_step_2	0.30858268374061715	0.002073865094956904	2	0	0	0	32141167763.134014	285585439.7987609	0.5370996756701061	-0.8398256418614627	21284
full_step	0.3106565488355741	0.020738650949569042	4	3	3	0.75	32141167763.134014	449108563.88427055	0.5222176541583394	-0.8463565894858371	21239
full_step	0.3106565488355741	0.010369325474784521	4	2	2	0.5	32141167763.134014	397497635.3729423	0.5222176541583394	-0.8463565894858371	21239
full_step	0.3106565488355741	0.005184662737392261	3	2	2	0.6666666666666666	32141167763.134014	349890524.8272108	0.5222176541583394	-0.8463565894858371	21239
full_step	0.3106565488355741	0.0025923313686961303	3	2	2	0.6666666666666666	32141167763.134014	302728194.16791487	0.5222176541583394	-0.8463565894858371	21239
half_step_1	0.3106565488355741	0.0012961656843480651	3	0	0	0	32141167763.134014	232538699.35009715	0.5222176541583394	-0.8463565894858371	21239
half_step_2	0.3119527145199221	0.0012961656843480651	3	0	0	0	32141167763.134014	231325343.12704697	0.5063119835476755	-0.8515710395278361	21293
full_step	0.3132488802042702	0.012961656843480652	4	3	3	0.75	32141167763.134014	411253727.8491403	0.49148290701668884	-0.8792008188149528	21756
full_step	0.3132488802042702	0.006480828421740326	3	3	3	1	32141167763.134014	378556053.8702171	0.49148290701668884	-0.8792008188149528	21756
full_step	0.3132488802042702	0.003240414210870163	3	2	2	0.6666666666666666	32141167763.134014	325827685.20544696	0.49148290701668884	-0.8792008188149528	21756
full_step	0.3132488802042702	0.0016202071054350815	3	2	2	0.6666666666666666	32141167763.134014	251929083.0706828	0.49148290701668884	-0.8792008188149528	21756
full_step	0.3132488802042702	0.0008101035527175407	3	0	0	0	32141167763.134014	209891920.39104488	0.49148290701668884	-0.8792008188149528	21756
full_step	0.3132488802042702	0.00040505177635877037	3	0	0	0	32141167763.134014	198902710.05813468	0.49148290701668884	-0.8792008188149528	21756
half_step_1	0.3132488802042702	0.00020252588817938519	4	0	0	0	32141167763.134014	160718946.3430553	0.49148290701668884	-0.8792008188149528	21756
half_step_2	0.3134514060924496	0.00020252588817938519	16	0	0	0	32141167763.134014	189479288.56291875	0.4793668674710716	-1.0854387247843718	27256
full_step	0.31365393198062896	0.0015844636885049002	18	42	10	2.3333333333333335	32141167763.134014	291462942.8793893	0.46905038676322874	-1.0671676602986415	28120
half_step_1	0.31365393198062896	0.0007922318442524501	19	46	13	2.4210526315789473	32141167763.134014	326015613.4377971	0.46905038676322874	-1.0671676602986415	28120
half_step_2	0.31444616382488144	0.0007922318442524501	10	7	4	0.7	32141167763.134014	377614811.89690363	0.45461969129519275	-1.043049958307128	28037
full_step	0.31523839566913386	0.0079223184425245	12	4	4	0.3333333333333333	32141167763.134014	345390246.4115143	0.44032787730611744	-1.0224942351075472	28126
half_step_1	0.31523839566913386	0.00396115922126225	13	9	3	0.6923076923076923	32141167763.134014	415399558.287983	0.44032787730611744	-1.0224942351075472	28126
half_step_2	0.3191995548903961	0.00396115922126225	5	4	4	0.8	32141167763.134014	487930377.98328584	0.42725262029580335	-1.0093961128278244	28013
full_step	0.32316071411165836	0.039611592212622504	9	13	4	1.4444444444444444	32141167763.134014	273060640.1554666	0.4134974042071917	-1.000149667949705	28061
half_step_1	0.32316071411165836	0.019805796106311252	8	0	0	0	32141167763.134014	161994560.25140512	0.4134974042071917	-1.000149667949705	28061
half_step_2	0.34296651021796964	0.019805796106311252	5	23	13	4.6	32141167763.134014	28055667.390661824	0.3928046941964567	-0.9843815162325049	28110
full_step	0.36277230632428087	0.1	6	3	3	0.5	32141167763.134014	58743863.240783654	0.37536889689363306	-0.9815399110775497	28233
half_step_1	0.36277230632428087	0.05	5	8	4	1.6	32141167763.134014	35314606.22942081	0.37536889689363306	-0.9815399110775497	28233
half_step_2	0.41277230632428086	0.05	6	15	9	2.5	32141167763.134014	16492620.904215427	0.35643410427837807	-0.9981380790312951	29346
full_step	0.4627723063242809	0.09999999999999998	3	0	0	0	32141167763.134014	18376853.42242284	0.34420768009681524	-1.0434807223982765	30697
half_step_1	0.4627723063242809	0.04999999999999999	4	3	3	0.75	32141167763.134014	16209659.639237935	0.34420768009681524	-1.0434807223982765	30697
half_step_2	0.5127723063242808	0.04999999999999999	11	6	3	0.5454545454545454	32141167763.134014	20109712.81341376	0.325698980164816	-1.0897091384209838	32350
full_step	0.5627723063242809	0.09999999999999998	3	0	0	0	32141167763.134014	15430507.73961344	0.3134984712014557	-1.0825094883446948	32465
half_step_1	0.5627723063242809	0.04999999999999999	4	3	3	0.75	32141167763.134014	13283387.32742501	0.3134984712014557	-1.0825094883446948	32465
half_step_2	0.6127723063242809	0.04999999999999999	4	3	3	0.75	32141167763.134014	22443339.480322365	0.29521087447392347	-1.0895117226380326	32799
full_step	0.6627723063242809	0.09999999999999998	3	0	0	0	32141167763.134014	16805244.598242164	0.2837899049936823	-1.1199684969178463	34171
half_step_1	0.6627723063242809	0.04999999999999999	2	3	3	1.5	32141167763.134014	14326762.909775324	0.2837899049936823	-1.1199684969178463	34171
half_step_2	0.7127723063242808	0.04999999999999999	2	2	2	1	32141167763.134014	9578633.900432983	0.265150305993302	-1.1244119396762668	34439
full_step	0.7627723063242808	0.09999999999999998	2	2	2	1	32141167763.134014	21356376.32874282	0.25325667436936783	-1.1222269269380563	34268
half_step_1	0.7627723063242808	0.04999999999999999	2	2	2	1	32141167763.134014	25371023.511213623	0.25325667436936783	-1.1222269269380563	34268
half_step_2	0.8127723063242809	0.04999999999999999	3	0	0	0	32141167763.134014	13152676.532088123	0.24071543617992575	-1.119984882935385	34114
full_step	0.8627723063242808	0.09999999999999998	5	2	2	0.4	32141167763.134014	15436092.809904976	0.2306713364141615	-1.1274340895049006	34426
half_step_1	0.8627723063242808	0.04999999999999999	2	0	0	0	32141167763.134014	16889640.938145563	0.2306713364141615	-1.1274340895049006	34426
half_step_2	0.9127723063242807	0.04999999999999999	3	0	0	0	32141167763.134014	13496688.266874898	0.21968427511887967	-1.1167493924925544	34098
full_step	0.9627723063242808	0.1	3	2	2	0.6666666666666666	32141167763.134014	13439927.982946718	0.20921877856562787	-1.130367577602814	34364
half_step_1	0.9627723063242808	0.05	2	2	2	1	32141167763.134014	11927032.42806543	0.20921877856562787	-1.130367577602814	34364
half_step_2	1.0127723063242808	0.05	3	0	0	0	32141167763.134014	10543626.880227959	0.199077509878407	-1.1212579947824566	34124
full_step	1.0627723063242809	0.1	2	5	3	2.5	32141167763.134014	9800924.642575987	0.19170304926410608	-1.128031012510715	34311
half_step_1	1.0627723063242809	0.05	4	4	4	1	32141167763.134014	13045288.494235702	0.19170304926410608	-1.128031012510715	34311
half_step_2	1.112772306324281	0.05	2	5	3	2.5	32141167763.134014	10814685.334531244	0.1817967155820952	-1.1296568598700907	34359
full_step	1.162772306324281	0.1	3	4	2	1.3333333333333333	32141167763.134014	8898058.52891991	0.17279520118677283	-1.15122306288988	35027
half_step_1	1.162772306324281	0.05	2	4	2	2	32141167763.134014	4613946.666125859	0.17279520118677283	-1.15122306288988	35027
half_step_2	1.212772306324281	0.05	2	2	2	1	32141167763.134014	4166479.039677741	0.16517357935754262	-1.143842838418727	34703
full_step	1.262772306324281	0.1	2	2	2	1	32141167763.134014	8380939.055151346	0.1569539462270768	-1.1433237191062546	34551
half_step_1	1.262772306324281	0.05	2	2	2	1	32141167763.134014	4059935.427673907	0.1569539462270768	-1.1433237191062546	34551
half_step_2	1.312772306324281	0.05	2	2	2	1	32141167763.134014	3981852.9564867322	0.15026404525633552	-1.1433027879467985	34662
full_step	1.3627723063242811	0.1	2	2	2	1	32141167763.134014	8486600.444928562	0.14368196070154227	-1.1529612943166685	34808
half_step_1	1.3627723063242811	0.05	2	2	2	1	32141167763.134014	4095971.996181573	0.14368196070154227	-1.1529612943166685	34808
half_step_2	1.4127723063242812	0.05	2	2	2	1	32141167763.134014	3973056.7123296065	0.13751461373885832	-1.145112055638828	34633
full_step	1.4627723063242812	0.1	2	2	2	1	32141167763.134014	8277768.87066292	0.13229644877469582	-1.1467114229108317	34644
half_step_1	1.4627723063242812	0.05	2	2	2	1	32141167763.134014	3996975.249122005	0.13229644877469582	-1.1467114229108317	34644
half_step_2	1.5127723063242813	0.05	2	2	2	1	32141167763.134014	3986906.7920341995	0.12534804723327397	-1.151420953171462	34618
full_step	1.5627723063242813	0.1	2	2	2	1	32141167763.134014	8123400.772484775	0.11950804973275808	-1.1511600535588156	34651
half_step_1	1.5627723063242813	0.05	2	2	2	1	32141167763.134014	3956894.6543314434	0.11950804973275808	-1.1511600535588156	34651
half_step_2	1.6127723063242814	0.05	2	2	2	1	32141167763.134014	3978223.0304674883	0.11416456743972958	-1.154405674576309	34585
full_step	1.6627723063242814	0.1	2	2	2	1	32141167763.134014	8177690.577349002	0.10894525605181116	-1.1536419289994937	34606
half_step_1	1.6627723063242814	0.05	2	2	2	1	32141167763.134014	4029450.638879447	0.10894525605181116	-1.1536419289994937	34606
half_step_2	1.7127723063242815	0.05	2	2	2	1	32141167763.134014	3928534.0843605883	0.10375092724098067	-1.1551906474890765	34649
full_step	1.7627723063242815	0.1	2	2	2	1	32141167763.134014	8090904.387210119	0.09990979779126974	-1.1569739563290562	34562
half_step_1	1.7627723063242815	0.05	2	2	2	1	32141167763.134014	4011285.5090630488	0.09990979779126974	-1.1569739563290562	34562
half_step_2	1.8127723063242815	0.05	2	2	2	1	32141167763.134014	3907236.7874649963	0.0962261418246726	-1.1573005524476059	34658
full_step	1.8627723063242816	0.1	2	2	2	1	32141167763.134014	8006912.212275218	0.09172886734813801	-1.1597421981134848	34668
half_step_1	1.8627723063242816	0.05	2	2	2	1	32141167763.134014	3991361.269411452	0.09172886734813801	-1.1597421981134848	34668
half_step_2	1.9127723063242816	0.05	2	2	2	1	32141167763.134014	3940606.9896732997	0.08668268350356811	-1.1598244531931876	34637
full_step	1.9627723063242817	0.1	2	0	0	0	32141167763.134014	7879343.332164036	0.0832562743953531	-1.1640322364684412	34616
half_step_1	1.9627723063242817	0.05	2	4	2	2	32141167763.134014	3958551.9237601617	0.0832562743953531	-1.1640322364684412	34616
half_step_2	2.0127723063242815	0.05	2	2	2	1	32141167763.134014	3929406.4688612237	0.07956275721971906	-1.161767835064017	34732
full_step	2.0627723063242818	0.1	2	0	0	0	32141167763.134014	7816815.889518825	0.07621504850249039	-1.163244180457317	34533
half_step_1	2.0627723063242818	0.05	2	2	2	1	32141167763.134014	3937111.0349844676	0.07621504850249039	-1.163244180457317	34533
half_step_2	2.1127723063242816	0.05	2	2	2	1	32141167763.134014	3948400.9399822997	0.0731091802181254	-1.164476638605452	34589
full_step	2.162772306324282	0.1	2	0	0	0	32141167763.134014	7749219.87416342	0.07043234260345344	-1.1650106324736038	34631
half_step_1	2.162772306324282	0.05	2	2	2	1	32141167763.134014	3923495.278066128	0.07043234260345344	-1.1650106324736038	34631
half_step_2	2.2127723063242817	0.05	2	2	2	1	32141167763.134014	3933927.923032237	0.06715794529009145	-1.1661219985205298	34615
full_step	2.262772306324282	0.1	2	0	0	0	32141167763.134014	7685381.491293911	0.06395597270056896	-1.1669037450722608	34677
half_step_1	2.262772306324282	0.05	2	2	2	1	32141167763.134014	3879934.582591185	0.06395597270056896	-1.1669037450722608	34677
half_step_2	2.3127723063242818	0.05	2	2	2	1	32141167763.134014	3868901.872949057	0.06115291112109844	-1.1689494754496423	34618
full_step	2.362772306324282	0.1	2	0	0	0	32141167763.134014	7719803.7255875375	0.05835568183556461	-1.1684547881218874	34630
half_step_1	2.362772306324282	0.05	2	2	2	1	32141167763.134014	3878644.926188946	0.05835568183556461	-1.1684547881218874	34630
half_step_2	2.412772306324282	0.05	2	2	2	1	32141167763.134014	3894402.8591112182	0.05610386845728499	-1.169332459260955	34623
full_step	2.462772306324282	0.1	2	0	0	0	32141167763.134014	7631149.664631723	0.05298332088182178	-1.1716204145423372	34587
half_step_1	2.462772306324282	0.05	2	2	2	1	32141167763.134014	3797521.8669056646	0.05298332088182178	-1.1716204145423372	34587
half_step_2	2.512772306324282	0.05	2	2	2	1	32141167763.134014	3789159.5179203865	0.05051638710665429	-1.1723282804257658	34657
full_step	2.562772306324282	0.1	2	0	0	0	32141167763.134014	7676680.834918762	0.048040524213092795	-1.168611095895175	34634
half_step_1	2.562772306324282	0.05	2	2	2	1	32141167763.134014	3789265.715860357	0.048040524213092795	-1.168611095895175	34634
half_step_2	2.612772306324282	0.05	2	2	2	1	32141167763.134014	3759691.4648947595	0.045598948796396144	-1.1722437292740056	34697
full_step	2.6627723063242823	0.1	2	2	2	1	32141167763.134014	7810880.4915856775	0.04390985070858733	-1.1724518330291445	34514
half_step_1	2.6627723063242823	0.05	2	2	2	1	32141167763.134014	3841766.4161296817	0.04390985070858733	-1.1724518330291445	34514
half_step_2	2.712772306324282	0.05	2	2	2	1	32141167763.134014	3699072.462794981	0.04108866813930945	-1.1753245707108257	34605
full_step	2.7627723063242824	0.1	2	3	2	1.5	32141167763.134014	7652977.721778779	0.03859852866480651	-1.172419738244529	34610
half_step_1	2.7627723063242824	0.05	2	0	0	0	32141167763.134014	3748748.6908049933	0.03859852866480651	-1.172419738244529	34610
half_step_2	2.812772306324282	0.05	2	2	2	1	32141167763.134014	3727056.6473548985	0.03639249425941671	-1.1781386789778443	34586
full_step	2.8627723063242825	0.1	2	3	2	1.5	32141167763.134014	7714082.988238035	0.03432019682622922	-1.1750678113507245	34621
half_step_1	2.8627723063242825	0.05	2	0	0	0	32141167763.134014	3779504.3863823437	0.03432019682622922	-1.1750678113507245	34621
half_step_2	2.9127723063242823	0.05	2	2	2	1	32141167763.134014	3653568.0994290803	0.03235078970783434	-1.1773282278623314	34597
full_step	2.9627723063242826	0.03722769367571743	1	0	0	0	32141167763.134014	2747967.1041902006	0.030308902020806272	-1.1696877374768913	34336
half_step_1	2.9627723063242826	0.018613846837858716	2	0	0	0	32141167763.134014	1426660.4914742478	0.030308902020806272	-1.1696877374768913	34336
half_step_2	2.9813861531621413	0.018613846837858716	1	2	2	2	32141167763.134014	305479857.0419771	0.02896504436739633	-1.172172259592171	34370
